parent_name,child_label,child_name,depth_discovered
Infantry fighting vehicle IFV-24A,System,Infantry fighting vehicle IFV-24A / Protection,1
Infantry fighting vehicle IFV-24A,System,Infantry fighting vehicle IFV-24A / Mobility,1
Infantry fighting vehicle IFV-24A,System,Infantry fighting vehicle IFV-24A / Fire control,1
Infantry fighting vehicle IFV-24A,System,Infantry fighting vehicle IFV-24A / Power,1
Infantry fighting vehicle IFV-24A,System,Infantry fighting vehicle IFV-24A / Weapon station,1
Infantry fighting vehicle IFV-24A,System,Infantry fighting vehicle IFV-24A / Datalink & comms,1
Jet-powered target drone JPTD-12A,System,Jet-powered target drone JPTD-12A / Power,1
Jet-powered target drone JPTD-12A,System,Jet-powered target drone JPTD-12A / Airframe,1
Jet-powered target drone JPTD-12A,System,Jet-powered target drone JPTD-12A / Datalink & comms,1
Jet-powered target drone JPTD-12A,System,Jet-powered target drone JPTD-12A / Jet propulsion,1
Jet-powered target drone JPTD-12A,System,Jet-powered target drone JPTD-12A / Guidance & navigation,1
Anti-tank guided missile ATGM-75A,System,Anti-tank guided missile ATGM-75A / Power,1
Anti-tank guided missile ATGM-75A,System,Anti-tank guided missile ATGM-75A / Warhead & fuzing,1
Anti-tank guided missile ATGM-75A,System,Anti-tank guided missile ATGM-75A / EO/IR seeker,1
Anti-tank guided missile ATGM-75A,System,Anti-tank guided missile ATGM-75A / Guidance & navigation,1
Anti-tank guided missile ATGM-75A,System,Anti-tank guided missile ATGM-75A / Rocket propulsion,1
Anti-tank guided missile ATGM-75A,System,Anti-tank guided missile ATGM-75A / Airframe,1
FPV strike drone FSD-13A,System,FPV strike drone FSD-13A / Power,1
FPV strike drone FSD-13A,System,FPV strike drone FSD-13A / Warhead & fuzing,1
FPV strike drone FSD-13A,System,FPV strike drone FSD-13A / Datalink & comms,1
FPV strike drone FSD-13A,System,FPV strike drone FSD-13A / Airframe,1
FPV strike drone FSD-13A,System,FPV strike drone FSD-13A / Electric propulsion,1
FPV strike drone FSD-13A,System,FPV strike drone FSD-13A / Guidance & navigation,1
Ground surveillance radar GSR-97A,System,Ground surveillance radar GSR-97A / Power,1
Ground surveillance radar GSR-97A,System,Ground surveillance radar GSR-97A / Radar,1
Ground surveillance radar GSR-97A,System,Ground surveillance radar GSR-97A / Datalink & comms,1
Ground surveillance radar GSR-97A,System,Ground surveillance radar GSR-97A / Protection,1
SHORAD system SS-35A,System,SHORAD system SS-35A / Radar,1
SHORAD system SS-35A,System,SHORAD system SS-35A / Fire control,1
SHORAD system SS-35A,System,SHORAD system SS-35A / Mobility,1
SHORAD system SS-35A,System,SHORAD system SS-35A / Datalink & comms,1
SHORAD system SS-35A,System,SHORAD system SS-35A / Weapon station,1
SHORAD system SS-35A,System,SHORAD system SS-35A / Power,1
Guided MLRS rocket GMR-69A,System,Guided MLRS rocket GMR-69A / Airframe,1
Guided MLRS rocket GMR-69A,System,Guided MLRS rocket GMR-69A / Rocket propulsion,1
Guided MLRS rocket GMR-69A,System,Guided MLRS rocket GMR-69A / Guidance & navigation,1
Guided MLRS rocket GMR-69A,System,Guided MLRS rocket GMR-69A / Warhead & fuzing,1
Guided MLRS rocket GMR-69A,System,Guided MLRS rocket GMR-69A / Power,1
Self-propelled howitzer SPH-63B,System,Self-propelled howitzer SPH-63B / Protection,1
Self-propelled howitzer SPH-63B,System,Self-propelled howitzer SPH-63B / Mobility,1
Self-propelled howitzer SPH-63B,System,Self-propelled howitzer SPH-63B / Fire control,1
Self-propelled howitzer SPH-63B,System,Self-propelled howitzer SPH-63B / Weapon station,1
Self-propelled howitzer SPH-63B,System,Self-propelled howitzer SPH-63B / Datalink & comms,1
Self-propelled howitzer SPH-63B,System,Self-propelled howitzer SPH-63B / Power,1
Unmanned surface vessel USV-90B,System,Unmanned surface vessel USV-90B / Airframe,1
Unmanned surface vessel USV-90B,System,Unmanned surface vessel USV-90B / Diesel powertrain,1
Unmanned surface vessel USV-90B,System,Unmanned surface vessel USV-90B / Guidance & navigation,1
Unmanned surface vessel USV-90B,System,Unmanned surface vessel USV-90B / EO/IR seeker,1
Unmanned surface vessel USV-90B,System,Unmanned surface vessel USV-90B / Datalink & comms,1
Unmanned surface vessel USV-90B,System,Unmanned surface vessel USV-90B / Warhead & fuzing,1
Unmanned surface vessel USV-90B,System,Unmanned surface vessel USV-90B / Power,1
Fixed-wing ISR UAV FWIU-11A,System,Fixed-wing ISR UAV FWIU-11A / Power,1
Fixed-wing ISR UAV FWIU-11A,System,Fixed-wing ISR UAV FWIU-11A / Datalink & comms,1
Fixed-wing ISR UAV FWIU-11A,System,Fixed-wing ISR UAV FWIU-11A / Electric propulsion,1
Fixed-wing ISR UAV FWIU-11A,System,Fixed-wing ISR UAV FWIU-11A / Electronic warfare,1
Fixed-wing ISR UAV FWIU-11A,System,Fixed-wing ISR UAV FWIU-11A / Airframe,1
Fixed-wing ISR UAV FWIU-11A,System,Fixed-wing ISR UAV FWIU-11A / EO/IR seeker,1
Fixed-wing ISR UAV FWIU-11A,System,Fixed-wing ISR UAV FWIU-11A / Guidance & navigation,1
FPV strike drone FSD-17B,System,FPV strike drone FSD-17B / Electric propulsion,1
FPV strike drone FSD-17B,System,FPV strike drone FSD-17B / Warhead & fuzing,1
FPV strike drone FSD-17B,System,FPV strike drone FSD-17B / Guidance & navigation,1
FPV strike drone FSD-17B,System,FPV strike drone FSD-17B / Datalink & comms,1
FPV strike drone FSD-17B,System,FPV strike drone FSD-17B / Power,1
FPV strike drone FSD-17B,System,FPV strike drone FSD-17B / Airframe,1
Guided MLRS rocket GMR-68B,System,Guided MLRS rocket GMR-68B / Airframe,1
Guided MLRS rocket GMR-68B,System,Guided MLRS rocket GMR-68B / Rocket propulsion,1
Guided MLRS rocket GMR-68B,System,Guided MLRS rocket GMR-68B / Guidance & navigation,1
Guided MLRS rocket GMR-68B,System,Guided MLRS rocket GMR-68B / Warhead & fuzing,1
Guided MLRS rocket GMR-68B,System,Guided MLRS rocket GMR-68B / Power,1
Infantry fighting vehicle IFV-24A / Protection,Subsystem,Protection subsystem SS-009,2
Infantry fighting vehicle IFV-24A / Protection,Subsystem,Protection subsystem SS-013,2
Infantry fighting vehicle IFV-24A / Protection,Subsystem,Protection subsystem SS-003,2
Infantry fighting vehicle IFV-24A / Mobility,Subsystem,Mobility subsystem SS-009,2
Infantry fighting vehicle IFV-24A / Mobility,Subsystem,Mobility subsystem SS-001,2
Infantry fighting vehicle IFV-24A / Mobility,Subsystem,Mobility subsystem SS-002,2
Infantry fighting vehicle IFV-24A / Mobility,Subsystem,Mobility subsystem SS-003,2
Infantry fighting vehicle IFV-24A / Fire control,Subsystem,Fire control subsystem SS-006,2
Infantry fighting vehicle IFV-24A / Fire control,Subsystem,Fire control subsystem SS-013,2
Infantry fighting vehicle IFV-24A / Fire control,Subsystem,Fire control subsystem SS-002,2
Infantry fighting vehicle IFV-24A / Power,Subsystem,Power subsystem SS-013,2
Infantry fighting vehicle IFV-24A / Power,Subsystem,Power subsystem SS-002,2
Infantry fighting vehicle IFV-24A / Power,Subsystem,Power subsystem SS-007,2
Infantry fighting vehicle IFV-24A / Weapon station,Subsystem,Weapon station subsystem SS-011,2
Infantry fighting vehicle IFV-24A / Weapon station,Subsystem,Weapon station subsystem SS-010,2
Infantry fighting vehicle IFV-24A / Weapon station,Subsystem,Weapon station subsystem SS-003,2
Infantry fighting vehicle IFV-24A / Datalink & comms,Subsystem,Datalink & comms subsystem SS-004,2
Infantry fighting vehicle IFV-24A / Datalink & comms,Subsystem,Datalink & comms subsystem SS-002,2
Infantry fighting vehicle IFV-24A / Datalink & comms,Subsystem,Datalink & comms subsystem SS-012,2
Jet-powered target drone JPTD-12A / Power,Subsystem,Power subsystem SS-014,2
Jet-powered target drone JPTD-12A / Power,Subsystem,Power subsystem SS-002,2
Jet-powered target drone JPTD-12A / Airframe,Subsystem,Airframe subsystem SS-011,2
Jet-powered target drone JPTD-12A / Airframe,Subsystem,Airframe subsystem SS-012,2
Jet-powered target drone JPTD-12A / Airframe,Subsystem,Airframe subsystem SS-014,2
Jet-powered target drone JPTD-12A / Airframe,Subsystem,Airframe subsystem SS-001,2
Jet-powered target drone JPTD-12A / Datalink & comms,Subsystem,Datalink & comms subsystem SS-012,2
Jet-powered target drone JPTD-12A / Datalink & comms,Subsystem,Datalink & comms subsystem SS-010,2
Jet-powered target drone JPTD-12A / Datalink & comms,Subsystem,Datalink & comms subsystem SS-009,2
Jet-powered target drone JPTD-12A / Datalink & comms,Subsystem,Datalink & comms subsystem SS-004,2
Jet-powered target drone JPTD-12A / Jet propulsion,Subsystem,Jet propulsion subsystem SS-003,2
Jet-powered target drone JPTD-12A / Jet propulsion,Subsystem,Jet propulsion subsystem SS-002,2
Jet-powered target drone JPTD-12A / Jet propulsion,Subsystem,Jet propulsion subsystem SS-008,2
Jet-powered target drone JPTD-12A / Guidance & navigation,Subsystem,Guidance & navigation subsystem SS-011,2
Jet-powered target drone JPTD-12A / Guidance & navigation,Subsystem,Guidance & navigation subsystem SS-009,2
Jet-powered target drone JPTD-12A / Guidance & navigation,Subsystem,Guidance & navigation subsystem SS-010,2
Jet-powered target drone JPTD-12A / Guidance & navigation,Subsystem,Guidance & navigation subsystem SS-008,2
Anti-tank guided missile ATGM-75A / Power,Subsystem,Power subsystem SS-006,2
Anti-tank guided missile ATGM-75A / Power,Subsystem,Power subsystem SS-011,2
Anti-tank guided missile ATGM-75A / Power,Subsystem,Power subsystem SS-008,2
Anti-tank guided missile ATGM-75A / Warhead & fuzing,Subsystem,Warhead & fuzing subsystem SS-006,2
Anti-tank guided missile ATGM-75A / Warhead & fuzing,Subsystem,Warhead & fuzing subsystem SS-003,2
Anti-tank guided missile ATGM-75A / Warhead & fuzing,Subsystem,Warhead & fuzing subsystem SS-007,2
Anti-tank guided missile ATGM-75A / Warhead & fuzing,Subsystem,Warhead & fuzing subsystem SS-001,2
Anti-tank guided missile ATGM-75A / EO/IR seeker,Subsystem,EO/IR seeker subsystem SS-001,2
Anti-tank guided missile ATGM-75A / EO/IR seeker,Subsystem,EO/IR seeker subsystem SS-004,2
Anti-tank guided missile ATGM-75A / Guidance & navigation,Subsystem,Guidance & navigation subsystem SS-010,2
Anti-tank guided missile ATGM-75A / Guidance & navigation,Subsystem,Guidance & navigation subsystem SS-013,2
Anti-tank guided missile ATGM-75A / Guidance & navigation,Subsystem,Guidance & navigation subsystem SS-009,2
Anti-tank guided missile ATGM-75A / Rocket propulsion,Subsystem,Rocket propulsion subsystem SS-001,2
Anti-tank guided missile ATGM-75A / Rocket propulsion,Subsystem,Rocket propulsion subsystem SS-012,2
Anti-tank guided missile ATGM-75A / Rocket propulsion,Subsystem,Rocket propulsion subsystem SS-006,2
Anti-tank guided missile ATGM-75A / Rocket propulsion,Subsystem,Rocket propulsion subsystem SS-008,2
Anti-tank guided missile ATGM-75A / Airframe,Subsystem,Airframe subsystem SS-012,2
Anti-tank guided missile ATGM-75A / Airframe,Subsystem,Airframe subsystem SS-009,2
Anti-tank guided missile ATGM-75A / Airframe,Subsystem,Airframe subsystem SS-010,2
Anti-tank guided missile ATGM-75A / Airframe,Subsystem,Airframe subsystem SS-014,2
FPV strike drone FSD-13A / Power,Subsystem,Power subsystem SS-011,2
FPV strike drone FSD-13A / Power,Subsystem,Power subsystem SS-007,2
FPV strike drone FSD-13A / Power,Subsystem,Power subsystem SS-002,2
FPV strike drone FSD-13A / Power,Subsystem,Power subsystem SS-001,2
FPV strike drone FSD-13A / Warhead & fuzing,Subsystem,Warhead & fuzing subsystem SS-013,2
FPV strike drone FSD-13A / Warhead & fuzing,Subsystem,Warhead & fuzing subsystem SS-009,2
FPV strike drone FSD-13A / Warhead & fuzing,Subsystem,Warhead & fuzing subsystem SS-012,2
FPV strike drone FSD-13A / Datalink & comms,Subsystem,Datalink & comms subsystem SS-012,2
FPV strike drone FSD-13A / Datalink & comms,Subsystem,Datalink & comms subsystem SS-013,2
FPV strike drone FSD-13A / Airframe,Subsystem,Airframe subsystem SS-008,2
FPV strike drone FSD-13A / Airframe,Subsystem,Airframe subsystem SS-001,2
FPV strike drone FSD-13A / Electric propulsion,Subsystem,Electric propulsion subsystem SS-005,2
FPV strike drone FSD-13A / Electric propulsion,Subsystem,Electric propulsion subsystem SS-013,2
FPV strike drone FSD-13A / Electric propulsion,Subsystem,Electric propulsion subsystem SS-010,2
FPV strike drone FSD-13A / Guidance & navigation,Subsystem,Guidance & navigation subsystem SS-007,2
FPV strike drone FSD-13A / Guidance & navigation,Subsystem,Guidance & navigation subsystem SS-004,2
FPV strike drone FSD-13A / Guidance & navigation,Subsystem,Guidance & navigation subsystem SS-011,2
Ground surveillance radar GSR-97A / Power,Subsystem,Power subsystem SS-013,2
Ground surveillance radar GSR-97A / Power,Subsystem,Power subsystem SS-008,2
Ground surveillance radar GSR-97A / Power,Subsystem,Power subsystem SS-010,2
Ground surveillance radar GSR-97A / Power,Subsystem,Power subsystem SS-007,2
Ground surveillance radar GSR-97A / Radar,Subsystem,Radar subsystem SS-009,2
Ground surveillance radar GSR-97A / Radar,Subsystem,Radar subsystem SS-007,2
Ground surveillance radar GSR-97A / Radar,Subsystem,Radar subsystem SS-012,2
Ground surveillance radar GSR-97A / Datalink & comms,Subsystem,Datalink & comms subsystem SS-003,2
Ground surveillance radar GSR-97A / Datalink & comms,Subsystem,Datalink & comms subsystem SS-013,2
Ground surveillance radar GSR-97A / Protection,Subsystem,Protection subsystem SS-011,2
Ground surveillance radar GSR-97A / Protection,Subsystem,Protection subsystem SS-003,2
Ground surveillance radar GSR-97A / Protection,Subsystem,Protection subsystem SS-012,2
Ground surveillance radar GSR-97A / Protection,Subsystem,Protection subsystem SS-010,2
SHORAD system SS-35A / Radar,Subsystem,Radar subsystem SS-014,2
SHORAD system SS-35A / Radar,Subsystem,Radar subsystem SS-010,2
SHORAD system SS-35A / Radar,Subsystem,Radar subsystem SS-011,2
SHORAD system SS-35A / Radar,Subsystem,Radar subsystem SS-012,2
SHORAD system SS-35A / Fire control,Subsystem,Fire control subsystem SS-002,2
SHORAD system SS-35A / Fire control,Subsystem,Fire control subsystem SS-006,2
SHORAD system SS-35A / Fire control,Subsystem,Fire control subsystem SS-003,2
SHORAD system SS-35A / Fire control,Subsystem,Fire control subsystem SS-005,2
SHORAD system SS-35A / Mobility,Subsystem,Mobility subsystem SS-008,2
SHORAD system SS-35A / Mobility,Subsystem,Mobility subsystem SS-011,2
SHORAD system SS-35A / Mobility,Subsystem,Mobility subsystem SS-014,2
SHORAD system SS-35A / Mobility,Subsystem,Mobility subsystem SS-009,2
SHORAD system SS-35A / Datalink & comms,Subsystem,Datalink & comms subsystem SS-013,2
SHORAD system SS-35A / Datalink & comms,Subsystem,Datalink & comms subsystem SS-009,2
SHORAD system SS-35A / Datalink & comms,Subsystem,Datalink & comms subsystem SS-003,2
SHORAD system SS-35A / Weapon station,Subsystem,Weapon station subsystem SS-014,2
SHORAD system SS-35A / Weapon station,Subsystem,Weapon station subsystem SS-007,2
SHORAD system SS-35A / Power,Subsystem,Power subsystem SS-004,2
SHORAD system SS-35A / Power,Subsystem,Power subsystem SS-011,2
Guided MLRS rocket GMR-69A / Airframe,Subsystem,Airframe subsystem SS-004,2
Guided MLRS rocket GMR-69A / Airframe,Subsystem,Airframe subsystem SS-014,2
Guided MLRS rocket GMR-69A / Airframe,Subsystem,Airframe subsystem SS-006,2
Guided MLRS rocket GMR-69A / Airframe,Subsystem,Airframe subsystem SS-008,2
Guided MLRS rocket GMR-69A / Rocket propulsion,Subsystem,Rocket propulsion subsystem SS-008,2
Guided MLRS rocket GMR-69A / Rocket propulsion,Subsystem,Rocket propulsion subsystem SS-002,2
Guided MLRS rocket GMR-69A / Guidance & navigation,Subsystem,Guidance & navigation subsystem SS-011,2
Guided MLRS rocket GMR-69A / Guidance & navigation,Subsystem,Guidance & navigation subsystem SS-013,2
Guided MLRS rocket GMR-69A / Warhead & fuzing,Subsystem,Warhead & fuzing subsystem SS-006,2
Guided MLRS rocket GMR-69A / Warhead & fuzing,Subsystem,Warhead & fuzing subsystem SS-001,2
Guided MLRS rocket GMR-69A / Warhead & fuzing,Subsystem,Warhead & fuzing subsystem SS-011,2
Guided MLRS rocket GMR-69A / Warhead & fuzing,Subsystem,Warhead & fuzing subsystem SS-013,2
Guided MLRS rocket GMR-69A / Power,Subsystem,Power subsystem SS-013,2
Guided MLRS rocket GMR-69A / Power,Subsystem,Power subsystem SS-011,2
Guided MLRS rocket GMR-69A / Power,Subsystem,Power subsystem SS-002,2
Guided MLRS rocket GMR-69A / Power,Subsystem,Power subsystem SS-008,2
Self-propelled howitzer SPH-63B / Protection,Subsystem,Protection subsystem SS-010,2
Self-propelled howitzer SPH-63B / Protection,Subsystem,Protection subsystem SS-002,2
Self-propelled howitzer SPH-63B / Protection,Subsystem,Protection subsystem SS-006,2
Self-propelled howitzer SPH-63B / Mobility,Subsystem,Mobility subsystem SS-002,2
Self-propelled howitzer SPH-63B / Mobility,Subsystem,Mobility subsystem SS-014,2
Self-propelled howitzer SPH-63B / Mobility,Subsystem,Mobility subsystem SS-006,2
Self-propelled howitzer SPH-63B / Mobility,Subsystem,Mobility subsystem SS-001,2
Self-propelled howitzer SPH-63B / Fire control,Subsystem,Fire control subsystem SS-011,2
Self-propelled howitzer SPH-63B / Fire control,Subsystem,Fire control subsystem SS-004,2
Self-propelled howitzer SPH-63B / Weapon station,Subsystem,Weapon station subsystem SS-007,2
Self-propelled howitzer SPH-63B / Weapon station,Subsystem,Weapon station subsystem SS-005,2
Self-propelled howitzer SPH-63B / Weapon station,Subsystem,Weapon station subsystem SS-002,2
Self-propelled howitzer SPH-63B / Weapon station,Subsystem,Weapon station subsystem SS-003,2
Self-propelled howitzer SPH-63B / Datalink & comms,Subsystem,Datalink & comms subsystem SS-005,2
Self-propelled howitzer SPH-63B / Datalink & comms,Subsystem,Datalink & comms subsystem SS-009,2
Self-propelled howitzer SPH-63B / Power,Subsystem,Power subsystem SS-008,2
Self-propelled howitzer SPH-63B / Power,Subsystem,Power subsystem SS-006,2
Unmanned surface vessel USV-90B / Airframe,Subsystem,Airframe subsystem SS-009,2
Unmanned surface vessel USV-90B / Airframe,Subsystem,Airframe subsystem SS-003,2
Unmanned surface vessel USV-90B / Airframe,Subsystem,Airframe subsystem SS-010,2
Unmanned surface vessel USV-90B / Diesel powertrain,Subsystem,Diesel powertrain subsystem SS-008,2
Unmanned surface vessel USV-90B / Diesel powertrain,Subsystem,Diesel powertrain subsystem SS-002,2
Unmanned surface vessel USV-90B / Diesel powertrain,Subsystem,Diesel powertrain subsystem SS-012,2
Unmanned surface vessel USV-90B / Diesel powertrain,Subsystem,Diesel powertrain subsystem SS-011,2
Unmanned surface vessel USV-90B / Guidance & navigation,Subsystem,Guidance & navigation subsystem SS-011,2
Unmanned surface vessel USV-90B / Guidance & navigation,Subsystem,Guidance & navigation subsystem SS-002,2
Unmanned surface vessel USV-90B / Guidance & navigation,Subsystem,Guidance & navigation subsystem SS-004,2
Unmanned surface vessel USV-90B / EO/IR seeker,Subsystem,EO/IR seeker subsystem SS-014,2
Unmanned surface vessel USV-90B / EO/IR seeker,Subsystem,EO/IR seeker subsystem SS-010,2
Unmanned surface vessel USV-90B / EO/IR seeker,Subsystem,EO/IR seeker subsystem SS-013,2
Unmanned surface vessel USV-90B / Datalink & comms,Subsystem,Datalink & comms subsystem SS-004,2
Unmanned surface vessel USV-90B / Datalink & comms,Subsystem,Datalink & comms subsystem SS-013,2
Unmanned surface vessel USV-90B / Datalink & comms,Subsystem,Datalink & comms subsystem SS-012,2
Unmanned surface vessel USV-90B / Warhead & fuzing,Subsystem,Warhead & fuzing subsystem SS-009,2
Unmanned surface vessel USV-90B / Warhead & fuzing,Subsystem,Warhead & fuzing subsystem SS-002,2
Unmanned surface vessel USV-90B / Power,Subsystem,Power subsystem SS-008,2
Unmanned surface vessel USV-90B / Power,Subsystem,Power subsystem SS-009,2
Unmanned surface vessel USV-90B / Power,Subsystem,Power subsystem SS-001,2
Fixed-wing ISR UAV FWIU-11A / Power,Subsystem,Power subsystem SS-003,2
Fixed-wing ISR UAV FWIU-11A / Power,Subsystem,Power subsystem SS-012,2
Fixed-wing ISR UAV FWIU-11A / Power,Subsystem,Power subsystem SS-002,2
Fixed-wing ISR UAV FWIU-11A / Datalink & comms,Subsystem,Datalink & comms subsystem SS-001,2
Fixed-wing ISR UAV FWIU-11A / Datalink & comms,Subsystem,Datalink & comms subsystem SS-013,2
Fixed-wing ISR UAV FWIU-11A / Electric propulsion,Subsystem,Electric propulsion subsystem SS-001,2
Fixed-wing ISR UAV FWIU-11A / Electric propulsion,Subsystem,Electric propulsion subsystem SS-005,2
Fixed-wing ISR UAV FWIU-11A / Electronic warfare,Subsystem,Electronic warfare subsystem SS-012,2
Fixed-wing ISR UAV FWIU-11A / Electronic warfare,Subsystem,Electronic warfare subsystem SS-008,2
Fixed-wing ISR UAV FWIU-11A / Airframe,Subsystem,Airframe subsystem SS-003,2
Fixed-wing ISR UAV FWIU-11A / Airframe,Subsystem,Airframe subsystem SS-010,2
Fixed-wing ISR UAV FWIU-11A / Airframe,Subsystem,Airframe subsystem SS-009,2
Fixed-wing ISR UAV FWIU-11A / Airframe,Subsystem,Airframe subsystem SS-014,2
Fixed-wing ISR UAV FWIU-11A / EO/IR seeker,Subsystem,EO/IR seeker subsystem SS-006,2
Fixed-wing ISR UAV FWIU-11A / EO/IR seeker,Subsystem,EO/IR seeker subsystem SS-004,2
Fixed-wing ISR UAV FWIU-11A / EO/IR seeker,Subsystem,EO/IR seeker subsystem SS-001,2
Fixed-wing ISR UAV FWIU-11A / EO/IR seeker,Subsystem,EO/IR seeker subsystem SS-014,2
Fixed-wing ISR UAV FWIU-11A / Guidance & navigation,Subsystem,Guidance & navigation subsystem SS-007,2
Fixed-wing ISR UAV FWIU-11A / Guidance & navigation,Subsystem,Guidance & navigation subsystem SS-010,2
Fixed-wing ISR UAV FWIU-11A / Guidance & navigation,Subsystem,Guidance & navigation subsystem SS-002,2
Fixed-wing ISR UAV FWIU-11A / Guidance & navigation,Subsystem,Guidance & navigation subsystem SS-005,2
FPV strike drone FSD-17B / Electric propulsion,Subsystem,Electric propulsion subsystem SS-001,2
FPV strike drone FSD-17B / Electric propulsion,Subsystem,Electric propulsion subsystem SS-008,2
FPV strike drone FSD-17B / Electric propulsion,Subsystem,Electric propulsion subsystem SS-009,2
FPV strike drone FSD-17B / Electric propulsion,Subsystem,Electric propulsion subsystem SS-003,2
FPV strike drone FSD-17B / Warhead & fuzing,Subsystem,Warhead & fuzing subsystem SS-003,2
FPV strike drone FSD-17B / Warhead & fuzing,Subsystem,Warhead & fuzing subsystem SS-010,2
FPV strike drone FSD-17B / Warhead & fuzing,Subsystem,Warhead & fuzing subsystem SS-014,2
FPV strike drone FSD-17B / Warhead & fuzing,Subsystem,Warhead & fuzing subsystem SS-013,2
FPV strike drone FSD-17B / Guidance & navigation,Subsystem,Guidance & navigation subsystem SS-014,2
FPV strike drone FSD-17B / Guidance & navigation,Subsystem,Guidance & navigation subsystem SS-008,2
FPV strike drone FSD-17B / Guidance & navigation,Subsystem,Guidance & navigation subsystem SS-011,2
FPV strike drone FSD-17B / Datalink & comms,Subsystem,Datalink & comms subsystem SS-010,2
FPV strike drone FSD-17B / Datalink & comms,Subsystem,Datalink & comms subsystem SS-009,2
FPV strike drone FSD-17B / Datalink & comms,Subsystem,Datalink & comms subsystem SS-002,2
FPV strike drone FSD-17B / Datalink & comms,Subsystem,Datalink & comms subsystem SS-001,2
FPV strike drone FSD-17B / Power,Subsystem,Power subsystem SS-009,2
FPV strike drone FSD-17B / Power,Subsystem,Power subsystem SS-014,2
FPV strike drone FSD-17B / Airframe,Subsystem,Airframe subsystem SS-013,2
FPV strike drone FSD-17B / Airframe,Subsystem,Airframe subsystem SS-005,2
FPV strike drone FSD-17B / Airframe,Subsystem,Airframe subsystem SS-014,2
FPV strike drone FSD-17B / Airframe,Subsystem,Airframe subsystem SS-006,2
Guided MLRS rocket GMR-68B / Airframe,Subsystem,Airframe subsystem SS-002,2
Guided MLRS rocket GMR-68B / Airframe,Subsystem,Airframe subsystem SS-007,2
Guided MLRS rocket GMR-68B / Airframe,Subsystem,Airframe subsystem SS-001,2
Guided MLRS rocket GMR-68B / Airframe,Subsystem,Airframe subsystem SS-008,2
Guided MLRS rocket GMR-68B / Rocket propulsion,Subsystem,Rocket propulsion subsystem SS-003,2
Guided MLRS rocket GMR-68B / Rocket propulsion,Subsystem,Rocket propulsion subsystem SS-004,2
Guided MLRS rocket GMR-68B / Guidance & navigation,Subsystem,Guidance & navigation subsystem SS-003,2
Guided MLRS rocket GMR-68B / Guidance & navigation,Subsystem,Guidance & navigation subsystem SS-004,2
Guided MLRS rocket GMR-68B / Guidance & navigation,Subsystem,Guidance & navigation subsystem SS-006,2
Guided MLRS rocket GMR-68B / Warhead & fuzing,Subsystem,Warhead & fuzing subsystem SS-004,2
Guided MLRS rocket GMR-68B / Warhead & fuzing,Subsystem,Warhead & fuzing subsystem SS-010,2
Guided MLRS rocket GMR-68B / Warhead & fuzing,Subsystem,Warhead & fuzing subsystem SS-012,2
Guided MLRS rocket GMR-68B / Power,Subsystem,Power subsystem SS-011,2
Guided MLRS rocket GMR-68B / Power,Subsystem,Power subsystem SS-013,2
Guided MLRS rocket GMR-68B / Power,Subsystem,Power subsystem SS-012,2
Protection subsystem SS-009,Assembly,Armor package assembly A-PRO009.3,3
Protection subsystem SS-009,Assembly,Armor package assembly A-PRO009.2,3
Protection subsystem SS-009,Assembly,Armor package assembly A-PRO009.1,3
Protection subsystem SS-013,Assembly,Structural section assembly A-PRO013.1,3
Protection subsystem SS-013,Assembly,Armor package assembly A-PRO013.2,3
Protection subsystem SS-003,Assembly,Armor package assembly A-PRO003.4,3
Protection subsystem SS-003,Assembly,Structural section assembly A-PRO003.3,3
Protection subsystem SS-003,Assembly,Armor package assembly A-PRO003.2,3
Protection subsystem SS-003,Assembly,Armor package assembly A-PRO003.1,3
Mobility subsystem SS-009,Assembly,Running gear assembly A-MOB009.1,3
Mobility subsystem SS-009,Assembly,Engine powerpack assembly A-MOB009.2,3
Mobility subsystem SS-009,Assembly,Engine powerpack assembly A-MOB009.3,3
Mobility subsystem SS-001,Assembly,Engine powerpack assembly A-MOB001.2,3
Mobility subsystem SS-001,Assembly,Running gear assembly A-MOB001.1,3
Mobility subsystem SS-002,Assembly,Running gear assembly A-MOB002.1,3
Mobility subsystem SS-002,Assembly,Running gear assembly A-MOB002.2,3
Mobility subsystem SS-003,Assembly,Control actuation unit assembly A-MOB003.1,3
Mobility subsystem SS-003,Assembly,Running gear assembly A-MOB003.2,3
Mobility subsystem SS-003,Assembly,Running gear assembly A-MOB003.3,3
Fire control subsystem SS-006,Assembly,PCB assembly assembly A-FIR006.4,3
Fire control subsystem SS-006,Assembly,PCB assembly assembly A-FIR006.3,3
Fire control subsystem SS-006,Assembly,Night-vision channel assembly A-FIR006.2,3
Fire control subsystem SS-006,Assembly,PCB assembly assembly A-FIR006.1,3
Fire control subsystem SS-013,Assembly,PCB assembly assembly A-FIR013.1,3
Fire control subsystem SS-013,Assembly,IR optical train assembly A-FIR013.2,3
Fire control subsystem SS-013,Assembly,IR optical train assembly A-FIR013.3,3
Fire control subsystem SS-002,Assembly,Laser rangefinder / designator assembly A-FIR002.3,3
Fire control subsystem SS-002,Assembly,IR optical train assembly A-FIR002.2,3
Fire control subsystem SS-002,Assembly,IR optical train assembly A-FIR002.1,3
Fire control subsystem SS-002,Assembly,Night-vision channel assembly A-FIR002.4,3
Power subsystem SS-013,Assembly,Battery pack assembly A-POW013.3,3
Power subsystem SS-013,Assembly,Battery pack assembly A-POW013.4,3
Power subsystem SS-013,Assembly,Power conditioning unit assembly A-POW013.1,3
Power subsystem SS-013,Assembly,Power conditioning unit assembly A-POW013.2,3
Power subsystem SS-002,Assembly,Power conditioning unit assembly A-POW002.3,3
Power subsystem SS-002,Assembly,Battery pack assembly A-POW002.2,3
Power subsystem SS-002,Assembly,Battery pack assembly A-POW002.1,3
Power subsystem SS-007,Assembly,Thermal battery assembly assembly A-POW007.3,3
Power subsystem SS-007,Assembly,Power conditioning unit assembly A-POW007.2,3
Power subsystem SS-007,Assembly,Battery pack assembly A-POW007.1,3
Weapon station subsystem SS-011,Assembly,Control actuation unit assembly A-WEA011.1,3
Weapon station subsystem SS-011,Assembly,PCB assembly assembly A-WEA011.2,3
Weapon station subsystem SS-011,Assembly,Projectile & charge assembly A-WEA011.3,3
Weapon station subsystem SS-011,Assembly,Control actuation unit assembly A-WEA011.4,3
Weapon station subsystem SS-010,Assembly,IR optical train assembly A-WEA010.2,3
Weapon station subsystem SS-010,Assembly,Projectile & charge assembly A-WEA010.3,3
Weapon station subsystem SS-010,Assembly,Control actuation unit assembly A-WEA010.1,3
Weapon station subsystem SS-003,Assembly,Control actuation unit assembly A-WEA003.2,3
Weapon station subsystem SS-003,Assembly,Control actuation unit assembly A-WEA003.1,3
Datalink & comms subsystem SS-004,Assembly,GNSS module assembly A-DAT004.1,3
Datalink & comms subsystem SS-004,Assembly,RF front-end assembly A-DAT004.2,3
Datalink & comms subsystem SS-002,Assembly,PCB assembly assembly A-DAT002.2,3
Datalink & comms subsystem SS-002,Assembly,GNSS module assembly A-DAT002.1,3
Datalink & comms subsystem SS-012,Assembly,PCB assembly assembly A-DAT012.4,3
Datalink & comms subsystem SS-012,Assembly,RF front-end assembly A-DAT012.3,3
Datalink & comms subsystem SS-012,Assembly,GNSS module assembly A-DAT012.2,3
Datalink & comms subsystem SS-012,Assembly,RF front-end assembly A-DAT012.1,3
Power subsystem SS-014,Assembly,Battery pack assembly A-POW014.3,3
Power subsystem SS-014,Assembly,Battery pack assembly A-POW014.2,3
Power subsystem SS-014,Assembly,Power conditioning unit assembly A-POW014.1,3
Airframe subsystem SS-011,Assembly,Structural section assembly A-AIR011.1,3
Airframe subsystem SS-011,Assembly,Structural section assembly A-AIR011.2,3
Airframe subsystem SS-012,Assembly,Radome assembly assembly A-AIR012.3,3
Airframe subsystem SS-012,Assembly,Control actuation unit assembly A-AIR012.2,3
Airframe subsystem SS-012,Assembly,Radome assembly assembly A-AIR012.1,3
Airframe subsystem SS-014,Assembly,Radome assembly assembly A-AIR014.4,3
Airframe subsystem SS-014,Assembly,Radome assembly assembly A-AIR014.3,3
Airframe subsystem SS-014,Assembly,Radome assembly assembly A-AIR014.2,3
Airframe subsystem SS-014,Assembly,Radome assembly assembly A-AIR014.1,3
Airframe subsystem SS-001,Assembly,Control actuation unit assembly A-AIR001.2,3
Airframe subsystem SS-001,Assembly,Radome assembly assembly A-AIR001.1,3
Datalink & comms subsystem SS-010,Assembly,RF front-end assembly A-DAT010.4,3
Datalink & comms subsystem SS-010,Assembly,GNSS module assembly A-DAT010.3,3
Datalink & comms subsystem SS-010,Assembly,RF front-end assembly A-DAT010.1,3
Datalink & comms subsystem SS-010,Assembly,PCB assembly assembly A-DAT010.2,3
Datalink & comms subsystem SS-009,Assembly,PCB assembly assembly A-DAT009.1,3
Datalink & comms subsystem SS-009,Assembly,GNSS module assembly A-DAT009.2,3
Datalink & comms subsystem SS-009,Assembly,PCB assembly assembly A-DAT009.3,3
Jet propulsion subsystem SS-003,Assembly,PCB assembly assembly A-JET003.1,3
Jet propulsion subsystem SS-003,Assembly,PCB assembly assembly A-JET003.2,3
Jet propulsion subsystem SS-002,Assembly,PCB assembly assembly A-JET002.1,3
Jet propulsion subsystem SS-002,Assembly,Turbojet unit assembly A-JET002.2,3
Jet propulsion subsystem SS-002,Assembly,PCB assembly assembly A-JET002.3,3
Jet propulsion subsystem SS-008,Assembly,PCB assembly assembly A-JET008.1,3
Jet propulsion subsystem SS-008,Assembly,Structural section assembly A-JET008.3,3
Jet propulsion subsystem SS-008,Assembly,Turbojet unit assembly A-JET008.4,3
Jet propulsion subsystem SS-008,Assembly,Structural section assembly A-JET008.2,3
Guidance & navigation subsystem SS-011,Assembly,GNSS module assembly A-GUI011.1,3
Guidance & navigation subsystem SS-011,Assembly,PCB assembly assembly A-GUI011.2,3
Guidance & navigation subsystem SS-009,Assembly,GNSS module assembly A-GUI009.3,3
Guidance & navigation subsystem SS-009,Assembly,PCB assembly assembly A-GUI009.2,3
Guidance & navigation subsystem SS-009,Assembly,Inertial measurement unit assembly A-GUI009.1,3
Guidance & navigation subsystem SS-010,Assembly,PCB assembly assembly A-GUI010.2,3
Guidance & navigation subsystem SS-010,Assembly,GNSS module assembly A-GUI010.1,3
Guidance & navigation subsystem SS-008,Assembly,PCB assembly assembly A-GUI008.1,3
Guidance & navigation subsystem SS-008,Assembly,Inertial measurement unit assembly A-GUI008.2,3
Power subsystem SS-006,Assembly,Battery pack assembly A-POW006.2,3
Power subsystem SS-006,Assembly,Thermal battery assembly assembly A-POW006.1,3
Power subsystem SS-011,Assembly,Battery pack assembly A-POW011.2,3
Power subsystem SS-011,Assembly,Power conditioning unit assembly A-POW011.1,3
Power subsystem SS-008,Assembly,Power conditioning unit assembly A-POW008.4,3
Power subsystem SS-008,Assembly,Power conditioning unit assembly A-POW008.3,3
Power subsystem SS-008,Assembly,Power conditioning unit assembly A-POW008.2,3
Power subsystem SS-008,Assembly,Battery pack assembly A-POW008.1,3
Warhead & fuzing subsystem SS-006,Assembly,PCB assembly assembly A-WAR006.2,3
Warhead & fuzing subsystem SS-006,Assembly,Warhead section assembly A-WAR006.1,3
Warhead & fuzing subsystem SS-003,Assembly,PCB assembly assembly A-WAR003.1,3
Warhead & fuzing subsystem SS-003,Assembly,Thermal battery assembly assembly A-WAR003.2,3
Warhead & fuzing subsystem SS-003,Assembly,Thermal battery assembly assembly A-WAR003.3,3
Warhead & fuzing subsystem SS-007,Assembly,Warhead section assembly A-WAR007.1,3
Warhead & fuzing subsystem SS-007,Assembly,Thermal battery assembly assembly A-WAR007.2,3
Warhead & fuzing subsystem SS-007,Assembly,Warhead section assembly A-WAR007.3,3
Warhead & fuzing subsystem SS-001,Assembly,PCB assembly assembly A-WAR001.1,3
Warhead & fuzing subsystem SS-001,Assembly,Thermal battery assembly assembly A-WAR001.2,3
Warhead & fuzing subsystem SS-001,Assembly,Thermal battery assembly assembly A-WAR001.4,3
Warhead & fuzing subsystem SS-001,Assembly,Warhead section assembly A-WAR001.3,3
EO/IR seeker subsystem SS-001,Assembly,IR optical train assembly A-EO/001.2,3
EO/IR seeker subsystem SS-001,Assembly,PCB assembly assembly A-EO/001.3,3
EO/IR seeker subsystem SS-001,Assembly,Laser rangefinder / designator assembly A-EO/001.1,3
EO/IR seeker subsystem SS-001,Assembly,PCB assembly assembly A-EO/001.4,3
EO/IR seeker subsystem SS-004,Assembly,IR optical train assembly A-EO/004.2,3
EO/IR seeker subsystem SS-004,Assembly,IR optical train assembly A-EO/004.1,3
EO/IR seeker subsystem SS-004,Assembly,PCB assembly assembly A-EO/004.4,3
EO/IR seeker subsystem SS-004,Assembly,IR optical train assembly A-EO/004.3,3
Guidance & navigation subsystem SS-013,Assembly,PCB assembly assembly A-GUI013.2,3
Guidance & navigation subsystem SS-013,Assembly,GNSS module assembly A-GUI013.1,3
Guidance & navigation subsystem SS-013,Assembly,PCB assembly assembly A-GUI013.3,3
Rocket propulsion subsystem SS-001,Assembly,Control actuation unit assembly A-ROC001.2,3
Rocket propulsion subsystem SS-001,Assembly,Structural section assembly A-ROC001.1,3
Rocket propulsion subsystem SS-012,Assembly,Rocket motor assembly A-ROC012.4,3
Rocket propulsion subsystem SS-012,Assembly,Structural section assembly A-ROC012.3,3
Rocket propulsion subsystem SS-012,Assembly,Rocket motor assembly A-ROC012.2,3
Rocket propulsion subsystem SS-012,Assembly,Control actuation unit assembly A-ROC012.1,3
Rocket propulsion subsystem SS-006,Assembly,Structural section assembly A-ROC006.4,3
Rocket propulsion subsystem SS-006,Assembly,Rocket motor assembly A-ROC006.1,3
Rocket propulsion subsystem SS-006,Assembly,Structural section assembly A-ROC006.2,3
Rocket propulsion subsystem SS-006,Assembly,Structural section assembly A-ROC006.3,3
Rocket propulsion subsystem SS-008,Assembly,Control actuation unit assembly A-ROC008.4,3
Rocket propulsion subsystem SS-008,Assembly,Rocket motor assembly A-ROC008.3,3
Rocket propulsion subsystem SS-008,Assembly,Rocket motor assembly A-ROC008.2,3
Rocket propulsion subsystem SS-008,Assembly,Structural section assembly A-ROC008.1,3
Airframe subsystem SS-009,Assembly,Structural section assembly A-AIR009.2,3
Airframe subsystem SS-009,Assembly,Structural section assembly A-AIR009.3,3
Airframe subsystem SS-009,Assembly,Structural section assembly A-AIR009.1,3
Airframe subsystem SS-010,Assembly,Control actuation unit assembly A-AIR010.1,3
Airframe subsystem SS-010,Assembly,Structural section assembly A-AIR010.2,3
Airframe subsystem SS-010,Assembly,Radome assembly assembly A-AIR010.3,3
Airframe subsystem SS-010,Assembly,Radome assembly assembly A-AIR010.4,3
Power subsystem SS-001,Assembly,Power conditioning unit assembly A-POW001.1,3
Power subsystem SS-001,Assembly,Thermal battery assembly assembly A-POW001.2,3
Warhead & fuzing subsystem SS-013,Assembly,Thermal battery assembly assembly A-WAR013.3,3
Warhead & fuzing subsystem SS-013,Assembly,Warhead section assembly A-WAR013.2,3
Warhead & fuzing subsystem SS-013,Assembly,PCB assembly assembly A-WAR013.1,3
Warhead & fuzing subsystem SS-009,Assembly,PCB assembly assembly A-WAR009.2,3
Warhead & fuzing subsystem SS-009,Assembly,PCB assembly assembly A-WAR009.1,3
Warhead & fuzing subsystem SS-012,Assembly,PCB assembly assembly A-WAR012.1,3
Warhead & fuzing subsystem SS-012,Assembly,PCB assembly assembly A-WAR012.2,3
Datalink & comms subsystem SS-013,Assembly,RF front-end assembly A-DAT013.4,3
Datalink & comms subsystem SS-013,Assembly,PCB assembly assembly A-DAT013.3,3
Datalink & comms subsystem SS-013,Assembly,GNSS module assembly A-DAT013.2,3
Datalink & comms subsystem SS-013,Assembly,PCB assembly assembly A-DAT013.1,3
Airframe subsystem SS-008,Assembly,Structural section assembly A-AIR008.2,3
Airframe subsystem SS-008,Assembly,Structural section assembly A-AIR008.3,3
Airframe subsystem SS-008,Assembly,Control actuation unit assembly A-AIR008.1,3
Electric propulsion subsystem SS-005,Assembly,Power conditioning unit assembly A-ELE005.2,3
Electric propulsion subsystem SS-005,Assembly,Power conditioning unit assembly A-ELE005.1,3
Electric propulsion subsystem SS-005,Assembly,Power conditioning unit assembly A-ELE005.3,3
Electric propulsion subsystem SS-005,Assembly,Power conditioning unit assembly A-ELE005.4,3
Electric propulsion subsystem SS-013,Assembly,Motor & drive assembly A-ELE013.4,3
Electric propulsion subsystem SS-013,Assembly,Power conditioning unit assembly A-ELE013.3,3
Electric propulsion subsystem SS-013,Assembly,Motor & drive assembly A-ELE013.2,3
Electric propulsion subsystem SS-013,Assembly,Power conditioning unit assembly A-ELE013.1,3
Electric propulsion subsystem SS-010,Assembly,Battery pack assembly A-ELE010.1,3
Electric propulsion subsystem SS-010,Assembly,Battery pack assembly A-ELE010.2,3
Electric propulsion subsystem SS-010,Assembly,Power conditioning unit assembly A-ELE010.3,3
Electric propulsion subsystem SS-010,Assembly,Battery pack assembly A-ELE010.4,3
Guidance & navigation subsystem SS-007,Assembly,PCB assembly assembly A-GUI007.1,3
Guidance & navigation subsystem SS-007,Assembly,PCB assembly assembly A-GUI007.2,3
Guidance & navigation subsystem SS-007,Assembly,Inertial measurement unit assembly A-GUI007.3,3
Guidance & navigation subsystem SS-007,Assembly,Inertial measurement unit assembly A-GUI007.4,3
Guidance & navigation subsystem SS-004,Assembly,PCB assembly assembly A-GUI004.1,3
Guidance & navigation subsystem SS-004,Assembly,PCB assembly assembly A-GUI004.2,3
Guidance & navigation subsystem SS-004,Assembly,Inertial measurement unit assembly A-GUI004.3,3
Guidance & navigation subsystem SS-004,Assembly,Inertial measurement unit assembly A-GUI004.4,3
Power subsystem SS-010,Assembly,Power conditioning unit assembly A-POW010.4,3
Power subsystem SS-010,Assembly,Thermal battery assembly assembly A-POW010.3,3
Power subsystem SS-010,Assembly,Battery pack assembly A-POW010.2,3
Power subsystem SS-010,Assembly,Power conditioning unit assembly A-POW010.1,3
Radar subsystem SS-009,Assembly,Antenna array tile assembly A-RAD009.2,3
Radar subsystem SS-009,Assembly,Power conditioning unit assembly A-RAD009.1,3
Radar subsystem SS-007,Assembly,Antenna array tile assembly A-RAD007.2,3
Radar subsystem SS-007,Assembly,PCB assembly assembly A-RAD007.1,3
Radar subsystem SS-012,Assembly,PCB assembly assembly A-RAD012.3,3
Radar subsystem SS-012,Assembly,Antenna array tile assembly A-RAD012.2,3
Radar subsystem SS-012,Assembly,Antenna array tile assembly A-RAD012.1,3
Datalink & comms subsystem SS-003,Assembly,GNSS module assembly A-DAT003.1,3
Datalink & comms subsystem SS-003,Assembly,PCB assembly assembly A-DAT003.2,3
Datalink & comms subsystem SS-003,Assembly,RF front-end assembly A-DAT003.3,3
Protection subsystem SS-011,Assembly,Structural section assembly A-PRO011.1,3
Protection subsystem SS-011,Assembly,Armor package assembly A-PRO011.4,3
Protection subsystem SS-011,Assembly,Armor package assembly A-PRO011.3,3
Protection subsystem SS-011,Assembly,Armor package assembly A-PRO011.2,3
Protection subsystem SS-012,Assembly,Structural section assembly A-PRO012.1,3
Protection subsystem SS-012,Assembly,Structural section assembly A-PRO012.2,3
Protection subsystem SS-010,Assembly,Armor package assembly A-PRO010.3,3
Protection subsystem SS-010,Assembly,Armor package assembly A-PRO010.2,3
Protection subsystem SS-010,Assembly,Armor package assembly A-PRO010.1,3
Radar subsystem SS-014,Assembly,Antenna array tile assembly A-RAD014.1,3
Radar subsystem SS-014,Assembly,Antenna array tile assembly A-RAD014.2,3
Radar subsystem SS-014,Assembly,Power conditioning unit assembly A-RAD014.3,3
Radar subsystem SS-010,Assembly,RF front-end assembly A-RAD010.1,3
Radar subsystem SS-010,Assembly,RF front-end assembly A-RAD010.4,3
Radar subsystem SS-010,Assembly,Power conditioning unit assembly A-RAD010.2,3
Radar subsystem SS-010,Assembly,PCB assembly assembly A-RAD010.3,3
Radar subsystem SS-011,Assembly,Power conditioning unit assembly A-RAD011.1,3
Radar subsystem SS-011,Assembly,PCB assembly assembly A-RAD011.3,3
Radar subsystem SS-011,Assembly,Antenna array tile assembly A-RAD011.4,3
Radar subsystem SS-011,Assembly,RF front-end assembly A-RAD011.2,3
Fire control subsystem SS-003,Assembly,Laser rangefinder / designator assembly A-FIR003.1,3
Fire control subsystem SS-003,Assembly,Night-vision channel assembly A-FIR003.2,3
Fire control subsystem SS-003,Assembly,Night-vision channel assembly A-FIR003.3,3
Fire control subsystem SS-005,Assembly,Night-vision channel assembly A-FIR005.1,3
Fire control subsystem SS-005,Assembly,Night-vision channel assembly A-FIR005.2,3
Fire control subsystem SS-005,Assembly,Laser rangefinder / designator assembly A-FIR005.3,3
Fire control subsystem SS-005,Assembly,Laser rangefinder / designator assembly A-FIR005.4,3
Mobility subsystem SS-008,Assembly,Engine powerpack assembly A-MOB008.1,3
Mobility subsystem SS-008,Assembly,Running gear assembly A-MOB008.2,3
Mobility subsystem SS-011,Assembly,Running gear assembly A-MOB011.1,3
Mobility subsystem SS-011,Assembly,Running gear assembly A-MOB011.4,3
Mobility subsystem SS-011,Assembly,Running gear assembly A-MOB011.2,3
Mobility subsystem SS-011,Assembly,Control actuation unit assembly A-MOB011.3,3
Mobility subsystem SS-014,Assembly,Running gear assembly A-MOB014.3,3
Mobility subsystem SS-014,Assembly,Control actuation unit assembly A-MOB014.2,3
Mobility subsystem SS-014,Assembly,Running gear assembly A-MOB014.1,3
Weapon station subsystem SS-014,Assembly,Projectile & charge assembly A-WEA014.2,3
Weapon station subsystem SS-014,Assembly,Projectile & charge assembly A-WEA014.1,3
Weapon station subsystem SS-007,Assembly,Control actuation unit assembly A-WEA007.1,3
Weapon station subsystem SS-007,Assembly,Projectile & charge assembly A-WEA007.2,3
Power subsystem SS-004,Assembly,Power conditioning unit assembly A-POW004.1,3
Power subsystem SS-004,Assembly,Power conditioning unit assembly A-POW004.2,3
Airframe subsystem SS-004,Assembly,Control actuation unit assembly A-AIR004.2,3
Airframe subsystem SS-004,Assembly,Control actuation unit assembly A-AIR004.1,3
Airframe subsystem SS-004,Assembly,Radome assembly assembly A-AIR004.3,3
Airframe subsystem SS-006,Assembly,Control actuation unit assembly A-AIR006.4,3
Airframe subsystem SS-006,Assembly,Structural section assembly A-AIR006.3,3
Airframe subsystem SS-006,Assembly,Structural section assembly A-AIR006.2,3
Airframe subsystem SS-006,Assembly,Structural section assembly A-AIR006.1,3
Rocket propulsion subsystem SS-002,Assembly,Control actuation unit assembly A-ROC002.2,3
Rocket propulsion subsystem SS-002,Assembly,Structural section assembly A-ROC002.1,3
Warhead & fuzing subsystem SS-011,Assembly,PCB assembly assembly A-WAR011.2,3
Warhead & fuzing subsystem SS-011,Assembly,PCB assembly assembly A-WAR011.3,3
Warhead & fuzing subsystem SS-011,Assembly,Warhead section assembly A-WAR011.1,3
Protection subsystem SS-002,Assembly,Armor package assembly A-PRO002.2,3
Protection subsystem SS-002,Assembly,Armor package assembly A-PRO002.4,3
Protection subsystem SS-002,Assembly,Armor package assembly A-PRO002.1,3
Protection subsystem SS-002,Assembly,Structural section assembly A-PRO002.3,3
Protection subsystem SS-006,Assembly,Armor package assembly A-PRO006.1,3
Protection subsystem SS-006,Assembly,Structural section assembly A-PRO006.2,3
Mobility subsystem SS-006,Assembly,Engine powerpack assembly A-MOB006.1,3
Mobility subsystem SS-006,Assembly,Running gear assembly A-MOB006.2,3
Mobility subsystem SS-006,Assembly,Running gear assembly A-MOB006.3,3
Fire control subsystem SS-011,Assembly,Laser rangefinder / designator assembly A-FIR011.1,3
Fire control subsystem SS-011,Assembly,Laser rangefinder / designator assembly A-FIR011.2,3
Fire control subsystem SS-004,Assembly,Night-vision channel assembly A-FIR004.2,3
Fire control subsystem SS-004,Assembly,IR optical train assembly A-FIR004.1,3
Weapon station subsystem SS-005,Assembly,PCB assembly assembly A-WEA005.2,3
Weapon station subsystem SS-005,Assembly,PCB assembly assembly A-WEA005.1,3
Weapon station subsystem SS-002,Assembly,Control actuation unit assembly A-WEA002.2,3
Weapon station subsystem SS-002,Assembly,Control actuation unit assembly A-WEA002.1,3
Datalink & comms subsystem SS-005,Assembly,PCB assembly assembly A-DAT005.1,3
Datalink & comms subsystem SS-005,Assembly,GNSS module assembly A-DAT005.2,3
Airframe subsystem SS-003,Assembly,Structural section assembly A-AIR003.4,3
Airframe subsystem SS-003,Assembly,Radome assembly assembly A-AIR003.3,3
Airframe subsystem SS-003,Assembly,Control actuation unit assembly A-AIR003.2,3
Airframe subsystem SS-003,Assembly,Control actuation unit assembly A-AIR003.1,3
Diesel powertrain subsystem SS-008,Assembly,Engine powerpack assembly A-DIE008.1,3
Diesel powertrain subsystem SS-008,Assembly,Engine powerpack assembly A-DIE008.2,3
Diesel powertrain subsystem SS-008,Assembly,Running gear assembly A-DIE008.3,3
Diesel powertrain subsystem SS-008,Assembly,Engine powerpack assembly A-DIE008.4,3
Diesel powertrain subsystem SS-002,Assembly,Engine powerpack assembly A-DIE002.1,3
Diesel powertrain subsystem SS-002,Assembly,Running gear assembly A-DIE002.2,3
Diesel powertrain subsystem SS-012,Assembly,Engine powerpack assembly A-DIE012.2,3
Diesel powertrain subsystem SS-012,Assembly,Engine powerpack assembly A-DIE012.1,3
Diesel powertrain subsystem SS-011,Assembly,Running gear assembly A-DIE011.3,3
Diesel powertrain subsystem SS-011,Assembly,PCB assembly assembly A-DIE011.2,3
Diesel powertrain subsystem SS-011,Assembly,PCB assembly assembly A-DIE011.1,3
Guidance & navigation subsystem SS-002,Assembly,GNSS module assembly A-GUI002.1,3
Guidance & navigation subsystem SS-002,Assembly,Inertial measurement unit assembly A-GUI002.2,3
EO/IR seeker subsystem SS-014,Assembly,PCB assembly assembly A-EO/014.2,3
EO/IR seeker subsystem SS-014,Assembly,IR optical train assembly A-EO/014.1,3
EO/IR seeker subsystem SS-014,Assembly,PCB assembly assembly A-EO/014.4,3
EO/IR seeker subsystem SS-014,Assembly,PCB assembly assembly A-EO/014.3,3
EO/IR seeker subsystem SS-010,Assembly,IR optical train assembly A-EO/010.2,3
EO/IR seeker subsystem SS-010,Assembly,Laser rangefinder / designator assembly A-EO/010.1,3
EO/IR seeker subsystem SS-013,Assembly,Laser rangefinder / designator assembly A-EO/013.1,3
EO/IR seeker subsystem SS-013,Assembly,Laser rangefinder / designator assembly A-EO/013.2,3
Warhead & fuzing subsystem SS-002,Assembly,Warhead section assembly A-WAR002.2,3
Warhead & fuzing subsystem SS-002,Assembly,Thermal battery assembly assembly A-WAR002.1,3
Warhead & fuzing subsystem SS-002,Assembly,PCB assembly assembly A-WAR002.3,3
Warhead & fuzing subsystem SS-002,Assembly,PCB assembly assembly A-WAR002.4,3
Power subsystem SS-009,Assembly,Power conditioning unit assembly A-POW009.1,3
Power subsystem SS-009,Assembly,Battery pack assembly A-POW009.2,3
Power subsystem SS-009,Assembly,Thermal battery assembly assembly A-POW009.3,3
Power subsystem SS-009,Assembly,Battery pack assembly A-POW009.4,3
Power subsystem SS-003,Assembly,Battery pack assembly A-POW003.1,3
Power subsystem SS-003,Assembly,Battery pack assembly A-POW003.2,3
Power subsystem SS-012,Assembly,Battery pack assembly A-POW012.1,3
Power subsystem SS-012,Assembly,Power conditioning unit assembly A-POW012.2,3
Power subsystem SS-012,Assembly,Power conditioning unit assembly A-POW012.3,3
Power subsystem SS-012,Assembly,Battery pack assembly A-POW012.4,3
Datalink & comms subsystem SS-001,Assembly,PCB assembly assembly A-DAT001.2,3
Datalink & comms subsystem SS-001,Assembly,GNSS module assembly A-DAT001.1,3
Electric propulsion subsystem SS-001,Assembly,Power conditioning unit assembly A-ELE001.1,3
Electric propulsion subsystem SS-001,Assembly,Power conditioning unit assembly A-ELE001.2,3
Electric propulsion subsystem SS-001,Assembly,Power conditioning unit assembly A-ELE001.3,3
Electric propulsion subsystem SS-001,Assembly,Battery pack assembly A-ELE001.4,3
Electronic warfare subsystem SS-012,Assembly,RF front-end assembly A-ELE012.2,3
Electronic warfare subsystem SS-012,Assembly,Antenna array tile assembly A-ELE012.3,3
Electronic warfare subsystem SS-012,Assembly,Antenna array tile assembly A-ELE012.1,3
Electronic warfare subsystem SS-008,Assembly,Antenna array tile assembly A-ELE008.3,3
Electronic warfare subsystem SS-008,Assembly,RF front-end assembly A-ELE008.2,3
Electronic warfare subsystem SS-008,Assembly,PCB assembly assembly A-ELE008.1,3
EO/IR seeker subsystem SS-006,Assembly,IR optical train assembly A-EO/006.1,3
EO/IR seeker subsystem SS-006,Assembly,IR optical train assembly A-EO/006.2,3
EO/IR seeker subsystem SS-006,Assembly,IR optical train assembly A-EO/006.3,3
Guidance & navigation subsystem SS-005,Assembly,GNSS module assembly A-GUI005.1,3
Guidance & navigation subsystem SS-005,Assembly,PCB assembly assembly A-GUI005.2,3
Guidance & navigation subsystem SS-005,Assembly,Inertial measurement unit assembly A-GUI005.3,3
Electric propulsion subsystem SS-008,Assembly,Motor & drive assembly A-ELE008.1,3
Electric propulsion subsystem SS-008,Assembly,Power conditioning unit assembly A-ELE008.2,3
Electric propulsion subsystem SS-008,Assembly,Power conditioning unit assembly A-ELE008.3,3
Electric propulsion subsystem SS-008,Assembly,Motor & drive assembly A-ELE008.4,3
Electric propulsion subsystem SS-009,Assembly,Power conditioning unit assembly A-ELE009.2,3
Electric propulsion subsystem SS-009,Assembly,Power conditioning unit assembly A-ELE009.1,3
Electric propulsion subsystem SS-003,Assembly,Power conditioning unit assembly A-ELE003.4,3
Electric propulsion subsystem SS-003,Assembly,Battery pack assembly A-ELE003.3,3
Electric propulsion subsystem SS-003,Assembly,Battery pack assembly A-ELE003.2,3
Electric propulsion subsystem SS-003,Assembly,Battery pack assembly A-ELE003.1,3
Warhead & fuzing subsystem SS-010,Assembly,Thermal battery assembly assembly A-WAR010.2,3
Warhead & fuzing subsystem SS-010,Assembly,Thermal battery assembly assembly A-WAR010.1,3
Warhead & fuzing subsystem SS-014,Assembly,PCB assembly assembly A-WAR014.2,3
Warhead & fuzing subsystem SS-014,Assembly,Thermal battery assembly assembly A-WAR014.1,3
Warhead & fuzing subsystem SS-014,Assembly,PCB assembly assembly A-WAR014.3,3
Warhead & fuzing subsystem SS-014,Assembly,Warhead section assembly A-WAR014.4,3
Guidance & navigation subsystem SS-014,Assembly,Inertial measurement unit assembly A-GUI014.1,3
Guidance & navigation subsystem SS-014,Assembly,GNSS module assembly A-GUI014.2,3
Airframe subsystem SS-013,Assembly,Control actuation unit assembly A-AIR013.1,3
Airframe subsystem SS-013,Assembly,Control actuation unit assembly A-AIR013.2,3
Airframe subsystem SS-013,Assembly,Control actuation unit assembly A-AIR013.3,3
Airframe subsystem SS-013,Assembly,Radome assembly assembly A-AIR013.4,3
Airframe subsystem SS-005,Assembly,Control actuation unit assembly A-AIR005.3,3
Airframe subsystem SS-005,Assembly,Control actuation unit assembly A-AIR005.2,3
Airframe subsystem SS-005,Assembly,Radome assembly assembly A-AIR005.1,3
Airframe subsystem SS-002,Assembly,Structural section assembly A-AIR002.1,3
Airframe subsystem SS-002,Assembly,Control actuation unit assembly A-AIR002.2,3
Airframe subsystem SS-002,Assembly,Radome assembly assembly A-AIR002.3,3
Airframe subsystem SS-002,Assembly,Structural section assembly A-AIR002.4,3
Airframe subsystem SS-007,Assembly,Structural section assembly A-AIR007.3,3
Airframe subsystem SS-007,Assembly,Structural section assembly A-AIR007.2,3
Airframe subsystem SS-007,Assembly,Control actuation unit assembly A-AIR007.1,3
Rocket propulsion subsystem SS-003,Assembly,Rocket motor assembly A-ROC003.2,3
Rocket propulsion subsystem SS-003,Assembly,Structural section assembly A-ROC003.1,3
Rocket propulsion subsystem SS-004,Assembly,Structural section assembly A-ROC004.1,3
Rocket propulsion subsystem SS-004,Assembly,Rocket motor assembly A-ROC004.4,3
Rocket propulsion subsystem SS-004,Assembly,Control actuation unit assembly A-ROC004.3,3
Rocket propulsion subsystem SS-004,Assembly,Rocket motor assembly A-ROC004.2,3
Guidance & navigation subsystem SS-003,Assembly,PCB assembly assembly A-GUI003.3,3
Guidance & navigation subsystem SS-003,Assembly,PCB assembly assembly A-GUI003.2,3
Guidance & navigation subsystem SS-003,Assembly,PCB assembly assembly A-GUI003.1,3
Guidance & navigation subsystem SS-003,Assembly,PCB assembly assembly A-GUI003.4,3
Guidance & navigation subsystem SS-006,Assembly,GNSS module assembly A-GUI006.1,3
Guidance & navigation subsystem SS-006,Assembly,PCB assembly assembly A-GUI006.2,3
Guidance & navigation subsystem SS-006,Assembly,GNSS module assembly A-GUI006.3,3
Guidance & navigation subsystem SS-006,Assembly,PCB assembly assembly A-GUI006.4,3
Warhead & fuzing subsystem SS-004,Assembly,Warhead section assembly A-WAR004.1,3
Warhead & fuzing subsystem SS-004,Assembly,Thermal battery assembly assembly A-WAR004.3,3
Warhead & fuzing subsystem SS-004,Assembly,Warhead section assembly A-WAR004.2,3
Armor package assembly A-PRO009.3,Subassembly,Armor package SA-ARM039,4
Armor package assembly A-PRO009.3,Subassembly,Armor package SA-ARM006,4
Armor package assembly A-PRO009.3,Subassembly,Armor package SA-ARM018,4
Armor package assembly A-PRO009.2,Subassembly,Armor package SA-ARM009,4
Armor package assembly A-PRO009.2,Subassembly,Armor package SA-ARM032,4
Armor package assembly A-PRO009.1,Subassembly,Armor package SA-ARM001,4
Armor package assembly A-PRO009.1,Subassembly,Armor package SA-ARM003,4
Armor package assembly A-PRO009.1,Subassembly,Armor package SA-ARM004,4
Armor package assembly A-PRO009.1,Subassembly,Armor package SA-ARM013,4
Armor package assembly A-PRO009.1,Subassembly,Armor package SA-ARM033,4
Structural section assembly A-PRO013.1,Subassembly,Structural section SA-STR035,4
Structural section assembly A-PRO013.1,Subassembly,Structural section SA-STR036,4
Structural section assembly A-PRO013.1,Subassembly,Structural section SA-STR030,4
Armor package assembly A-PRO013.2,Subassembly,Armor package SA-ARM028,4
Armor package assembly A-PRO013.2,Subassembly,Armor package SA-ARM019,4
Armor package assembly A-PRO013.2,Subassembly,Armor package SA-ARM014,4
Armor package assembly A-PRO003.4,Subassembly,Armor package SA-ARM006,4
Armor package assembly A-PRO003.4,Subassembly,Armor package SA-ARM010,4
Structural section assembly A-PRO003.3,Subassembly,Structural section SA-STR040,4
Structural section assembly A-PRO003.3,Subassembly,Structural section SA-STR006,4
Structural section assembly A-PRO003.3,Subassembly,Structural section SA-STR019,4
Structural section assembly A-PRO003.3,Subassembly,Armor package SA-ARM019,4
Armor package assembly A-PRO003.2,Subassembly,Armor package SA-ARM025,4
Armor package assembly A-PRO003.2,Subassembly,Armor package SA-ARM010,4
Armor package assembly A-PRO003.2,Subassembly,Armor package SA-ARM016,4
Armor package assembly A-PRO003.1,Subassembly,Armor package SA-ARM017,4
Armor package assembly A-PRO003.1,Subassembly,Armor package SA-ARM025,4
Armor package assembly A-PRO003.1,Subassembly,Armor package SA-ARM003,4
Armor package assembly A-PRO003.1,Subassembly,Armor package SA-ARM019,4
Running gear assembly A-MOB009.1,Subassembly,Running gear SA-RUN007,4
Running gear assembly A-MOB009.1,Subassembly,Running gear SA-RUN019,4
Running gear assembly A-MOB009.1,Subassembly,Running gear SA-RUN012,4
Running gear assembly A-MOB009.1,Subassembly,Running gear SA-RUN009,4
Running gear assembly A-MOB009.1,Subassembly,Running gear SA-RUN027,4
Engine powerpack assembly A-MOB009.2,Subassembly,Engine powerpack SA-POW003,4
Engine powerpack assembly A-MOB009.2,Subassembly,Engine powerpack SA-POW011,4
Engine powerpack assembly A-MOB009.2,Subassembly,Engine powerpack SA-POW006,4
Engine powerpack assembly A-MOB009.2,Subassembly,Engine powerpack SA-POW021,4
Engine powerpack assembly A-MOB009.3,Subassembly,Engine powerpack SA-POW024,4
Engine powerpack assembly A-MOB009.3,Subassembly,Engine powerpack SA-POW032,4
Engine powerpack assembly A-MOB009.3,Subassembly,Engine powerpack SA-POW035,4
Engine powerpack assembly A-MOB009.3,Subassembly,Engine powerpack SA-POW026,4
Engine powerpack assembly A-MOB001.2,Subassembly,Engine powerpack SA-POW035,4
Engine powerpack assembly A-MOB001.2,Subassembly,Engine powerpack SA-POW036,4
Engine powerpack assembly A-MOB001.2,Subassembly,Engine powerpack SA-POW003,4
Engine powerpack assembly A-MOB001.2,Subassembly,Engine powerpack SA-POW001,4
Running gear assembly A-MOB001.1,Subassembly,Running gear SA-RUN010,4
Running gear assembly A-MOB001.1,Subassembly,Running gear SA-RUN032,4
Running gear assembly A-MOB001.1,Subassembly,Running gear SA-RUN003,4
Running gear assembly A-MOB002.1,Subassembly,Running gear SA-RUN020,4
Running gear assembly A-MOB002.1,Subassembly,Running gear SA-RUN004,4
Running gear assembly A-MOB002.2,Subassembly,Engine powerpack SA-POW027,4
Running gear assembly A-MOB002.2,Subassembly,Running gear SA-RUN015,4
Running gear assembly A-MOB002.2,Subassembly,Running gear SA-RUN023,4
Control actuation unit assembly A-MOB003.1,Subassembly,Control actuation unit SA-ACT029,4
Control actuation unit assembly A-MOB003.1,Subassembly,Control actuation unit SA-ACT032,4
Control actuation unit assembly A-MOB003.1,Subassembly,Control actuation unit SA-ACT029,4
Control actuation unit assembly A-MOB003.1,Subassembly,Control actuation unit SA-ACT025,4
Control actuation unit assembly A-MOB003.1,Subassembly,Control actuation unit SA-ACT039,4
Running gear assembly A-MOB003.2,Subassembly,Running gear SA-RUN038,4
Running gear assembly A-MOB003.2,Subassembly,Running gear SA-RUN017,4
Running gear assembly A-MOB003.2,Subassembly,Running gear SA-RUN009,4
Running gear assembly A-MOB003.2,Subassembly,Running gear SA-RUN008,4
Running gear assembly A-MOB003.3,Subassembly,Running gear SA-RUN008,4
Running gear assembly A-MOB003.3,Subassembly,Running gear SA-RUN001,4
Running gear assembly A-MOB003.3,Subassembly,Running gear SA-RUN024,4
Running gear assembly A-MOB003.3,Subassembly,Running gear SA-RUN015,4
PCB assembly assembly A-FIR006.4,Subassembly,PCB assembly SA-PCB032,4
PCB assembly assembly A-FIR006.4,Subassembly,PCB assembly SA-PCB029,4
PCB assembly assembly A-FIR006.4,Subassembly,PCB assembly SA-PCB022,4
PCB assembly assembly A-FIR006.4,Subassembly,PCB assembly SA-PCB027,4
PCB assembly assembly A-FIR006.4,Subassembly,Laser rangefinder / designator SA-LAS012,4
PCB assembly assembly A-FIR006.3,Subassembly,PCB assembly SA-PCB014,4
PCB assembly assembly A-FIR006.3,Subassembly,PCB assembly SA-PCB020,4
Night-vision channel assembly A-FIR006.2,Subassembly,Night-vision channel SA-NIG024,4
Night-vision channel assembly A-FIR006.2,Subassembly,Night-vision channel SA-NIG010,4
Night-vision channel assembly A-FIR006.2,Subassembly,Night-vision channel SA-NIG040,4
Night-vision channel assembly A-FIR006.2,Subassembly,Night-vision channel SA-NIG023,4
PCB assembly assembly A-FIR006.1,Subassembly,IR optical train SA-IR_029,4
PCB assembly assembly A-FIR006.1,Subassembly,PCB assembly SA-PCB005,4
PCB assembly assembly A-FIR006.1,Subassembly,PCB assembly SA-PCB036,4
PCB assembly assembly A-FIR006.1,Subassembly,PCB assembly SA-PCB014,4
PCB assembly assembly A-FIR013.1,Subassembly,PCB assembly SA-PCB021,4
PCB assembly assembly A-FIR013.1,Subassembly,PCB assembly SA-PCB021,4
PCB assembly assembly A-FIR013.1,Subassembly,PCB assembly SA-PCB030,4
PCB assembly assembly A-FIR013.1,Subassembly,PCB assembly SA-PCB010,4
IR optical train assembly A-FIR013.2,Subassembly,IR optical train SA-IR_024,4
IR optical train assembly A-FIR013.2,Subassembly,IR optical train SA-IR_017,4
IR optical train assembly A-FIR013.3,Subassembly,IR optical train SA-IR_001,4
IR optical train assembly A-FIR013.3,Subassembly,IR optical train SA-IR_036,4
IR optical train assembly A-FIR013.3,Subassembly,IR optical train SA-IR_034,4
IR optical train assembly A-FIR013.3,Subassembly,IR optical train SA-IR_029,4
IR optical train assembly A-FIR013.3,Subassembly,IR optical train SA-IR_035,4
Laser rangefinder / designator assembly A-FIR002.3,Subassembly,Laser rangefinder / designator SA-LAS023,4
Laser rangefinder / designator assembly A-FIR002.3,Subassembly,Laser rangefinder / designator SA-LAS019,4
Laser rangefinder / designator assembly A-FIR002.3,Subassembly,Laser rangefinder / designator SA-LAS011,4
Laser rangefinder / designator assembly A-FIR002.3,Subassembly,Laser rangefinder / designator SA-LAS038,4
Laser rangefinder / designator assembly A-FIR002.3,Subassembly,IR optical train SA-IR_027,4
IR optical train assembly A-FIR002.2,Subassembly,IR optical train SA-IR_038,4
IR optical train assembly A-FIR002.2,Subassembly,IR optical train SA-IR_011,4
IR optical train assembly A-FIR002.2,Subassembly,IR optical train SA-IR_035,4
IR optical train assembly A-FIR002.2,Subassembly,IR optical train SA-IR_020,4
IR optical train assembly A-FIR002.2,Subassembly,IR optical train SA-IR_032,4
IR optical train assembly A-FIR002.1,Subassembly,IR optical train SA-IR_030,4
IR optical train assembly A-FIR002.1,Subassembly,IR optical train SA-IR_029,4
IR optical train assembly A-FIR002.1,Subassembly,IR optical train SA-IR_012,4
IR optical train assembly A-FIR002.1,Subassembly,IR optical train SA-IR_005,4
Night-vision channel assembly A-FIR002.4,Subassembly,Night-vision channel SA-NIG007,4
Night-vision channel assembly A-FIR002.4,Subassembly,Night-vision channel SA-NIG022,4
Night-vision channel assembly A-FIR002.4,Subassembly,Night-vision channel SA-NIG003,4
Battery pack assembly A-POW013.3,Subassembly,Battery pack SA-BAT035,4
Battery pack assembly A-POW013.3,Subassembly,Battery pack SA-BAT040,4
Battery pack assembly A-POW013.4,Subassembly,Battery pack SA-BAT032,4
Battery pack assembly A-POW013.4,Subassembly,Battery pack SA-BAT021,4
Power conditioning unit assembly A-POW013.1,Subassembly,Power conditioning unit SA-POW001,4
Power conditioning unit assembly A-POW013.1,Subassembly,Power conditioning unit SA-POW014,4
Power conditioning unit assembly A-POW013.1,Subassembly,Power conditioning unit SA-POW002,4
Power conditioning unit assembly A-POW013.2,Subassembly,Power conditioning unit SA-POW014,4
Power conditioning unit assembly A-POW013.2,Subassembly,Power conditioning unit SA-POW040,4
Power conditioning unit assembly A-POW013.2,Subassembly,Power conditioning unit SA-POW027,4
Power conditioning unit assembly A-POW002.3,Subassembly,Power conditioning unit SA-POW014,4
Power conditioning unit assembly A-POW002.3,Subassembly,Power conditioning unit SA-POW021,4
Power conditioning unit assembly A-POW002.3,Subassembly,Power conditioning unit SA-POW025,4
Power conditioning unit assembly A-POW002.3,Subassembly,Power conditioning unit SA-POW036,4
Power conditioning unit assembly A-POW002.3,Subassembly,Battery pack SA-BAT024,4
Battery pack assembly A-POW002.2,Subassembly,Battery pack SA-BAT029,4
Battery pack assembly A-POW002.2,Subassembly,Battery pack SA-BAT034,4
Battery pack assembly A-POW002.2,Subassembly,Battery pack SA-BAT023,4
Battery pack assembly A-POW002.2,Subassembly,Power conditioning unit SA-POW035,4
Battery pack assembly A-POW002.2,Subassembly,Battery pack SA-BAT013,4
Battery pack assembly A-POW002.1,Subassembly,Battery pack SA-BAT016,4
Battery pack assembly A-POW002.1,Subassembly,Battery pack SA-BAT002,4
Battery pack assembly A-POW002.1,Subassembly,Battery pack SA-BAT008,4
Battery pack assembly A-POW002.1,Subassembly,Thermal battery assembly SA-THE009,4
Thermal battery assembly assembly A-POW007.3,Subassembly,Battery pack SA-BAT031,4
Thermal battery assembly assembly A-POW007.3,Subassembly,Thermal battery assembly SA-THE031,4
Thermal battery assembly assembly A-POW007.3,Subassembly,Thermal battery assembly SA-THE024,4
Power conditioning unit assembly A-POW007.2,Subassembly,Power conditioning unit SA-POW039,4
Power conditioning unit assembly A-POW007.2,Subassembly,Power conditioning unit SA-POW001,4
Power conditioning unit assembly A-POW007.2,Subassembly,Power conditioning unit SA-POW033,4
Battery pack assembly A-POW007.1,Subassembly,Battery pack SA-BAT026,4
Battery pack assembly A-POW007.1,Subassembly,Battery pack SA-BAT019,4
Battery pack assembly A-POW007.1,Subassembly,Battery pack SA-BAT009,4
Battery pack assembly A-POW007.1,Subassembly,Battery pack SA-BAT031,4
Control actuation unit assembly A-WEA011.1,Subassembly,Control actuation unit SA-ACT026,4
Control actuation unit assembly A-WEA011.1,Subassembly,Control actuation unit SA-ACT035,4
Control actuation unit assembly A-WEA011.1,Subassembly,Control actuation unit SA-ACT022,4
Control actuation unit assembly A-WEA011.1,Subassembly,Control actuation unit SA-ACT028,4
PCB assembly assembly A-WEA011.2,Subassembly,PCB assembly SA-PCB006,4
PCB assembly assembly A-WEA011.2,Subassembly,PCB assembly SA-PCB016,4
PCB assembly assembly A-WEA011.2,Subassembly,PCB assembly SA-PCB011,4
PCB assembly assembly A-WEA011.2,Subassembly,PCB assembly SA-PCB009,4
PCB assembly assembly A-WEA011.2,Subassembly,Control actuation unit SA-ACT006,4
Projectile & charge assembly A-WEA011.3,Subassembly,Projectile & charge SA-CAR040,4
Projectile & charge assembly A-WEA011.3,Subassembly,PCB assembly SA-PCB008,4
Projectile & charge assembly A-WEA011.3,Subassembly,Projectile & charge SA-CAR031,4
Control actuation unit assembly A-WEA011.4,Subassembly,IR optical train SA-IR_008,4
Control actuation unit assembly A-WEA011.4,Subassembly,Control actuation unit SA-ACT021,4
Control actuation unit assembly A-WEA011.4,Subassembly,Control actuation unit SA-ACT023,4
Control actuation unit assembly A-WEA011.4,Subassembly,Control actuation unit SA-ACT010,4
Control actuation unit assembly A-WEA011.4,Subassembly,Control actuation unit SA-ACT031,4
IR optical train assembly A-WEA010.2,Subassembly,IR optical train SA-IR_037,4
IR optical train assembly A-WEA010.2,Subassembly,IR optical train SA-IR_002,4
IR optical train assembly A-WEA010.2,Subassembly,IR optical train SA-IR_008,4
Projectile & charge assembly A-WEA010.3,Subassembly,Projectile & charge SA-CAR036,4
Projectile & charge assembly A-WEA010.3,Subassembly,Projectile & charge SA-CAR021,4
Projectile & charge assembly A-WEA010.3,Subassembly,Projectile & charge SA-CAR025,4
Control actuation unit assembly A-WEA010.1,Subassembly,Control actuation unit SA-ACT008,4
Control actuation unit assembly A-WEA010.1,Subassembly,Control actuation unit SA-ACT010,4
Control actuation unit assembly A-WEA010.1,Subassembly,Control actuation unit SA-ACT026,4
Control actuation unit assembly A-WEA010.1,Subassembly,Control actuation unit SA-ACT018,4
Control actuation unit assembly A-WEA010.1,Subassembly,Control actuation unit SA-ACT014,4
Control actuation unit assembly A-WEA003.2,Subassembly,Control actuation unit SA-ACT012,4
Control actuation unit assembly A-WEA003.2,Subassembly,Control actuation unit SA-ACT033,4
Control actuation unit assembly A-WEA003.2,Subassembly,Control actuation unit SA-ACT019,4
Control actuation unit assembly A-WEA003.1,Subassembly,Control actuation unit SA-ACT020,4
Control actuation unit assembly A-WEA003.1,Subassembly,Control actuation unit SA-ACT033,4
Control actuation unit assembly A-WEA003.1,Subassembly,Projectile & charge SA-CAR015,4
GNSS module assembly A-DAT004.1,Subassembly,GNSS module SA-GNS009,4
GNSS module assembly A-DAT004.1,Subassembly,GNSS module SA-GNS011,4
GNSS module assembly A-DAT004.1,Subassembly,GNSS module SA-GNS018,4
RF front-end assembly A-DAT004.2,Subassembly,RF front-end SA-RF_020,4
RF front-end assembly A-DAT004.2,Subassembly,RF front-end SA-RF_015,4
RF front-end assembly A-DAT004.2,Subassembly,PCB assembly SA-PCB033,4
PCB assembly assembly A-DAT002.2,Subassembly,PCB assembly SA-PCB035,4
PCB assembly assembly A-DAT002.2,Subassembly,PCB assembly SA-PCB003,4
PCB assembly assembly A-DAT002.2,Subassembly,PCB assembly SA-PCB040,4
PCB assembly assembly A-DAT002.2,Subassembly,PCB assembly SA-PCB036,4
GNSS module assembly A-DAT002.1,Subassembly,RF front-end SA-RF_013,4
GNSS module assembly A-DAT002.1,Subassembly,GNSS module SA-GNS037,4
GNSS module assembly A-DAT002.1,Subassembly,GNSS module SA-GNS017,4
GNSS module assembly A-DAT002.1,Subassembly,GNSS module SA-GNS031,4
GNSS module assembly A-DAT002.1,Subassembly,GNSS module SA-GNS025,4
PCB assembly assembly A-DAT012.4,Subassembly,PCB assembly SA-PCB020,4
PCB assembly assembly A-DAT012.4,Subassembly,PCB assembly SA-PCB030,4
PCB assembly assembly A-DAT012.4,Subassembly,PCB assembly SA-PCB007,4
RF front-end assembly A-DAT012.3,Subassembly,RF front-end SA-RF_036,4
RF front-end assembly A-DAT012.3,Subassembly,RF front-end SA-RF_009,4
RF front-end assembly A-DAT012.3,Subassembly,RF front-end SA-RF_005,4
GNSS module assembly A-DAT012.2,Subassembly,GNSS module SA-GNS012,4
GNSS module assembly A-DAT012.2,Subassembly,GNSS module SA-GNS034,4
RF front-end assembly A-DAT012.1,Subassembly,RF front-end SA-RF_028,4
RF front-end assembly A-DAT012.1,Subassembly,RF front-end SA-RF_017,4
RF front-end assembly A-DAT012.1,Subassembly,RF front-end SA-RF_039,4
Battery pack assembly A-POW014.3,Subassembly,Battery pack SA-BAT033,4
Battery pack assembly A-POW014.3,Subassembly,Battery pack SA-BAT022,4
Battery pack assembly A-POW014.2,Subassembly,Power conditioning unit SA-POW009,4
Battery pack assembly A-POW014.2,Subassembly,Battery pack SA-BAT013,4
Battery pack assembly A-POW014.2,Subassembly,Battery pack SA-BAT032,4
Power conditioning unit assembly A-POW014.1,Subassembly,Power conditioning unit SA-POW019,4
Power conditioning unit assembly A-POW014.1,Subassembly,Power conditioning unit SA-POW037,4
Power conditioning unit assembly A-POW014.1,Subassembly,Power conditioning unit SA-POW004,4
Power conditioning unit assembly A-POW014.1,Subassembly,Power conditioning unit SA-POW006,4
Structural section assembly A-AIR011.1,Subassembly,Structural section SA-STR026,4
Structural section assembly A-AIR011.1,Subassembly,Structural section SA-STR035,4
Structural section assembly A-AIR011.1,Subassembly,Structural section SA-STR032,4
Structural section assembly A-AIR011.1,Subassembly,Structural section SA-STR017,4
Structural section assembly A-AIR011.2,Subassembly,Control actuation unit SA-ACT023,4
Structural section assembly A-AIR011.2,Subassembly,Structural section SA-STR006,4
Structural section assembly A-AIR011.2,Subassembly,Structural section SA-STR015,4
Structural section assembly A-AIR011.2,Subassembly,Structural section SA-STR019,4
Radome assembly assembly A-AIR012.3,Subassembly,Radome assembly SA-RAD021,4
Radome assembly assembly A-AIR012.3,Subassembly,Radome assembly SA-RAD010,4
Radome assembly assembly A-AIR012.3,Subassembly,Radome assembly SA-RAD023,4
Radome assembly assembly A-AIR012.3,Subassembly,Radome assembly SA-RAD029,4
Control actuation unit assembly A-AIR012.2,Subassembly,Control actuation unit SA-ACT001,4
Control actuation unit assembly A-AIR012.2,Subassembly,Control actuation unit SA-ACT010,4
Control actuation unit assembly A-AIR012.2,Subassembly,Control actuation unit SA-ACT029,4
Control actuation unit assembly A-AIR012.2,Subassembly,Control actuation unit SA-ACT003,4
Radome assembly assembly A-AIR012.1,Subassembly,Radome assembly SA-RAD023,4
Radome assembly assembly A-AIR012.1,Subassembly,Radome assembly SA-RAD010,4
Radome assembly assembly A-AIR012.1,Subassembly,Radome assembly SA-RAD005,4
Radome assembly assembly A-AIR014.4,Subassembly,Radome assembly SA-RAD026,4
Radome assembly assembly A-AIR014.4,Subassembly,Radome assembly SA-RAD038,4
Radome assembly assembly A-AIR014.3,Subassembly,Radome assembly SA-RAD002,4
Radome assembly assembly A-AIR014.3,Subassembly,Radome assembly SA-RAD034,4
Radome assembly assembly A-AIR014.3,Subassembly,Radome assembly SA-RAD018,4
Radome assembly assembly A-AIR014.3,Subassembly,Radome assembly SA-RAD038,4
Radome assembly assembly A-AIR014.3,Subassembly,Structural section SA-STR027,4
Radome assembly assembly A-AIR014.2,Subassembly,Control actuation unit SA-ACT026,4
Radome assembly assembly A-AIR014.2,Subassembly,Radome assembly SA-RAD011,4
Radome assembly assembly A-AIR014.2,Subassembly,Radome assembly SA-RAD014,4
Radome assembly assembly A-AIR014.2,Subassembly,Radome assembly SA-RAD032,4
Radome assembly assembly A-AIR014.1,Subassembly,Radome assembly SA-RAD024,4
Radome assembly assembly A-AIR014.1,Subassembly,Radome assembly SA-RAD016,4
Control actuation unit assembly A-AIR001.2,Subassembly,Control actuation unit SA-ACT006,4
Control actuation unit assembly A-AIR001.2,Subassembly,Control actuation unit SA-ACT010,4
Control actuation unit assembly A-AIR001.2,Subassembly,Control actuation unit SA-ACT036,4
Control actuation unit assembly A-AIR001.2,Subassembly,Control actuation unit SA-ACT037,4
Radome assembly assembly A-AIR001.1,Subassembly,Radome assembly SA-RAD033,4
Radome assembly assembly A-AIR001.1,Subassembly,Radome assembly SA-RAD005,4
Radome assembly assembly A-AIR001.1,Subassembly,Radome assembly SA-RAD023,4
Radome assembly assembly A-AIR001.1,Subassembly,Radome assembly SA-RAD005,4
RF front-end assembly A-DAT010.4,Subassembly,GNSS module SA-GNS028,4
RF front-end assembly A-DAT010.4,Subassembly,RF front-end SA-RF_008,4
RF front-end assembly A-DAT010.4,Subassembly,RF front-end SA-RF_036,4
GNSS module assembly A-DAT010.3,Subassembly,GNSS module SA-GNS037,4
GNSS module assembly A-DAT010.3,Subassembly,GNSS module SA-GNS006,4
GNSS module assembly A-DAT010.3,Subassembly,RF front-end SA-RF_023,4
RF front-end assembly A-DAT010.1,Subassembly,RF front-end SA-RF_036,4
RF front-end assembly A-DAT010.1,Subassembly,RF front-end SA-RF_008,4
RF front-end assembly A-DAT010.1,Subassembly,RF front-end SA-RF_030,4
RF front-end assembly A-DAT010.1,Subassembly,GNSS module SA-GNS004,4
PCB assembly assembly A-DAT010.2,Subassembly,PCB assembly SA-PCB003,4
PCB assembly assembly A-DAT010.2,Subassembly,PCB assembly SA-PCB026,4
PCB assembly assembly A-DAT009.1,Subassembly,PCB assembly SA-PCB035,4
PCB assembly assembly A-DAT009.1,Subassembly,PCB assembly SA-PCB025,4
PCB assembly assembly A-DAT009.1,Subassembly,PCB assembly SA-PCB010,4
PCB assembly assembly A-DAT009.1,Subassembly,RF front-end SA-RF_010,4
GNSS module assembly A-DAT009.2,Subassembly,GNSS module SA-GNS033,4
GNSS module assembly A-DAT009.2,Subassembly,GNSS module SA-GNS011,4
GNSS module assembly A-DAT009.2,Subassembly,GNSS module SA-GNS004,4
GNSS module assembly A-DAT009.2,Subassembly,GNSS module SA-GNS007,4
PCB assembly assembly A-DAT009.3,Subassembly,PCB assembly SA-PCB005,4
PCB assembly assembly A-DAT009.3,Subassembly,GNSS module SA-GNS006,4
PCB assembly assembly A-DAT009.3,Subassembly,PCB assembly SA-PCB009,4
PCB assembly assembly A-DAT009.3,Subassembly,PCB assembly SA-PCB040,4
PCB assembly assembly A-DAT009.3,Subassembly,PCB assembly SA-PCB028,4
PCB assembly assembly A-JET003.1,Subassembly,PCB assembly SA-PCB028,4
PCB assembly assembly A-JET003.1,Subassembly,PCB assembly SA-PCB036,4
PCB assembly assembly A-JET003.1,Subassembly,PCB assembly SA-PCB011,4
PCB assembly assembly A-JET003.2,Subassembly,PCB assembly SA-PCB022,4
PCB assembly assembly A-JET003.2,Subassembly,PCB assembly SA-PCB016,4
PCB assembly assembly A-JET003.2,Subassembly,PCB assembly SA-PCB015,4
PCB assembly assembly A-JET003.2,Subassembly,PCB assembly SA-PCB007,4
PCB assembly assembly A-JET002.1,Subassembly,PCB assembly SA-PCB036,4
PCB assembly assembly A-JET002.1,Subassembly,PCB assembly SA-PCB024,4
PCB assembly assembly A-JET002.1,Subassembly,PCB assembly SA-PCB035,4
Turbojet unit assembly A-JET002.2,Subassembly,Turbojet unit SA-TUR014,4
Turbojet unit assembly A-JET002.2,Subassembly,Turbojet unit SA-TUR007,4
PCB assembly assembly A-JET002.3,Subassembly,PCB assembly SA-PCB023,4
PCB assembly assembly A-JET002.3,Subassembly,PCB assembly SA-PCB022,4
PCB assembly assembly A-JET002.3,Subassembly,PCB assembly SA-PCB012,4
PCB assembly assembly A-JET008.1,Subassembly,PCB assembly SA-PCB016,4
PCB assembly assembly A-JET008.1,Subassembly,PCB assembly SA-PCB023,4
PCB assembly assembly A-JET008.1,Subassembly,PCB assembly SA-PCB026,4
PCB assembly assembly A-JET008.1,Subassembly,PCB assembly SA-PCB010,4
Structural section assembly A-JET008.3,Subassembly,Structural section SA-STR029,4
Structural section assembly A-JET008.3,Subassembly,Structural section SA-STR015,4
Structural section assembly A-JET008.3,Subassembly,Structural section SA-STR027,4
Structural section assembly A-JET008.3,Subassembly,Structural section SA-STR007,4
Turbojet unit assembly A-JET008.4,Subassembly,Turbojet unit SA-TUR008,4
Turbojet unit assembly A-JET008.4,Subassembly,Turbojet unit SA-TUR021,4
Turbojet unit assembly A-JET008.4,Subassembly,Turbojet unit SA-TUR001,4
Turbojet unit assembly A-JET008.4,Subassembly,Turbojet unit SA-TUR003,4
Structural section assembly A-JET008.2,Subassembly,Structural section SA-STR025,4
Structural section assembly A-JET008.2,Subassembly,Structural section SA-STR039,4
Structural section assembly A-JET008.2,Subassembly,Turbojet unit SA-TUR021,4
Structural section assembly A-JET008.2,Subassembly,Structural section SA-STR003,4
Structural section assembly A-JET008.2,Subassembly,Structural section SA-STR030,4
GNSS module assembly A-GUI011.1,Subassembly,GNSS module SA-GNS001,4
GNSS module assembly A-GUI011.1,Subassembly,GNSS module SA-GNS032,4
GNSS module assembly A-GUI011.1,Subassembly,GNSS module SA-GNS004,4
PCB assembly assembly A-GUI011.2,Subassembly,PCB assembly SA-PCB022,4
PCB assembly assembly A-GUI011.2,Subassembly,PCB assembly SA-PCB024,4
PCB assembly assembly A-GUI011.2,Subassembly,PCB assembly SA-PCB014,4
GNSS module assembly A-GUI009.3,Subassembly,PCB assembly SA-PCB017,4
GNSS module assembly A-GUI009.3,Subassembly,GNSS module SA-GNS009,4
GNSS module assembly A-GUI009.3,Subassembly,GNSS module SA-GNS036,4
GNSS module assembly A-GUI009.3,Subassembly,GNSS module SA-GNS001,4
PCB assembly assembly A-GUI009.2,Subassembly,Inertial measurement unit SA-IMU011,4
PCB assembly assembly A-GUI009.2,Subassembly,PCB assembly SA-PCB029,4
PCB assembly assembly A-GUI009.2,Subassembly,PCB assembly SA-PCB016,4
PCB assembly assembly A-GUI009.2,Subassembly,PCB assembly SA-PCB014,4
PCB assembly assembly A-GUI009.2,Subassembly,PCB assembly SA-PCB026,4
Inertial measurement unit assembly A-GUI009.1,Subassembly,PCB assembly SA-PCB018,4
Inertial measurement unit assembly A-GUI009.1,Subassembly,Inertial measurement unit SA-IMU016,4
Inertial measurement unit assembly A-GUI009.1,Subassembly,Inertial measurement unit SA-IMU020,4
PCB assembly assembly A-GUI010.2,Subassembly,PCB assembly SA-PCB038,4
PCB assembly assembly A-GUI010.2,Subassembly,PCB assembly SA-PCB020,4
PCB assembly assembly A-GUI010.2,Subassembly,PCB assembly SA-PCB025,4
GNSS module assembly A-GUI010.1,Subassembly,GNSS module SA-GNS016,4
GNSS module assembly A-GUI010.1,Subassembly,GNSS module SA-GNS008,4
GNSS module assembly A-GUI010.1,Subassembly,GNSS module SA-GNS011,4
GNSS module assembly A-GUI010.1,Subassembly,GNSS module SA-GNS007,4
PCB assembly assembly A-GUI008.1,Subassembly,PCB assembly SA-PCB039,4
PCB assembly assembly A-GUI008.1,Subassembly,PCB assembly SA-PCB037,4
PCB assembly assembly A-GUI008.1,Subassembly,PCB assembly SA-PCB004,4
Inertial measurement unit assembly A-GUI008.2,Subassembly,Inertial measurement unit SA-IMU013,4
Inertial measurement unit assembly A-GUI008.2,Subassembly,Inertial measurement unit SA-IMU029,4
Inertial measurement unit assembly A-GUI008.2,Subassembly,Inertial measurement unit SA-IMU021,4
Battery pack assembly A-POW006.2,Subassembly,Battery pack SA-BAT006,4
Battery pack assembly A-POW006.2,Subassembly,Battery pack SA-BAT030,4
Battery pack assembly A-POW006.2,Subassembly,Power conditioning unit SA-POW005,4
Thermal battery assembly assembly A-POW006.1,Subassembly,Thermal battery assembly SA-THE034,4
Thermal battery assembly assembly A-POW006.1,Subassembly,Thermal battery assembly SA-THE002,4
Thermal battery assembly assembly A-POW006.1,Subassembly,Thermal battery assembly SA-THE026,4
Thermal battery assembly assembly A-POW006.1,Subassembly,Thermal battery assembly SA-THE009,4
Battery pack assembly A-POW011.2,Subassembly,Battery pack SA-BAT015,4
Battery pack assembly A-POW011.2,Subassembly,Battery pack SA-BAT017,4
Battery pack assembly A-POW011.2,Subassembly,Battery pack SA-BAT040,4
Battery pack assembly A-POW011.2,Subassembly,Battery pack SA-BAT013,4
Power conditioning unit assembly A-POW011.1,Subassembly,Power conditioning unit SA-POW009,4
Power conditioning unit assembly A-POW011.1,Subassembly,Power conditioning unit SA-POW018,4
Power conditioning unit assembly A-POW011.1,Subassembly,Power conditioning unit SA-POW037,4
Power conditioning unit assembly A-POW011.1,Subassembly,Power conditioning unit SA-POW019,4
Power conditioning unit assembly A-POW011.1,Subassembly,Power conditioning unit SA-POW030,4
Power conditioning unit assembly A-POW008.4,Subassembly,Power conditioning unit SA-POW017,4
Power conditioning unit assembly A-POW008.4,Subassembly,Power conditioning unit SA-POW009,4
Power conditioning unit assembly A-POW008.4,Subassembly,Power conditioning unit SA-POW027,4
Power conditioning unit assembly A-POW008.4,Subassembly,Power conditioning unit SA-POW036,4
Power conditioning unit assembly A-POW008.4,Subassembly,Power conditioning unit SA-POW005,4
Power conditioning unit assembly A-POW008.3,Subassembly,Power conditioning unit SA-POW037,4
Power conditioning unit assembly A-POW008.3,Subassembly,Power conditioning unit SA-POW019,4
Power conditioning unit assembly A-POW008.3,Subassembly,Power conditioning unit SA-POW036,4
Power conditioning unit assembly A-POW008.3,Subassembly,Power conditioning unit SA-POW033,4
Power conditioning unit assembly A-POW008.2,Subassembly,Power conditioning unit SA-POW019,4
Power conditioning unit assembly A-POW008.2,Subassembly,Power conditioning unit SA-POW012,4
Power conditioning unit assembly A-POW008.2,Subassembly,Battery pack SA-BAT007,4
Power conditioning unit assembly A-POW008.2,Subassembly,Power conditioning unit SA-POW025,4
Battery pack assembly A-POW008.1,Subassembly,Battery pack SA-BAT016,4
Battery pack assembly A-POW008.1,Subassembly,Battery pack SA-BAT008,4
Battery pack assembly A-POW008.1,Subassembly,Battery pack SA-BAT016,4
PCB assembly assembly A-WAR006.2,Subassembly,PCB assembly SA-PCB029,4
PCB assembly assembly A-WAR006.2,Subassembly,PCB assembly SA-PCB035,4
PCB assembly assembly A-WAR006.2,Subassembly,PCB assembly SA-PCB034,4
PCB assembly assembly A-WAR006.2,Subassembly,PCB assembly SA-PCB022,4
Warhead section assembly A-WAR006.1,Subassembly,Warhead section SA-WAR018,4
Warhead section assembly A-WAR006.1,Subassembly,Warhead section SA-WAR028,4
Warhead section assembly A-WAR006.1,Subassembly,Warhead section SA-WAR014,4
Warhead section assembly A-WAR006.1,Subassembly,Warhead section SA-WAR038,4
PCB assembly assembly A-WAR003.1,Subassembly,Thermal battery assembly SA-THE028,4
PCB assembly assembly A-WAR003.1,Subassembly,PCB assembly SA-PCB020,4
PCB assembly assembly A-WAR003.1,Subassembly,PCB assembly SA-PCB005,4
Thermal battery assembly assembly A-WAR003.2,Subassembly,Thermal battery assembly SA-THE027,4
Thermal battery assembly assembly A-WAR003.2,Subassembly,Thermal battery assembly SA-THE018,4
Thermal battery assembly assembly A-WAR003.2,Subassembly,Thermal battery assembly SA-THE027,4
Thermal battery assembly assembly A-WAR003.3,Subassembly,Thermal battery assembly SA-THE030,4
Thermal battery assembly assembly A-WAR003.3,Subassembly,Thermal battery assembly SA-THE036,4
Thermal battery assembly assembly A-WAR003.3,Subassembly,Thermal battery assembly SA-THE005,4
Warhead section assembly A-WAR007.1,Subassembly,Warhead section SA-WAR025,4
Warhead section assembly A-WAR007.1,Subassembly,Warhead section SA-WAR014,4
Warhead section assembly A-WAR007.1,Subassembly,PCB assembly SA-PCB006,4
Thermal battery assembly assembly A-WAR007.2,Subassembly,Thermal battery assembly SA-THE010,4
Thermal battery assembly assembly A-WAR007.2,Subassembly,Thermal battery assembly SA-THE020,4
Warhead section assembly A-WAR007.3,Subassembly,Warhead section SA-WAR022,4
Warhead section assembly A-WAR007.3,Subassembly,Warhead section SA-WAR011,4
Warhead section assembly A-WAR007.3,Subassembly,Warhead section SA-WAR040,4
PCB assembly assembly A-WAR001.1,Subassembly,PCB assembly SA-PCB017,4
PCB assembly assembly A-WAR001.1,Subassembly,PCB assembly SA-PCB020,4
PCB assembly assembly A-WAR001.1,Subassembly,PCB assembly SA-PCB026,4
Thermal battery assembly assembly A-WAR001.2,Subassembly,Thermal battery assembly SA-THE004,4
Thermal battery assembly assembly A-WAR001.2,Subassembly,Thermal battery assembly SA-THE017,4
Thermal battery assembly assembly A-WAR001.4,Subassembly,Thermal battery assembly SA-THE012,4
Thermal battery assembly assembly A-WAR001.4,Subassembly,Thermal battery assembly SA-THE015,4
Thermal battery assembly assembly A-WAR001.4,Subassembly,Thermal battery assembly SA-THE019,4
Thermal battery assembly assembly A-WAR001.4,Subassembly,Thermal battery assembly SA-THE003,4
Warhead section assembly A-WAR001.3,Subassembly,Warhead section SA-WAR020,4
Warhead section assembly A-WAR001.3,Subassembly,Thermal battery assembly SA-THE024,4
Warhead section assembly A-WAR001.3,Subassembly,Warhead section SA-WAR036,4
Warhead section assembly A-WAR001.3,Subassembly,Warhead section SA-WAR009,4
Warhead section assembly A-WAR001.3,Subassembly,Warhead section SA-WAR012,4
IR optical train assembly A-EO/001.2,Subassembly,IR optical train SA-IR_031,4
IR optical train assembly A-EO/001.2,Subassembly,IR optical train SA-IR_009,4
IR optical train assembly A-EO/001.2,Subassembly,IR optical train SA-IR_001,4
PCB assembly assembly A-EO/001.3,Subassembly,PCB assembly SA-PCB030,4
PCB assembly assembly A-EO/001.3,Subassembly,PCB assembly SA-PCB019,4
PCB assembly assembly A-EO/001.3,Subassembly,PCB assembly SA-PCB024,4
PCB assembly assembly A-EO/001.3,Subassembly,PCB assembly SA-PCB014,4
Laser rangefinder / designator assembly A-EO/001.1,Subassembly,Laser rangefinder / designator SA-LAS038,4
Laser rangefinder / designator assembly A-EO/001.1,Subassembly,Laser rangefinder / designator SA-LAS004,4
Laser rangefinder / designator assembly A-EO/001.1,Subassembly,Laser rangefinder / designator SA-LAS001,4
Laser rangefinder / designator assembly A-EO/001.1,Subassembly,Laser rangefinder / designator SA-LAS010,4
Laser rangefinder / designator assembly A-EO/001.1,Subassembly,IR optical train SA-IR_003,4
PCB assembly assembly A-EO/001.4,Subassembly,PCB assembly SA-PCB020,4
PCB assembly assembly A-EO/001.4,Subassembly,PCB assembly SA-PCB019,4
PCB assembly assembly A-EO/001.4,Subassembly,PCB assembly SA-PCB036,4
IR optical train assembly A-EO/004.2,Subassembly,IR optical train SA-IR_035,4
IR optical train assembly A-EO/004.2,Subassembly,IR optical train SA-IR_022,4
IR optical train assembly A-EO/004.2,Subassembly,IR optical train SA-IR_040,4
IR optical train assembly A-EO/004.1,Subassembly,IR optical train SA-IR_032,4
IR optical train assembly A-EO/004.1,Subassembly,IR optical train SA-IR_002,4
PCB assembly assembly A-EO/004.4,Subassembly,PCB assembly SA-PCB033,4
PCB assembly assembly A-EO/004.4,Subassembly,PCB assembly SA-PCB007,4
IR optical train assembly A-EO/004.3,Subassembly,IR optical train SA-IR_004,4
IR optical train assembly A-EO/004.3,Subassembly,IR optical train SA-IR_011,4
IR optical train assembly A-EO/004.3,Subassembly,IR optical train SA-IR_029,4
IR optical train assembly A-EO/004.3,Subassembly,IR optical train SA-IR_005,4
PCB assembly assembly A-GUI013.2,Subassembly,PCB assembly SA-PCB029,4
PCB assembly assembly A-GUI013.2,Subassembly,Inertial measurement unit SA-IMU016,4
PCB assembly assembly A-GUI013.2,Subassembly,PCB assembly SA-PCB018,4
PCB assembly assembly A-GUI013.2,Subassembly,PCB assembly SA-PCB020,4
GNSS module assembly A-GUI013.1,Subassembly,GNSS module SA-GNS011,4
GNSS module assembly A-GUI013.1,Subassembly,GNSS module SA-GNS033,4
GNSS module assembly A-GUI013.1,Subassembly,GNSS module SA-GNS007,4
PCB assembly assembly A-GUI013.3,Subassembly,PCB assembly SA-PCB035,4
PCB assembly assembly A-GUI013.3,Subassembly,PCB assembly SA-PCB015,4
PCB assembly assembly A-GUI013.3,Subassembly,PCB assembly SA-PCB013,4
PCB assembly assembly A-GUI013.3,Subassembly,PCB assembly SA-PCB024,4
Control actuation unit assembly A-ROC001.2,Subassembly,Structural section SA-STR034,4
Control actuation unit assembly A-ROC001.2,Subassembly,Control actuation unit SA-ACT040,4
Control actuation unit assembly A-ROC001.2,Subassembly,Control actuation unit SA-ACT006,4
Control actuation unit assembly A-ROC001.2,Subassembly,Control actuation unit SA-ACT017,4
Control actuation unit assembly A-ROC001.2,Subassembly,Control actuation unit SA-ACT037,4
Structural section assembly A-ROC001.1,Subassembly,Structural section SA-STR028,4
Structural section assembly A-ROC001.1,Subassembly,Structural section SA-STR037,4
Structural section assembly A-ROC001.1,Subassembly,Structural section SA-STR001,4
Rocket motor assembly A-ROC012.4,Subassembly,Rocket motor SA-ROC011,4
Rocket motor assembly A-ROC012.4,Subassembly,Rocket motor SA-ROC032,4
Rocket motor assembly A-ROC012.4,Subassembly,Rocket motor SA-ROC013,4
Rocket motor assembly A-ROC012.4,Subassembly,Rocket motor SA-ROC007,4
Structural section assembly A-ROC012.3,Subassembly,Structural section SA-STR006,4
Structural section assembly A-ROC012.3,Subassembly,Structural section SA-STR005,4
Structural section assembly A-ROC012.3,Subassembly,Structural section SA-STR028,4
Structural section assembly A-ROC012.3,Subassembly,Rocket motor SA-ROC036,4
Structural section assembly A-ROC012.3,Subassembly,Structural section SA-STR031,4
Rocket motor assembly A-ROC012.2,Subassembly,Rocket motor SA-ROC011,4
Rocket motor assembly A-ROC012.2,Subassembly,Rocket motor SA-ROC033,4
Rocket motor assembly A-ROC012.2,Subassembly,Rocket motor SA-ROC009,4
Rocket motor assembly A-ROC012.2,Subassembly,Rocket motor SA-ROC021,4
Control actuation unit assembly A-ROC012.1,Subassembly,Control actuation unit SA-ACT009,4
Control actuation unit assembly A-ROC012.1,Subassembly,Control actuation unit SA-ACT032,4
Control actuation unit assembly A-ROC012.1,Subassembly,Control actuation unit SA-ACT004,4
Control actuation unit assembly A-ROC012.1,Subassembly,Control actuation unit SA-ACT030,4
Control actuation unit assembly A-ROC012.1,Subassembly,Control actuation unit SA-ACT040,4
Structural section assembly A-ROC006.4,Subassembly,Rocket motor SA-ROC013,4
Structural section assembly A-ROC006.4,Subassembly,Structural section SA-STR024,4
Structural section assembly A-ROC006.4,Subassembly,Structural section SA-STR025,4
Structural section assembly A-ROC006.4,Subassembly,Structural section SA-STR014,4
Structural section assembly A-ROC006.4,Subassembly,Structural section SA-STR018,4
Rocket motor assembly A-ROC006.1,Subassembly,Rocket motor SA-ROC002,4
Rocket motor assembly A-ROC006.1,Subassembly,Rocket motor SA-ROC021,4
Rocket motor assembly A-ROC006.1,Subassembly,Rocket motor SA-ROC039,4
Rocket motor assembly A-ROC006.1,Subassembly,Control actuation unit SA-ACT004,4
Structural section assembly A-ROC006.2,Subassembly,Structural section SA-STR026,4
Structural section assembly A-ROC006.2,Subassembly,Structural section SA-STR008,4
Structural section assembly A-ROC006.2,Subassembly,Control actuation unit SA-ACT027,4
Structural section assembly A-ROC006.2,Subassembly,Structural section SA-STR023,4
Structural section assembly A-ROC006.3,Subassembly,Rocket motor SA-ROC018,4
Structural section assembly A-ROC006.3,Subassembly,Structural section SA-STR003,4
Structural section assembly A-ROC006.3,Subassembly,Structural section SA-STR021,4
Structural section assembly A-ROC006.3,Subassembly,Structural section SA-STR019,4
Control actuation unit assembly A-ROC008.4,Subassembly,Control actuation unit SA-ACT015,4
Control actuation unit assembly A-ROC008.4,Subassembly,Control actuation unit SA-ACT025,4
Control actuation unit assembly A-ROC008.4,Subassembly,Control actuation unit SA-ACT017,4
Rocket motor assembly A-ROC008.3,Subassembly,Rocket motor SA-ROC007,4
Rocket motor assembly A-ROC008.3,Subassembly,Rocket motor SA-ROC026,4
Rocket motor assembly A-ROC008.2,Subassembly,Rocket motor SA-ROC004,4
Rocket motor assembly A-ROC008.2,Subassembly,Rocket motor SA-ROC002,4
Rocket motor assembly A-ROC008.2,Subassembly,Rocket motor SA-ROC011,4
Rocket motor assembly A-ROC008.2,Subassembly,Rocket motor SA-ROC026,4
Structural section assembly A-ROC008.1,Subassembly,Structural section SA-STR037,4
Structural section assembly A-ROC008.1,Subassembly,Structural section SA-STR026,4
Structural section assembly A-ROC008.1,Subassembly,Structural section SA-STR026,4
Structural section assembly A-AIR009.2,Subassembly,Structural section SA-STR032,4
Structural section assembly A-AIR009.2,Subassembly,Structural section SA-STR003,4
Structural section assembly A-AIR009.2,Subassembly,Structural section SA-STR010,4
Structural section assembly A-AIR009.3,Subassembly,Structural section SA-STR009,4
Structural section assembly A-AIR009.3,Subassembly,Structural section SA-STR030,4
Structural section assembly A-AIR009.3,Subassembly,Structural section SA-STR012,4
Structural section assembly A-AIR009.3,Subassembly,Structural section SA-STR040,4
Structural section assembly A-AIR009.1,Subassembly,Structural section SA-STR033,4
Structural section assembly A-AIR009.1,Subassembly,Structural section SA-STR025,4
Structural section assembly A-AIR009.1,Subassembly,Structural section SA-STR019,4
Control actuation unit assembly A-AIR010.1,Subassembly,Control actuation unit SA-ACT025,4
Control actuation unit assembly A-AIR010.1,Subassembly,Control actuation unit SA-ACT019,4
Control actuation unit assembly A-AIR010.1,Subassembly,Control actuation unit SA-ACT008,4
Control actuation unit assembly A-AIR010.1,Subassembly,Control actuation unit SA-ACT021,4
Control actuation unit assembly A-AIR010.1,Subassembly,Radome assembly SA-RAD026,4
Structural section assembly A-AIR010.2,Subassembly,Structural section SA-STR003,4
Structural section assembly A-AIR010.2,Subassembly,Structural section SA-STR004,4
Radome assembly assembly A-AIR010.3,Subassembly,Radome assembly SA-RAD004,4
Radome assembly assembly A-AIR010.3,Subassembly,Radome assembly SA-RAD022,4
Radome assembly assembly A-AIR010.3,Subassembly,Control actuation unit SA-ACT025,4
Radome assembly assembly A-AIR010.4,Subassembly,Radome assembly SA-RAD037,4
Radome assembly assembly A-AIR010.4,Subassembly,Radome assembly SA-RAD004,4
Radome assembly assembly A-AIR010.4,Subassembly,Radome assembly SA-RAD038,4
Power conditioning unit assembly A-POW001.1,Subassembly,Power conditioning unit SA-POW026,4
Power conditioning unit assembly A-POW001.1,Subassembly,Power conditioning unit SA-POW028,4
Power conditioning unit assembly A-POW001.1,Subassembly,Power conditioning unit SA-POW033,4
Power conditioning unit assembly A-POW001.1,Subassembly,Power conditioning unit SA-POW040,4
Power conditioning unit assembly A-POW001.1,Subassembly,Power conditioning unit SA-POW027,4
Thermal battery assembly assembly A-POW001.2,Subassembly,Battery pack SA-BAT023,4
Thermal battery assembly assembly A-POW001.2,Subassembly,Thermal battery assembly SA-THE014,4
Thermal battery assembly assembly A-POW001.2,Subassembly,Thermal battery assembly SA-THE025,4
Thermal battery assembly assembly A-WAR013.3,Subassembly,Thermal battery assembly SA-THE032,4
Thermal battery assembly assembly A-WAR013.3,Subassembly,Thermal battery assembly SA-THE021,4
Thermal battery assembly assembly A-WAR013.3,Subassembly,Thermal battery assembly SA-THE034,4
Thermal battery assembly assembly A-WAR013.3,Subassembly,Warhead section SA-WAR014,4
Warhead section assembly A-WAR013.2,Subassembly,Warhead section SA-WAR012,4
Warhead section assembly A-WAR013.2,Subassembly,Warhead section SA-WAR033,4
PCB assembly assembly A-WAR013.1,Subassembly,Thermal battery assembly SA-THE032,4
PCB assembly assembly A-WAR013.1,Subassembly,PCB assembly SA-PCB021,4
PCB assembly assembly A-WAR013.1,Subassembly,PCB assembly SA-PCB034,4
PCB assembly assembly A-WAR009.2,Subassembly,Warhead section SA-WAR027,4
PCB assembly assembly A-WAR009.2,Subassembly,PCB assembly SA-PCB001,4
PCB assembly assembly A-WAR009.2,Subassembly,PCB assembly SA-PCB013,4
PCB assembly assembly A-WAR009.1,Subassembly,PCB assembly SA-PCB015,4
PCB assembly assembly A-WAR009.1,Subassembly,PCB assembly SA-PCB038,4
PCB assembly assembly A-WAR009.1,Subassembly,PCB assembly SA-PCB003,4
PCB assembly assembly A-WAR009.1,Subassembly,PCB assembly SA-PCB001,4
PCB assembly assembly A-WAR012.1,Subassembly,PCB assembly SA-PCB018,4
PCB assembly assembly A-WAR012.1,Subassembly,PCB assembly SA-PCB015,4
PCB assembly assembly A-WAR012.2,Subassembly,PCB assembly SA-PCB026,4
PCB assembly assembly A-WAR012.2,Subassembly,PCB assembly SA-PCB035,4
PCB assembly assembly A-WAR012.2,Subassembly,Thermal battery assembly SA-THE016,4
RF front-end assembly A-DAT013.4,Subassembly,RF front-end SA-RF_016,4
RF front-end assembly A-DAT013.4,Subassembly,RF front-end SA-RF_014,4
RF front-end assembly A-DAT013.4,Subassembly,RF front-end SA-RF_038,4
RF front-end assembly A-DAT013.4,Subassembly,GNSS module SA-GNS011,4
PCB assembly assembly A-DAT013.3,Subassembly,PCB assembly SA-PCB022,4
PCB assembly assembly A-DAT013.3,Subassembly,PCB assembly SA-PCB030,4
PCB assembly assembly A-DAT013.3,Subassembly,PCB assembly SA-PCB007,4
GNSS module assembly A-DAT013.2,Subassembly,GNSS module SA-GNS005,4
GNSS module assembly A-DAT013.2,Subassembly,GNSS module SA-GNS004,4
GNSS module assembly A-DAT013.2,Subassembly,GNSS module SA-GNS015,4
GNSS module assembly A-DAT013.2,Subassembly,GNSS module SA-GNS016,4
PCB assembly assembly A-DAT013.1,Subassembly,PCB assembly SA-PCB030,4
PCB assembly assembly A-DAT013.1,Subassembly,PCB assembly SA-PCB036,4
Structural section assembly A-AIR008.2,Subassembly,Structural section SA-STR005,4
Structural section assembly A-AIR008.2,Subassembly,Structural section SA-STR033,4
Structural section assembly A-AIR008.2,Subassembly,Structural section SA-STR003,4
Structural section assembly A-AIR008.3,Subassembly,Control actuation unit SA-ACT035,4
Structural section assembly A-AIR008.3,Subassembly,Structural section SA-STR028,4
Structural section assembly A-AIR008.3,Subassembly,Structural section SA-STR023,4
Control actuation unit assembly A-AIR008.1,Subassembly,Control actuation unit SA-ACT024,4
Control actuation unit assembly A-AIR008.1,Subassembly,Control actuation unit SA-ACT002,4
Control actuation unit assembly A-AIR008.1,Subassembly,Control actuation unit SA-ACT018,4
Control actuation unit assembly A-AIR008.1,Subassembly,Control actuation unit SA-ACT005,4
Power conditioning unit assembly A-ELE005.2,Subassembly,Battery pack SA-BAT003,4
Power conditioning unit assembly A-ELE005.2,Subassembly,Power conditioning unit SA-POW033,4
Power conditioning unit assembly A-ELE005.2,Subassembly,Power conditioning unit SA-POW028,4
Power conditioning unit assembly A-ELE005.2,Subassembly,Power conditioning unit SA-POW007,4
Power conditioning unit assembly A-ELE005.1,Subassembly,Power conditioning unit SA-POW034,4
Power conditioning unit assembly A-ELE005.1,Subassembly,Power conditioning unit SA-POW022,4
Power conditioning unit assembly A-ELE005.1,Subassembly,Power conditioning unit SA-POW007,4
Power conditioning unit assembly A-ELE005.1,Subassembly,Power conditioning unit SA-POW009,4
Power conditioning unit assembly A-ELE005.3,Subassembly,Power conditioning unit SA-POW038,4
Power conditioning unit assembly A-ELE005.3,Subassembly,Power conditioning unit SA-POW003,4
Power conditioning unit assembly A-ELE005.3,Subassembly,Power conditioning unit SA-POW016,4
Power conditioning unit assembly A-ELE005.3,Subassembly,Power conditioning unit SA-POW035,4
Power conditioning unit assembly A-ELE005.3,Subassembly,Power conditioning unit SA-POW010,4
Power conditioning unit assembly A-ELE005.4,Subassembly,Power conditioning unit SA-POW031,4
Power conditioning unit assembly A-ELE005.4,Subassembly,Power conditioning unit SA-POW008,4
Power conditioning unit assembly A-ELE005.4,Subassembly,Power conditioning unit SA-POW039,4
Motor & drive assembly A-ELE013.4,Subassembly,Motor & drive SA-MOT002,4
Motor & drive assembly A-ELE013.4,Subassembly,Motor & drive SA-MOT001,4
Motor & drive assembly A-ELE013.4,Subassembly,Motor & drive SA-MOT036,4
Motor & drive assembly A-ELE013.4,Subassembly,Motor & drive SA-MOT017,4
Power conditioning unit assembly A-ELE013.3,Subassembly,Motor & drive SA-MOT016,4
Power conditioning unit assembly A-ELE013.3,Subassembly,Power conditioning unit SA-POW036,4
Power conditioning unit assembly A-ELE013.3,Subassembly,Power conditioning unit SA-POW029,4
Motor & drive assembly A-ELE013.2,Subassembly,Motor & drive SA-MOT026,4
Motor & drive assembly A-ELE013.2,Subassembly,Motor & drive SA-MOT002,4
Motor & drive assembly A-ELE013.2,Subassembly,Motor & drive SA-MOT004,4
Power conditioning unit assembly A-ELE013.1,Subassembly,Power conditioning unit SA-POW028,4
Power conditioning unit assembly A-ELE013.1,Subassembly,Power conditioning unit SA-POW035,4
Power conditioning unit assembly A-ELE013.1,Subassembly,Power conditioning unit SA-POW022,4
Power conditioning unit assembly A-ELE013.1,Subassembly,Power conditioning unit SA-POW009,4
Power conditioning unit assembly A-ELE013.1,Subassembly,Power conditioning unit SA-POW012,4
Battery pack assembly A-ELE010.1,Subassembly,Battery pack SA-BAT001,4
Battery pack assembly A-ELE010.1,Subassembly,Battery pack SA-BAT007,4
Battery pack assembly A-ELE010.1,Subassembly,Battery pack SA-BAT037,4
Battery pack assembly A-ELE010.1,Subassembly,Battery pack SA-BAT035,4
Battery pack assembly A-ELE010.2,Subassembly,Battery pack SA-BAT024,4
Battery pack assembly A-ELE010.2,Subassembly,Battery pack SA-BAT026,4
Battery pack assembly A-ELE010.2,Subassembly,Battery pack SA-BAT030,4
Battery pack assembly A-ELE010.2,Subassembly,Battery pack SA-BAT005,4
Battery pack assembly A-ELE010.2,Subassembly,Battery pack SA-BAT037,4
Power conditioning unit assembly A-ELE010.3,Subassembly,Power conditioning unit SA-POW039,4
Power conditioning unit assembly A-ELE010.3,Subassembly,Power conditioning unit SA-POW025,4
Power conditioning unit assembly A-ELE010.3,Subassembly,Power conditioning unit SA-POW008,4
Power conditioning unit assembly A-ELE010.3,Subassembly,Power conditioning unit SA-POW018,4
Battery pack assembly A-ELE010.4,Subassembly,Battery pack SA-BAT008,4
Battery pack assembly A-ELE010.4,Subassembly,Battery pack SA-BAT018,4
Battery pack assembly A-ELE010.4,Subassembly,Battery pack SA-BAT015,4
Battery pack assembly A-ELE010.4,Subassembly,Battery pack SA-BAT017,4
PCB assembly assembly A-GUI007.1,Subassembly,PCB assembly SA-PCB020,4
PCB assembly assembly A-GUI007.1,Subassembly,PCB assembly SA-PCB007,4
PCB assembly assembly A-GUI007.2,Subassembly,PCB assembly SA-PCB002,4
PCB assembly assembly A-GUI007.2,Subassembly,PCB assembly SA-PCB028,4
PCB assembly assembly A-GUI007.2,Subassembly,Inertial measurement unit SA-IMU002,4
PCB assembly assembly A-GUI007.2,Subassembly,PCB assembly SA-PCB030,4
Inertial measurement unit assembly A-GUI007.3,Subassembly,Inertial measurement unit SA-IMU003,4
Inertial measurement unit assembly A-GUI007.3,Subassembly,Inertial measurement unit SA-IMU021,4
Inertial measurement unit assembly A-GUI007.3,Subassembly,Inertial measurement unit SA-IMU010,4
Inertial measurement unit assembly A-GUI007.3,Subassembly,Inertial measurement unit SA-IMU017,4
Inertial measurement unit assembly A-GUI007.4,Subassembly,Inertial measurement unit SA-IMU020,4
Inertial measurement unit assembly A-GUI007.4,Subassembly,Inertial measurement unit SA-IMU005,4
PCB assembly assembly A-GUI004.1,Subassembly,PCB assembly SA-PCB039,4
PCB assembly assembly A-GUI004.1,Subassembly,PCB assembly SA-PCB013,4
PCB assembly assembly A-GUI004.1,Subassembly,PCB assembly SA-PCB035,4
PCB assembly assembly A-GUI004.1,Subassembly,PCB assembly SA-PCB037,4
PCB assembly assembly A-GUI004.2,Subassembly,GNSS module SA-GNS001,4
PCB assembly assembly A-GUI004.2,Subassembly,PCB assembly SA-PCB023,4
PCB assembly assembly A-GUI004.2,Subassembly,PCB assembly SA-PCB030,4
Inertial measurement unit assembly A-GUI004.3,Subassembly,Inertial measurement unit SA-IMU025,4
Inertial measurement unit assembly A-GUI004.3,Subassembly,Inertial measurement unit SA-IMU022,4
Inertial measurement unit assembly A-GUI004.3,Subassembly,GNSS module SA-GNS028,4
Inertial measurement unit assembly A-GUI004.3,Subassembly,Inertial measurement unit SA-IMU038,4
Inertial measurement unit assembly A-GUI004.4,Subassembly,PCB assembly SA-PCB036,4
Inertial measurement unit assembly A-GUI004.4,Subassembly,Inertial measurement unit SA-IMU020,4
Inertial measurement unit assembly A-GUI004.4,Subassembly,Inertial measurement unit SA-IMU036,4
Inertial measurement unit assembly A-GUI004.4,Subassembly,Inertial measurement unit SA-IMU032,4
Power conditioning unit assembly A-POW010.4,Subassembly,Power conditioning unit SA-POW013,4
Power conditioning unit assembly A-POW010.4,Subassembly,Power conditioning unit SA-POW022,4
Power conditioning unit assembly A-POW010.4,Subassembly,Power conditioning unit SA-POW008,4
Power conditioning unit assembly A-POW010.4,Subassembly,Power conditioning unit SA-POW029,4
Thermal battery assembly assembly A-POW010.3,Subassembly,Thermal battery assembly SA-THE035,4
Thermal battery assembly assembly A-POW010.3,Subassembly,Thermal battery assembly SA-THE013,4
Thermal battery assembly assembly A-POW010.3,Subassembly,Thermal battery assembly SA-THE031,4
Battery pack assembly A-POW010.2,Subassembly,Battery pack SA-BAT014,4
Battery pack assembly A-POW010.2,Subassembly,Battery pack SA-BAT025,4
Battery pack assembly A-POW010.2,Subassembly,Battery pack SA-BAT015,4
Power conditioning unit assembly A-POW010.1,Subassembly,Power conditioning unit SA-POW003,4
Power conditioning unit assembly A-POW010.1,Subassembly,Power conditioning unit SA-POW003,4
Power conditioning unit assembly A-POW010.1,Subassembly,Power conditioning unit SA-POW009,4
Antenna array tile assembly A-RAD009.2,Subassembly,Antenna array tile SA-ARR034,4
Antenna array tile assembly A-RAD009.2,Subassembly,Antenna array tile SA-ARR003,4
Power conditioning unit assembly A-RAD009.1,Subassembly,Power conditioning unit SA-POW023,4
Power conditioning unit assembly A-RAD009.1,Subassembly,Power conditioning unit SA-POW036,4
Power conditioning unit assembly A-RAD009.1,Subassembly,Power conditioning unit SA-POW021,4
Power conditioning unit assembly A-RAD009.1,Subassembly,Power conditioning unit SA-POW018,4
Antenna array tile assembly A-RAD007.2,Subassembly,RF front-end SA-RF_031,4
Antenna array tile assembly A-RAD007.2,Subassembly,Antenna array tile SA-ARR040,4
Antenna array tile assembly A-RAD007.2,Subassembly,Antenna array tile SA-ARR009,4
Antenna array tile assembly A-RAD007.2,Subassembly,Antenna array tile SA-ARR005,4
PCB assembly assembly A-RAD007.1,Subassembly,PCB assembly SA-PCB005,4
PCB assembly assembly A-RAD007.1,Subassembly,PCB assembly SA-PCB009,4
PCB assembly assembly A-RAD007.1,Subassembly,PCB assembly SA-PCB012,4
PCB assembly assembly A-RAD012.3,Subassembly,PCB assembly SA-PCB007,4
PCB assembly assembly A-RAD012.3,Subassembly,PCB assembly SA-PCB018,4
PCB assembly assembly A-RAD012.3,Subassembly,PCB assembly SA-PCB019,4
PCB assembly assembly A-RAD012.3,Subassembly,PCB assembly SA-PCB002,4
Antenna array tile assembly A-RAD012.2,Subassembly,PCB assembly SA-PCB033,4
Antenna array tile assembly A-RAD012.2,Subassembly,Antenna array tile SA-ARR028,4
Antenna array tile assembly A-RAD012.2,Subassembly,Antenna array tile SA-ARR006,4
Antenna array tile assembly A-RAD012.2,Subassembly,Antenna array tile SA-ARR024,4
Antenna array tile assembly A-RAD012.1,Subassembly,PCB assembly SA-PCB013,4
Antenna array tile assembly A-RAD012.1,Subassembly,Antenna array tile SA-ARR008,4
Antenna array tile assembly A-RAD012.1,Subassembly,Antenna array tile SA-ARR013,4
Antenna array tile assembly A-RAD012.1,Subassembly,Antenna array tile SA-ARR019,4
Antenna array tile assembly A-RAD012.1,Subassembly,Antenna array tile SA-ARR014,4
GNSS module assembly A-DAT003.1,Subassembly,GNSS module SA-GNS030,4
GNSS module assembly A-DAT003.1,Subassembly,GNSS module SA-GNS017,4
PCB assembly assembly A-DAT003.2,Subassembly,GNSS module SA-GNS006,4
PCB assembly assembly A-DAT003.2,Subassembly,PCB assembly SA-PCB030,4
PCB assembly assembly A-DAT003.2,Subassembly,PCB assembly SA-PCB027,4
RF front-end assembly A-DAT003.3,Subassembly,RF front-end SA-RF_003,4
RF front-end assembly A-DAT003.3,Subassembly,RF front-end SA-RF_023,4
RF front-end assembly A-DAT003.3,Subassembly,RF front-end SA-RF_010,4
Structural section assembly A-PRO011.1,Subassembly,Structural section SA-STR019,4
Structural section assembly A-PRO011.1,Subassembly,Structural section SA-STR023,4
Structural section assembly A-PRO011.1,Subassembly,Structural section SA-STR019,4
Structural section assembly A-PRO011.1,Subassembly,Structural section SA-STR032,4
Structural section assembly A-PRO011.1,Subassembly,Structural section SA-STR012,4
Armor package assembly A-PRO011.4,Subassembly,Armor package SA-ARM036,4
Armor package assembly A-PRO011.4,Subassembly,Armor package SA-ARM016,4
Armor package assembly A-PRO011.4,Subassembly,Armor package SA-ARM003,4
Armor package assembly A-PRO011.4,Subassembly,Armor package SA-ARM004,4
Armor package assembly A-PRO011.4,Subassembly,Armor package SA-ARM006,4
Armor package assembly A-PRO011.3,Subassembly,Armor package SA-ARM021,4
Armor package assembly A-PRO011.3,Subassembly,Armor package SA-ARM009,4
Armor package assembly A-PRO011.3,Subassembly,Armor package SA-ARM026,4
Armor package assembly A-PRO011.3,Subassembly,Armor package SA-ARM023,4
Armor package assembly A-PRO011.2,Subassembly,Armor package SA-ARM022,4
Armor package assembly A-PRO011.2,Subassembly,Armor package SA-ARM020,4
Structural section assembly A-PRO012.1,Subassembly,Structural section SA-STR014,4
Structural section assembly A-PRO012.1,Subassembly,Structural section SA-STR039,4
Structural section assembly A-PRO012.1,Subassembly,Structural section SA-STR032,4
Structural section assembly A-PRO012.1,Subassembly,Structural section SA-STR028,4
Structural section assembly A-PRO012.1,Subassembly,Armor package SA-ARM005,4
Structural section assembly A-PRO012.2,Subassembly,Structural section SA-STR036,4
Structural section assembly A-PRO012.2,Subassembly,Structural section SA-STR025,4
Structural section assembly A-PRO012.2,Subassembly,Structural section SA-STR019,4
Structural section assembly A-PRO012.2,Subassembly,Structural section SA-STR016,4
Armor package assembly A-PRO010.3,Subassembly,Armor package SA-ARM014,4
Armor package assembly A-PRO010.3,Subassembly,Armor package SA-ARM011,4
Armor package assembly A-PRO010.3,Subassembly,Armor package SA-ARM006,4
Armor package assembly A-PRO010.3,Subassembly,Armor package SA-ARM020,4
Armor package assembly A-PRO010.2,Subassembly,Armor package SA-ARM013,4
Armor package assembly A-PRO010.2,Subassembly,Armor package SA-ARM006,4
Armor package assembly A-PRO010.2,Subassembly,Armor package SA-ARM007,4
Armor package assembly A-PRO010.2,Subassembly,Armor package SA-ARM004,4
Armor package assembly A-PRO010.2,Subassembly,Armor package SA-ARM040,4
Armor package assembly A-PRO010.1,Subassembly,Armor package SA-ARM033,4
Armor package assembly A-PRO010.1,Subassembly,Armor package SA-ARM005,4
Armor package assembly A-PRO010.1,Subassembly,Armor package SA-ARM026,4
Antenna array tile assembly A-RAD014.1,Subassembly,Antenna array tile SA-ARR004,4
Antenna array tile assembly A-RAD014.1,Subassembly,Antenna array tile SA-ARR020,4
Antenna array tile assembly A-RAD014.2,Subassembly,Antenna array tile SA-ARR010,4
Antenna array tile assembly A-RAD014.2,Subassembly,Antenna array tile SA-ARR006,4
Power conditioning unit assembly A-RAD014.3,Subassembly,Power conditioning unit SA-POW026,4
Power conditioning unit assembly A-RAD014.3,Subassembly,Power conditioning unit SA-POW027,4
RF front-end assembly A-RAD010.1,Subassembly,Antenna array tile SA-ARR014,4
RF front-end assembly A-RAD010.1,Subassembly,RF front-end SA-RF_033,4
RF front-end assembly A-RAD010.1,Subassembly,RF front-end SA-RF_032,4
RF front-end assembly A-RAD010.4,Subassembly,RF front-end SA-RF_013,4
RF front-end assembly A-RAD010.4,Subassembly,RF front-end SA-RF_019,4
RF front-end assembly A-RAD010.4,Subassembly,RF front-end SA-RF_001,4
Power conditioning unit assembly A-RAD010.2,Subassembly,PCB assembly SA-PCB029,4
Power conditioning unit assembly A-RAD010.2,Subassembly,Power conditioning unit SA-POW004,4
Power conditioning unit assembly A-RAD010.2,Subassembly,Power conditioning unit SA-POW019,4
Power conditioning unit assembly A-RAD010.2,Subassembly,Power conditioning unit SA-POW026,4
Power conditioning unit assembly A-RAD010.2,Subassembly,Power conditioning unit SA-POW013,4
PCB assembly assembly A-RAD010.3,Subassembly,PCB assembly SA-PCB013,4
PCB assembly assembly A-RAD010.3,Subassembly,PCB assembly SA-PCB037,4
Power conditioning unit assembly A-RAD011.1,Subassembly,PCB assembly SA-PCB026,4
Power conditioning unit assembly A-RAD011.1,Subassembly,Power conditioning unit SA-POW028,4
Power conditioning unit assembly A-RAD011.1,Subassembly,Power conditioning unit SA-POW038,4
Power conditioning unit assembly A-RAD011.1,Subassembly,Power conditioning unit SA-POW030,4
PCB assembly assembly A-RAD011.3,Subassembly,PCB assembly SA-PCB001,4
PCB assembly assembly A-RAD011.3,Subassembly,PCB assembly SA-PCB025,4
PCB assembly assembly A-RAD011.3,Subassembly,RF front-end SA-RF_014,4
Antenna array tile assembly A-RAD011.4,Subassembly,Antenna array tile SA-ARR028,4
Antenna array tile assembly A-RAD011.4,Subassembly,PCB assembly SA-PCB012,4
Antenna array tile assembly A-RAD011.4,Subassembly,Antenna array tile SA-ARR036,4
Antenna array tile assembly A-RAD011.4,Subassembly,Antenna array tile SA-ARR019,4
RF front-end assembly A-RAD011.2,Subassembly,RF front-end SA-RF_026,4
RF front-end assembly A-RAD011.2,Subassembly,RF front-end SA-RF_031,4
Laser rangefinder / designator assembly A-FIR003.1,Subassembly,Laser rangefinder / designator SA-LAS034,4
Laser rangefinder / designator assembly A-FIR003.1,Subassembly,Laser rangefinder / designator SA-LAS032,4
Night-vision channel assembly A-FIR003.2,Subassembly,Night-vision channel SA-NIG034,4
Night-vision channel assembly A-FIR003.2,Subassembly,Night-vision channel SA-NIG024,4
Night-vision channel assembly A-FIR003.3,Subassembly,IR optical train SA-IR_023,4
Night-vision channel assembly A-FIR003.3,Subassembly,Night-vision channel SA-NIG029,4
Night-vision channel assembly A-FIR003.3,Subassembly,Night-vision channel SA-NIG017,4
Night-vision channel assembly A-FIR003.3,Subassembly,Night-vision channel SA-NIG030,4
Night-vision channel assembly A-FIR005.1,Subassembly,Night-vision channel SA-NIG020,4
Night-vision channel assembly A-FIR005.1,Subassembly,Night-vision channel SA-NIG030,4
Night-vision channel assembly A-FIR005.1,Subassembly,Laser rangefinder / designator SA-LAS023,4
Night-vision channel assembly A-FIR005.1,Subassembly,Night-vision channel SA-NIG026,4
Night-vision channel assembly A-FIR005.2,Subassembly,Night-vision channel SA-NIG014,4
Night-vision channel assembly A-FIR005.2,Subassembly,Night-vision channel SA-NIG025,4
Night-vision channel assembly A-FIR005.2,Subassembly,Night-vision channel SA-NIG029,4
Night-vision channel assembly A-FIR005.2,Subassembly,Night-vision channel SA-NIG019,4
Night-vision channel assembly A-FIR005.2,Subassembly,Night-vision channel SA-NIG037,4
Laser rangefinder / designator assembly A-FIR005.3,Subassembly,Laser rangefinder / designator SA-LAS038,4
Laser rangefinder / designator assembly A-FIR005.3,Subassembly,Laser rangefinder / designator SA-LAS027,4
Laser rangefinder / designator assembly A-FIR005.3,Subassembly,Laser rangefinder / designator SA-LAS001,4
Laser rangefinder / designator assembly A-FIR005.3,Subassembly,Laser rangefinder / designator SA-LAS040,4
Laser rangefinder / designator assembly A-FIR005.4,Subassembly,Laser rangefinder / designator SA-LAS022,4
Laser rangefinder / designator assembly A-FIR005.4,Subassembly,Laser rangefinder / designator SA-LAS030,4
Laser rangefinder / designator assembly A-FIR005.4,Subassembly,Night-vision channel SA-NIG015,4
Engine powerpack assembly A-MOB008.1,Subassembly,Control actuation unit SA-ACT010,4
Engine powerpack assembly A-MOB008.1,Subassembly,Engine powerpack SA-POW001,4
Engine powerpack assembly A-MOB008.1,Subassembly,Engine powerpack SA-POW015,4
Engine powerpack assembly A-MOB008.1,Subassembly,Engine powerpack SA-POW007,4
Engine powerpack assembly A-MOB008.1,Subassembly,Engine powerpack SA-POW039,4
Running gear assembly A-MOB008.2,Subassembly,Running gear SA-RUN017,4
Running gear assembly A-MOB008.2,Subassembly,Running gear SA-RUN016,4
Running gear assembly A-MOB008.2,Subassembly,Running gear SA-RUN019,4
Running gear assembly A-MOB008.2,Subassembly,Running gear SA-RUN036,4
Running gear assembly A-MOB011.1,Subassembly,Running gear SA-RUN003,4
Running gear assembly A-MOB011.1,Subassembly,Running gear SA-RUN021,4
Running gear assembly A-MOB011.1,Subassembly,Control actuation unit SA-ACT032,4
Running gear assembly A-MOB011.4,Subassembly,Engine powerpack SA-POW002,4
Running gear assembly A-MOB011.4,Subassembly,Running gear SA-RUN015,4
Running gear assembly A-MOB011.4,Subassembly,Running gear SA-RUN034,4
Running gear assembly A-MOB011.4,Subassembly,Running gear SA-RUN016,4
Running gear assembly A-MOB011.4,Subassembly,Running gear SA-RUN002,4
Running gear assembly A-MOB011.2,Subassembly,Running gear SA-RUN028,4
Running gear assembly A-MOB011.2,Subassembly,Running gear SA-RUN020,4
Running gear assembly A-MOB011.2,Subassembly,Running gear SA-RUN005,4
Running gear assembly A-MOB011.2,Subassembly,Running gear SA-RUN016,4
Control actuation unit assembly A-MOB011.3,Subassembly,Control actuation unit SA-ACT006,4
Control actuation unit assembly A-MOB011.3,Subassembly,Control actuation unit SA-ACT013,4
Control actuation unit assembly A-MOB011.3,Subassembly,Control actuation unit SA-ACT039,4
Running gear assembly A-MOB014.3,Subassembly,Control actuation unit SA-ACT038,4
Running gear assembly A-MOB014.3,Subassembly,Running gear SA-RUN039,4
Running gear assembly A-MOB014.3,Subassembly,Running gear SA-RUN003,4
Running gear assembly A-MOB014.3,Subassembly,Running gear SA-RUN027,4
Running gear assembly A-MOB014.3,Subassembly,Running gear SA-RUN037,4
Control actuation unit assembly A-MOB014.2,Subassembly,Control actuation unit SA-ACT027,4
Control actuation unit assembly A-MOB014.2,Subassembly,Control actuation unit SA-ACT002,4
Control actuation unit assembly A-MOB014.2,Subassembly,Control actuation unit SA-ACT013,4
Running gear assembly A-MOB014.1,Subassembly,Running gear SA-RUN004,4
Running gear assembly A-MOB014.1,Subassembly,Running gear SA-RUN008,4
Projectile & charge assembly A-WEA014.2,Subassembly,Projectile & charge SA-CAR002,4
Projectile & charge assembly A-WEA014.2,Subassembly,Projectile & charge SA-CAR032,4
Projectile & charge assembly A-WEA014.2,Subassembly,Projectile & charge SA-CAR013,4
Projectile & charge assembly A-WEA014.2,Subassembly,Projectile & charge SA-CAR019,4
Projectile & charge assembly A-WEA014.1,Subassembly,Projectile & charge SA-CAR038,4
Projectile & charge assembly A-WEA014.1,Subassembly,Projectile & charge SA-CAR033,4
Control actuation unit assembly A-WEA007.1,Subassembly,Control actuation unit SA-ACT014,4
Control actuation unit assembly A-WEA007.1,Subassembly,Control actuation unit SA-ACT034,4
Control actuation unit assembly A-WEA007.1,Subassembly,Control actuation unit SA-ACT009,4
Projectile & charge assembly A-WEA007.2,Subassembly,Projectile & charge SA-CAR018,4
Projectile & charge assembly A-WEA007.2,Subassembly,Projectile & charge SA-CAR012,4
Projectile & charge assembly A-WEA007.2,Subassembly,Projectile & charge SA-CAR032,4
Projectile & charge assembly A-WEA007.2,Subassembly,Projectile & charge SA-CAR007,4
Projectile & charge assembly A-WEA007.2,Subassembly,PCB assembly SA-PCB011,4
Power conditioning unit assembly A-POW004.1,Subassembly,Power conditioning unit SA-POW040,4
Power conditioning unit assembly A-POW004.1,Subassembly,Power conditioning unit SA-POW018,4
Power conditioning unit assembly A-POW004.1,Subassembly,Power conditioning unit SA-POW015,4
Power conditioning unit assembly A-POW004.1,Subassembly,Power conditioning unit SA-POW038,4
Power conditioning unit assembly A-POW004.2,Subassembly,Power conditioning unit SA-POW023,4
Power conditioning unit assembly A-POW004.2,Subassembly,Power conditioning unit SA-POW014,4
Control actuation unit assembly A-AIR004.2,Subassembly,Radome assembly SA-RAD008,4
Control actuation unit assembly A-AIR004.2,Subassembly,Control actuation unit SA-ACT018,4
Control actuation unit assembly A-AIR004.2,Subassembly,Control actuation unit SA-ACT026,4
Control actuation unit assembly A-AIR004.2,Subassembly,Control actuation unit SA-ACT022,4
Control actuation unit assembly A-AIR004.1,Subassembly,Control actuation unit SA-ACT019,4
Control actuation unit assembly A-AIR004.1,Subassembly,Control actuation unit SA-ACT025,4
Radome assembly assembly A-AIR004.3,Subassembly,Structural section SA-STR033,4
Radome assembly assembly A-AIR004.3,Subassembly,Radome assembly SA-RAD016,4
Radome assembly assembly A-AIR004.3,Subassembly,Radome assembly SA-RAD003,4
Radome assembly assembly A-AIR004.3,Subassembly,Radome assembly SA-RAD017,4
Radome assembly assembly A-AIR004.3,Subassembly,Radome assembly SA-RAD008,4
Control actuation unit assembly A-AIR006.4,Subassembly,Control actuation unit SA-ACT028,4
Control actuation unit assembly A-AIR006.4,Subassembly,Control actuation unit SA-ACT015,4
Control actuation unit assembly A-AIR006.4,Subassembly,Control actuation unit SA-ACT018,4
Control actuation unit assembly A-AIR006.4,Subassembly,Control actuation unit SA-ACT030,4
Control actuation unit assembly A-AIR006.4,Subassembly,Radome assembly SA-RAD021,4
Structural section assembly A-AIR006.3,Subassembly,Radome assembly SA-RAD019,4
Structural section assembly A-AIR006.3,Subassembly,Structural section SA-STR018,4
Structural section assembly A-AIR006.3,Subassembly,Structural section SA-STR036,4
Structural section assembly A-AIR006.3,Subassembly,Structural section SA-STR025,4
Structural section assembly A-AIR006.2,Subassembly,Structural section SA-STR002,4
Structural section assembly A-AIR006.2,Subassembly,Structural section SA-STR010,4
Structural section assembly A-AIR006.2,Subassembly,Structural section SA-STR032,4
Structural section assembly A-AIR006.2,Subassembly,Structural section SA-STR017,4
Structural section assembly A-AIR006.1,Subassembly,Structural section SA-STR004,4
Structural section assembly A-AIR006.1,Subassembly,Structural section SA-STR020,4
Structural section assembly A-AIR006.1,Subassembly,Structural section SA-STR013,4
Structural section assembly A-AIR006.1,Subassembly,Structural section SA-STR012,4
Control actuation unit assembly A-ROC002.2,Subassembly,Control actuation unit SA-ACT018,4
Control actuation unit assembly A-ROC002.2,Subassembly,Control actuation unit SA-ACT024,4
Control actuation unit assembly A-ROC002.2,Subassembly,Control actuation unit SA-ACT007,4
Structural section assembly A-ROC002.1,Subassembly,Structural section SA-STR037,4
Structural section assembly A-ROC002.1,Subassembly,Structural section SA-STR006,4
Structural section assembly A-ROC002.1,Subassembly,Structural section SA-STR020,4
Structural section assembly A-ROC002.1,Subassembly,Structural section SA-STR029,4
PCB assembly assembly A-WAR011.2,Subassembly,PCB assembly SA-PCB024,4
PCB assembly assembly A-WAR011.2,Subassembly,PCB assembly SA-PCB037,4
PCB assembly assembly A-WAR011.3,Subassembly,Thermal battery assembly SA-THE035,4
PCB assembly assembly A-WAR011.3,Subassembly,PCB assembly SA-PCB011,4
PCB assembly assembly A-WAR011.3,Subassembly,PCB assembly SA-PCB009,4
PCB assembly assembly A-WAR011.3,Subassembly,PCB assembly SA-PCB024,4
PCB assembly assembly A-WAR011.3,Subassembly,PCB assembly SA-PCB039,4
Warhead section assembly A-WAR011.1,Subassembly,Warhead section SA-WAR027,4
Warhead section assembly A-WAR011.1,Subassembly,Warhead section SA-WAR033,4
Warhead section assembly A-WAR011.1,Subassembly,Warhead section SA-WAR018,4
Armor package assembly A-PRO002.2,Subassembly,Armor package SA-ARM018,4
Armor package assembly A-PRO002.2,Subassembly,Armor package SA-ARM014,4
Armor package assembly A-PRO002.2,Subassembly,Armor package SA-ARM016,4
Armor package assembly A-PRO002.2,Subassembly,Armor package SA-ARM025,4
Armor package assembly A-PRO002.2,Subassembly,Structural section SA-STR012,4
Armor package assembly A-PRO002.4,Subassembly,Armor package SA-ARM040,4
Armor package assembly A-PRO002.4,Subassembly,Armor package SA-ARM027,4
Armor package assembly A-PRO002.4,Subassembly,Armor package SA-ARM007,4
Armor package assembly A-PRO002.4,Subassembly,Structural section SA-STR019,4
Armor package assembly A-PRO002.1,Subassembly,Armor package SA-ARM003,4
Armor package assembly A-PRO002.1,Subassembly,Armor package SA-ARM011,4
Armor package assembly A-PRO002.1,Subassembly,Armor package SA-ARM021,4
Armor package assembly A-PRO002.1,Subassembly,Armor package SA-ARM017,4
Armor package assembly A-PRO002.1,Subassembly,Structural section SA-STR003,4
Structural section assembly A-PRO002.3,Subassembly,Structural section SA-STR035,4
Structural section assembly A-PRO002.3,Subassembly,Structural section SA-STR017,4
Structural section assembly A-PRO002.3,Subassembly,Structural section SA-STR011,4
Armor package assembly A-PRO006.1,Subassembly,Armor package SA-ARM012,4
Armor package assembly A-PRO006.1,Subassembly,Armor package SA-ARM020,4
Armor package assembly A-PRO006.1,Subassembly,Armor package SA-ARM005,4
Structural section assembly A-PRO006.2,Subassembly,Structural section SA-STR004,4
Structural section assembly A-PRO006.2,Subassembly,Structural section SA-STR019,4
Structural section assembly A-PRO006.2,Subassembly,Structural section SA-STR039,4
Structural section assembly A-PRO006.2,Subassembly,Structural section SA-STR011,4
Engine powerpack assembly A-MOB006.1,Subassembly,Engine powerpack SA-POW031,4
Engine powerpack assembly A-MOB006.1,Subassembly,Engine powerpack SA-POW025,4
Running gear assembly A-MOB006.2,Subassembly,Running gear SA-RUN006,4
Running gear assembly A-MOB006.2,Subassembly,Running gear SA-RUN009,4
Running gear assembly A-MOB006.2,Subassembly,Running gear SA-RUN027,4
Running gear assembly A-MOB006.2,Subassembly,Running gear SA-RUN003,4
Running gear assembly A-MOB006.2,Subassembly,Running gear SA-RUN029,4
Running gear assembly A-MOB006.3,Subassembly,Running gear SA-RUN036,4
Running gear assembly A-MOB006.3,Subassembly,Running gear SA-RUN030,4
Running gear assembly A-MOB006.3,Subassembly,Running gear SA-RUN012,4
Laser rangefinder / designator assembly A-FIR011.1,Subassembly,Laser rangefinder / designator SA-LAS001,4
Laser rangefinder / designator assembly A-FIR011.1,Subassembly,Laser rangefinder / designator SA-LAS023,4
Laser rangefinder / designator assembly A-FIR011.1,Subassembly,Laser rangefinder / designator SA-LAS014,4
Laser rangefinder / designator assembly A-FIR011.2,Subassembly,Laser rangefinder / designator SA-LAS026,4
Laser rangefinder / designator assembly A-FIR011.2,Subassembly,Laser rangefinder / designator SA-LAS005,4
Laser rangefinder / designator assembly A-FIR011.2,Subassembly,Laser rangefinder / designator SA-LAS017,4
Night-vision channel assembly A-FIR004.2,Subassembly,PCB assembly SA-PCB032,4
Night-vision channel assembly A-FIR004.2,Subassembly,Night-vision channel SA-NIG035,4
Night-vision channel assembly A-FIR004.2,Subassembly,Night-vision channel SA-NIG038,4
IR optical train assembly A-FIR004.1,Subassembly,IR optical train SA-IR_037,4
IR optical train assembly A-FIR004.1,Subassembly,IR optical train SA-IR_015,4
PCB assembly assembly A-WEA005.2,Subassembly,PCB assembly SA-PCB026,4
PCB assembly assembly A-WEA005.2,Subassembly,Projectile & charge SA-CAR006,4
PCB assembly assembly A-WEA005.2,Subassembly,PCB assembly SA-PCB040,4
PCB assembly assembly A-WEA005.1,Subassembly,PCB assembly SA-PCB015,4
PCB assembly assembly A-WEA005.1,Subassembly,PCB assembly SA-PCB021,4
PCB assembly assembly A-WEA005.1,Subassembly,IR optical train SA-IR_034,4
Control actuation unit assembly A-WEA002.2,Subassembly,Control actuation unit SA-ACT033,4
Control actuation unit assembly A-WEA002.2,Subassembly,Control actuation unit SA-ACT040,4
Control actuation unit assembly A-WEA002.1,Subassembly,Control actuation unit SA-ACT033,4
Control actuation unit assembly A-WEA002.1,Subassembly,Control actuation unit SA-ACT011,4
PCB assembly assembly A-DAT005.1,Subassembly,PCB assembly SA-PCB038,4
PCB assembly assembly A-DAT005.1,Subassembly,PCB assembly SA-PCB001,4
PCB assembly assembly A-DAT005.1,Subassembly,PCB assembly SA-PCB021,4
PCB assembly assembly A-DAT005.1,Subassembly,PCB assembly SA-PCB032,4
GNSS module assembly A-DAT005.2,Subassembly,GNSS module SA-GNS027,4
GNSS module assembly A-DAT005.2,Subassembly,GNSS module SA-GNS010,4
GNSS module assembly A-DAT005.2,Subassembly,GNSS module SA-GNS004,4
GNSS module assembly A-DAT005.2,Subassembly,GNSS module SA-GNS014,4
GNSS module assembly A-DAT005.2,Subassembly,GNSS module SA-GNS003,4
Structural section assembly A-AIR003.4,Subassembly,Structural section SA-STR002,4
Structural section assembly A-AIR003.4,Subassembly,Structural section SA-STR023,4
Radome assembly assembly A-AIR003.3,Subassembly,Radome assembly SA-RAD038,4
Radome assembly assembly A-AIR003.3,Subassembly,Radome assembly SA-RAD011,4
Radome assembly assembly A-AIR003.3,Subassembly,Radome assembly SA-RAD002,4
Radome assembly assembly A-AIR003.3,Subassembly,Radome assembly SA-RAD036,4
Control actuation unit assembly A-AIR003.2,Subassembly,Control actuation unit SA-ACT004,4
Control actuation unit assembly A-AIR003.2,Subassembly,Control actuation unit SA-ACT006,4
Control actuation unit assembly A-AIR003.1,Subassembly,Control actuation unit SA-ACT003,4
Control actuation unit assembly A-AIR003.1,Subassembly,Control actuation unit SA-ACT017,4
Control actuation unit assembly A-AIR003.1,Subassembly,Control actuation unit SA-ACT006,4
Control actuation unit assembly A-AIR003.1,Subassembly,Control actuation unit SA-ACT021,4
Engine powerpack assembly A-DIE008.1,Subassembly,Engine powerpack SA-POW024,4
Engine powerpack assembly A-DIE008.1,Subassembly,Engine powerpack SA-POW006,4
Engine powerpack assembly A-DIE008.1,Subassembly,Engine powerpack SA-POW038,4
Engine powerpack assembly A-DIE008.1,Subassembly,Engine powerpack SA-POW009,4
Engine powerpack assembly A-DIE008.2,Subassembly,Engine powerpack SA-POW023,4
Engine powerpack assembly A-DIE008.2,Subassembly,Engine powerpack SA-POW012,4
Engine powerpack assembly A-DIE008.2,Subassembly,Engine powerpack SA-POW034,4
Running gear assembly A-DIE008.3,Subassembly,Running gear SA-RUN007,4
Running gear assembly A-DIE008.3,Subassembly,Running gear SA-RUN019,4
Running gear assembly A-DIE008.3,Subassembly,PCB assembly SA-PCB007,4
Engine powerpack assembly A-DIE008.4,Subassembly,Running gear SA-RUN003,4
Engine powerpack assembly A-DIE008.4,Subassembly,Engine powerpack SA-POW019,4
Engine powerpack assembly A-DIE008.4,Subassembly,Engine powerpack SA-POW018,4
Engine powerpack assembly A-DIE008.4,Subassembly,Engine powerpack SA-POW034,4
Engine powerpack assembly A-DIE008.4,Subassembly,Engine powerpack SA-POW009,4
Engine powerpack assembly A-DIE002.1,Subassembly,Engine powerpack SA-POW026,4
Engine powerpack assembly A-DIE002.1,Subassembly,Engine powerpack SA-POW039,4
Engine powerpack assembly A-DIE002.1,Subassembly,Running gear SA-RUN004,4
Engine powerpack assembly A-DIE002.1,Subassembly,Engine powerpack SA-POW004,4
Engine powerpack assembly A-DIE002.1,Subassembly,Engine powerpack SA-POW024,4
Running gear assembly A-DIE002.2,Subassembly,Running gear SA-RUN006,4
Running gear assembly A-DIE002.2,Subassembly,Running gear SA-RUN001,4
Running gear assembly A-DIE002.2,Subassembly,Engine powerpack SA-POW018,4
Engine powerpack assembly A-DIE012.2,Subassembly,Engine powerpack SA-POW020,4
Engine powerpack assembly A-DIE012.2,Subassembly,Engine powerpack SA-POW030,4
Engine powerpack assembly A-DIE012.1,Subassembly,Engine powerpack SA-POW012,4
Engine powerpack assembly A-DIE012.1,Subassembly,Engine powerpack SA-POW014,4
Engine powerpack assembly A-DIE012.1,Subassembly,Engine powerpack SA-POW039,4
Engine powerpack assembly A-DIE012.1,Subassembly,Engine powerpack SA-POW013,4
Engine powerpack assembly A-DIE012.1,Subassembly,Running gear SA-RUN015,4
Running gear assembly A-DIE011.3,Subassembly,Running gear SA-RUN022,4
Running gear assembly A-DIE011.3,Subassembly,Running gear SA-RUN029,4
Running gear assembly A-DIE011.3,Subassembly,Running gear SA-RUN004,4
Running gear assembly A-DIE011.3,Subassembly,Running gear SA-RUN008,4
PCB assembly assembly A-DIE011.2,Subassembly,PCB assembly SA-PCB007,4
PCB assembly assembly A-DIE011.2,Subassembly,PCB assembly SA-PCB001,4
PCB assembly assembly A-DIE011.2,Subassembly,PCB assembly SA-PCB038,4
PCB assembly assembly A-DIE011.1,Subassembly,PCB assembly SA-PCB009,4
PCB assembly assembly A-DIE011.1,Subassembly,PCB assembly SA-PCB008,4
GNSS module assembly A-GUI002.1,Subassembly,GNSS module SA-GNS027,4
GNSS module assembly A-GUI002.1,Subassembly,GNSS module SA-GNS014,4
GNSS module assembly A-GUI002.1,Subassembly,GNSS module SA-GNS032,4
GNSS module assembly A-GUI002.1,Subassembly,GNSS module SA-GNS003,4
GNSS module assembly A-GUI002.1,Subassembly,PCB assembly SA-PCB029,4
Inertial measurement unit assembly A-GUI002.2,Subassembly,Inertial measurement unit SA-IMU007,4
Inertial measurement unit assembly A-GUI002.2,Subassembly,Inertial measurement unit SA-IMU039,4
Inertial measurement unit assembly A-GUI002.2,Subassembly,Inertial measurement unit SA-IMU024,4
Inertial measurement unit assembly A-GUI002.2,Subassembly,PCB assembly SA-PCB005,4
PCB assembly assembly A-EO/014.2,Subassembly,PCB assembly SA-PCB020,4
PCB assembly assembly A-EO/014.2,Subassembly,PCB assembly SA-PCB035,4
PCB assembly assembly A-EO/014.2,Subassembly,PCB assembly SA-PCB003,4
PCB assembly assembly A-EO/014.2,Subassembly,IR optical train SA-IR_035,4
IR optical train assembly A-EO/014.1,Subassembly,IR optical train SA-IR_038,4
IR optical train assembly A-EO/014.1,Subassembly,IR optical train SA-IR_021,4
PCB assembly assembly A-EO/014.4,Subassembly,IR optical train SA-IR_011,4
PCB assembly assembly A-EO/014.4,Subassembly,PCB assembly SA-PCB033,4
PCB assembly assembly A-EO/014.4,Subassembly,PCB assembly SA-PCB020,4
PCB assembly assembly A-EO/014.3,Subassembly,PCB assembly SA-PCB036,4
PCB assembly assembly A-EO/014.3,Subassembly,PCB assembly SA-PCB012,4
PCB assembly assembly A-EO/014.3,Subassembly,PCB assembly SA-PCB016,4
PCB assembly assembly A-EO/014.3,Subassembly,PCB assembly SA-PCB018,4
IR optical train assembly A-EO/010.2,Subassembly,IR optical train SA-IR_014,4
IR optical train assembly A-EO/010.2,Subassembly,IR optical train SA-IR_032,4
IR optical train assembly A-EO/010.2,Subassembly,IR optical train SA-IR_018,4
IR optical train assembly A-EO/010.2,Subassembly,IR optical train SA-IR_034,4
Laser rangefinder / designator assembly A-EO/010.1,Subassembly,Laser rangefinder / designator SA-LAS035,4
Laser rangefinder / designator assembly A-EO/010.1,Subassembly,Laser rangefinder / designator SA-LAS032,4
Laser rangefinder / designator assembly A-EO/010.1,Subassembly,Laser rangefinder / designator SA-LAS028,4
Laser rangefinder / designator assembly A-EO/010.1,Subassembly,Laser rangefinder / designator SA-LAS019,4
Laser rangefinder / designator assembly A-EO/010.1,Subassembly,Laser rangefinder / designator SA-LAS002,4
Laser rangefinder / designator assembly A-EO/013.1,Subassembly,Laser rangefinder / designator SA-LAS017,4
Laser rangefinder / designator assembly A-EO/013.1,Subassembly,Laser rangefinder / designator SA-LAS026,4
Laser rangefinder / designator assembly A-EO/013.1,Subassembly,Laser rangefinder / designator SA-LAS013,4
Laser rangefinder / designator assembly A-EO/013.1,Subassembly,Laser rangefinder / designator SA-LAS032,4
Laser rangefinder / designator assembly A-EO/013.1,Subassembly,Laser rangefinder / designator SA-LAS034,4
Laser rangefinder / designator assembly A-EO/013.2,Subassembly,Laser rangefinder / designator SA-LAS006,4
Laser rangefinder / designator assembly A-EO/013.2,Subassembly,Laser rangefinder / designator SA-LAS034,4
Warhead section assembly A-WAR002.2,Subassembly,Warhead section SA-WAR016,4
Warhead section assembly A-WAR002.2,Subassembly,Warhead section SA-WAR001,4
Warhead section assembly A-WAR002.2,Subassembly,Warhead section SA-WAR021,4
Thermal battery assembly assembly A-WAR002.1,Subassembly,Thermal battery assembly SA-THE036,4
Thermal battery assembly assembly A-WAR002.1,Subassembly,Warhead section SA-WAR012,4
Thermal battery assembly assembly A-WAR002.1,Subassembly,Thermal battery assembly SA-THE026,4
Thermal battery assembly assembly A-WAR002.1,Subassembly,Thermal battery assembly SA-THE014,4
Thermal battery assembly assembly A-WAR002.1,Subassembly,Thermal battery assembly SA-THE024,4
PCB assembly assembly A-WAR002.3,Subassembly,PCB assembly SA-PCB021,4
PCB assembly assembly A-WAR002.3,Subassembly,PCB assembly SA-PCB008,4
PCB assembly assembly A-WAR002.4,Subassembly,PCB assembly SA-PCB028,4
PCB assembly assembly A-WAR002.4,Subassembly,PCB assembly SA-PCB006,4
PCB assembly assembly A-WAR002.4,Subassembly,PCB assembly SA-PCB036,4
PCB assembly assembly A-WAR002.4,Subassembly,PCB assembly SA-PCB010,4
Power conditioning unit assembly A-POW009.1,Subassembly,Thermal battery assembly SA-THE017,4
Power conditioning unit assembly A-POW009.1,Subassembly,Power conditioning unit SA-POW009,4
Power conditioning unit assembly A-POW009.1,Subassembly,Power conditioning unit SA-POW018,4
Battery pack assembly A-POW009.2,Subassembly,Thermal battery assembly SA-THE035,4
Battery pack assembly A-POW009.2,Subassembly,Battery pack SA-BAT011,4
Battery pack assembly A-POW009.2,Subassembly,Battery pack SA-BAT036,4
Battery pack assembly A-POW009.2,Subassembly,Battery pack SA-BAT038,4
Battery pack assembly A-POW009.2,Subassembly,Battery pack SA-BAT016,4
Thermal battery assembly assembly A-POW009.3,Subassembly,Battery pack SA-BAT017,4
Thermal battery assembly assembly A-POW009.3,Subassembly,Thermal battery assembly SA-THE016,4
Thermal battery assembly assembly A-POW009.3,Subassembly,Thermal battery assembly SA-THE007,4
Battery pack assembly A-POW009.4,Subassembly,Battery pack SA-BAT008,4
Battery pack assembly A-POW009.4,Subassembly,Battery pack SA-BAT036,4
Battery pack assembly A-POW009.4,Subassembly,Battery pack SA-BAT020,4
Battery pack assembly A-POW003.1,Subassembly,Thermal battery assembly SA-THE021,4
Battery pack assembly A-POW003.1,Subassembly,Battery pack SA-BAT010,4
Battery pack assembly A-POW003.1,Subassembly,Battery pack SA-BAT024,4
Battery pack assembly A-POW003.1,Subassembly,Battery pack SA-BAT004,4
Battery pack assembly A-POW003.2,Subassembly,Battery pack SA-BAT024,4
Battery pack assembly A-POW003.2,Subassembly,Battery pack SA-BAT033,4
Battery pack assembly A-POW012.1,Subassembly,Battery pack SA-BAT030,4
Battery pack assembly A-POW012.1,Subassembly,Battery pack SA-BAT016,4
Battery pack assembly A-POW012.1,Subassembly,Battery pack SA-BAT003,4
Power conditioning unit assembly A-POW012.2,Subassembly,Power conditioning unit SA-POW025,4
Power conditioning unit assembly A-POW012.2,Subassembly,Power conditioning unit SA-POW022,4
Power conditioning unit assembly A-POW012.2,Subassembly,Power conditioning unit SA-POW011,4
Power conditioning unit assembly A-POW012.2,Subassembly,Thermal battery assembly SA-THE014,4
Power conditioning unit assembly A-POW012.3,Subassembly,Power conditioning unit SA-POW019,4
Power conditioning unit assembly A-POW012.3,Subassembly,Power conditioning unit SA-POW032,4
Power conditioning unit assembly A-POW012.3,Subassembly,Thermal battery assembly SA-THE036,4
Power conditioning unit assembly A-POW012.3,Subassembly,Power conditioning unit SA-POW013,4
Battery pack assembly A-POW012.4,Subassembly,Battery pack SA-BAT033,4
Battery pack assembly A-POW012.4,Subassembly,Thermal battery assembly SA-THE030,4
Battery pack assembly A-POW012.4,Subassembly,Battery pack SA-BAT014,4
Battery pack assembly A-POW012.4,Subassembly,Battery pack SA-BAT040,4
PCB assembly assembly A-DAT001.2,Subassembly,PCB assembly SA-PCB040,4
PCB assembly assembly A-DAT001.2,Subassembly,PCB assembly SA-PCB024,4
PCB assembly assembly A-DAT001.2,Subassembly,PCB assembly SA-PCB008,4
PCB assembly assembly A-DAT001.2,Subassembly,PCB assembly SA-PCB026,4
PCB assembly assembly A-DAT001.2,Subassembly,GNSS module SA-GNS019,4
GNSS module assembly A-DAT001.1,Subassembly,GNSS module SA-GNS023,4
GNSS module assembly A-DAT001.1,Subassembly,GNSS module SA-GNS012,4
GNSS module assembly A-DAT001.1,Subassembly,GNSS module SA-GNS024,4
Power conditioning unit assembly A-ELE001.1,Subassembly,Battery pack SA-BAT033,4
Power conditioning unit assembly A-ELE001.1,Subassembly,Power conditioning unit SA-POW037,4
Power conditioning unit assembly A-ELE001.1,Subassembly,Power conditioning unit SA-POW010,4
Power conditioning unit assembly A-ELE001.2,Subassembly,Power conditioning unit SA-POW025,4
Power conditioning unit assembly A-ELE001.2,Subassembly,Power conditioning unit SA-POW006,4
Power conditioning unit assembly A-ELE001.3,Subassembly,Power conditioning unit SA-POW016,4
Power conditioning unit assembly A-ELE001.3,Subassembly,Power conditioning unit SA-POW034,4
Power conditioning unit assembly A-ELE001.3,Subassembly,Power conditioning unit SA-POW023,4
Battery pack assembly A-ELE001.4,Subassembly,Battery pack SA-BAT019,4
Battery pack assembly A-ELE001.4,Subassembly,Battery pack SA-BAT001,4
RF front-end assembly A-ELE012.2,Subassembly,PCB assembly SA-PCB022,4
RF front-end assembly A-ELE012.2,Subassembly,RF front-end SA-RF_037,4
RF front-end assembly A-ELE012.2,Subassembly,RF front-end SA-RF_029,4
RF front-end assembly A-ELE012.2,Subassembly,RF front-end SA-RF_003,4
Antenna array tile assembly A-ELE012.3,Subassembly,Antenna array tile SA-ARR035,4
Antenna array tile assembly A-ELE012.3,Subassembly,Antenna array tile SA-ARR007,4
Antenna array tile assembly A-ELE012.3,Subassembly,Antenna array tile SA-ARR015,4
Antenna array tile assembly A-ELE012.3,Subassembly,RF front-end SA-RF_040,4
Antenna array tile assembly A-ELE012.1,Subassembly,PCB assembly SA-PCB023,4
Antenna array tile assembly A-ELE012.1,Subassembly,Antenna array tile SA-ARR014,4
Antenna array tile assembly A-ELE012.1,Subassembly,Antenna array tile SA-ARR008,4
Antenna array tile assembly A-ELE012.1,Subassembly,Antenna array tile SA-ARR007,4
Antenna array tile assembly A-ELE008.3,Subassembly,Antenna array tile SA-ARR007,4
Antenna array tile assembly A-ELE008.3,Subassembly,Antenna array tile SA-ARR039,4
Antenna array tile assembly A-ELE008.3,Subassembly,Antenna array tile SA-ARR016,4
Antenna array tile assembly A-ELE008.3,Subassembly,Antenna array tile SA-ARR004,4
RF front-end assembly A-ELE008.2,Subassembly,RF front-end SA-RF_029,4
RF front-end assembly A-ELE008.2,Subassembly,RF front-end SA-RF_013,4
RF front-end assembly A-ELE008.2,Subassembly,RF front-end SA-RF_022,4
PCB assembly assembly A-ELE008.1,Subassembly,PCB assembly SA-PCB016,4
PCB assembly assembly A-ELE008.1,Subassembly,PCB assembly SA-PCB002,4
PCB assembly assembly A-ELE008.1,Subassembly,PCB assembly SA-PCB027,4
PCB assembly assembly A-ELE008.1,Subassembly,PCB assembly SA-PCB026,4
IR optical train assembly A-EO/006.1,Subassembly,IR optical train SA-IR_022,4
IR optical train assembly A-EO/006.1,Subassembly,Laser rangefinder / designator SA-LAS007,4
IR optical train assembly A-EO/006.1,Subassembly,IR optical train SA-IR_014,4
IR optical train assembly A-EO/006.2,Subassembly,PCB assembly SA-PCB040,4
IR optical train assembly A-EO/006.2,Subassembly,IR optical train SA-IR_015,4
IR optical train assembly A-EO/006.2,Subassembly,IR optical train SA-IR_012,4
IR optical train assembly A-EO/006.3,Subassembly,IR optical train SA-IR_023,4
IR optical train assembly A-EO/006.3,Subassembly,IR optical train SA-IR_016,4
GNSS module assembly A-GUI005.1,Subassembly,GNSS module SA-GNS030,4
GNSS module assembly A-GUI005.1,Subassembly,GNSS module SA-GNS035,4
GNSS module assembly A-GUI005.1,Subassembly,GNSS module SA-GNS037,4
GNSS module assembly A-GUI005.1,Subassembly,GNSS module SA-GNS002,4
PCB assembly assembly A-GUI005.2,Subassembly,PCB assembly SA-PCB026,4
PCB assembly assembly A-GUI005.2,Subassembly,PCB assembly SA-PCB020,4
PCB assembly assembly A-GUI005.2,Subassembly,PCB assembly SA-PCB019,4
PCB assembly assembly A-GUI005.2,Subassembly,PCB assembly SA-PCB025,4
Inertial measurement unit assembly A-GUI005.3,Subassembly,Inertial measurement unit SA-IMU035,4
Inertial measurement unit assembly A-GUI005.3,Subassembly,Inertial measurement unit SA-IMU006,4
Inertial measurement unit assembly A-GUI005.3,Subassembly,Inertial measurement unit SA-IMU010,4
Motor & drive assembly A-ELE008.1,Subassembly,Motor & drive SA-MOT031,4
Motor & drive assembly A-ELE008.1,Subassembly,Motor & drive SA-MOT026,4
Motor & drive assembly A-ELE008.1,Subassembly,Motor & drive SA-MOT015,4
Motor & drive assembly A-ELE008.1,Subassembly,Motor & drive SA-MOT036,4
Power conditioning unit assembly A-ELE008.2,Subassembly,Power conditioning unit SA-POW040,4
Power conditioning unit assembly A-ELE008.2,Subassembly,Power conditioning unit SA-POW031,4
Power conditioning unit assembly A-ELE008.3,Subassembly,Power conditioning unit SA-POW024,4
Power conditioning unit assembly A-ELE008.3,Subassembly,Power conditioning unit SA-POW028,4
Power conditioning unit assembly A-ELE008.3,Subassembly,Power conditioning unit SA-POW019,4
Motor & drive assembly A-ELE008.4,Subassembly,Battery pack SA-BAT018,4
Motor & drive assembly A-ELE008.4,Subassembly,Motor & drive SA-MOT027,4
Motor & drive assembly A-ELE008.4,Subassembly,Motor & drive SA-MOT005,4
Motor & drive assembly A-ELE008.4,Subassembly,Motor & drive SA-MOT039,4
Motor & drive assembly A-ELE008.4,Subassembly,Motor & drive SA-MOT016,4
Power conditioning unit assembly A-ELE009.2,Subassembly,Power conditioning unit SA-POW016,4
Power conditioning unit assembly A-ELE009.2,Subassembly,Power conditioning unit SA-POW020,4
Power conditioning unit assembly A-ELE009.2,Subassembly,Power conditioning unit SA-POW031,4
Power conditioning unit assembly A-ELE009.2,Subassembly,Power conditioning unit SA-POW032,4
Power conditioning unit assembly A-ELE009.1,Subassembly,Power conditioning unit SA-POW039,4
Power conditioning unit assembly A-ELE009.1,Subassembly,Power conditioning unit SA-POW022,4
Power conditioning unit assembly A-ELE003.4,Subassembly,Power conditioning unit SA-POW013,4
Power conditioning unit assembly A-ELE003.4,Subassembly,Power conditioning unit SA-POW035,4
Battery pack assembly A-ELE003.3,Subassembly,Battery pack SA-BAT032,4
Battery pack assembly A-ELE003.3,Subassembly,Battery pack SA-BAT037,4
Battery pack assembly A-ELE003.2,Subassembly,Battery pack SA-BAT036,4
Battery pack assembly A-ELE003.2,Subassembly,Battery pack SA-BAT023,4
Battery pack assembly A-ELE003.2,Subassembly,Battery pack SA-BAT037,4
Battery pack assembly A-ELE003.2,Subassembly,Battery pack SA-BAT007,4
Battery pack assembly A-ELE003.1,Subassembly,Battery pack SA-BAT035,4
Battery pack assembly A-ELE003.1,Subassembly,Battery pack SA-BAT002,4
Battery pack assembly A-ELE003.1,Subassembly,Battery pack SA-BAT027,4
Battery pack assembly A-ELE003.1,Subassembly,Power conditioning unit SA-POW006,4
Thermal battery assembly assembly A-WAR010.2,Subassembly,Thermal battery assembly SA-THE038,4
Thermal battery assembly assembly A-WAR010.2,Subassembly,Thermal battery assembly SA-THE019,4
Thermal battery assembly assembly A-WAR010.1,Subassembly,Thermal battery assembly SA-THE009,4
Thermal battery assembly assembly A-WAR010.1,Subassembly,Thermal battery assembly SA-THE014,4
Thermal battery assembly assembly A-WAR010.1,Subassembly,Thermal battery assembly SA-THE031,4
Thermal battery assembly assembly A-WAR010.1,Subassembly,Thermal battery assembly SA-THE040,4
Thermal battery assembly assembly A-WAR010.1,Subassembly,PCB assembly SA-PCB029,4
PCB assembly assembly A-WAR014.2,Subassembly,Thermal battery assembly SA-THE003,4
PCB assembly assembly A-WAR014.2,Subassembly,PCB assembly SA-PCB032,4
PCB assembly assembly A-WAR014.2,Subassembly,PCB assembly SA-PCB037,4
PCB assembly assembly A-WAR014.2,Subassembly,PCB assembly SA-PCB014,4
Thermal battery assembly assembly A-WAR014.1,Subassembly,Thermal battery assembly SA-THE023,4
Thermal battery assembly assembly A-WAR014.1,Subassembly,Thermal battery assembly SA-THE035,4
Thermal battery assembly assembly A-WAR014.1,Subassembly,Thermal battery assembly SA-THE032,4
Thermal battery assembly assembly A-WAR014.1,Subassembly,Thermal battery assembly SA-THE037,4
PCB assembly assembly A-WAR014.3,Subassembly,PCB assembly SA-PCB019,4
PCB assembly assembly A-WAR014.3,Subassembly,PCB assembly SA-PCB028,4
PCB assembly assembly A-WAR014.3,Subassembly,PCB assembly SA-PCB004,4
PCB assembly assembly A-WAR014.3,Subassembly,Thermal battery assembly SA-THE008,4
Warhead section assembly A-WAR014.4,Subassembly,Warhead section SA-WAR011,4
Warhead section assembly A-WAR014.4,Subassembly,Warhead section SA-WAR035,4
Warhead section assembly A-WAR014.4,Subassembly,Warhead section SA-WAR018,4
Warhead section assembly A-WAR014.4,Subassembly,Thermal battery assembly SA-THE016,4
Inertial measurement unit assembly A-GUI014.1,Subassembly,Inertial measurement unit SA-IMU007,4
Inertial measurement unit assembly A-GUI014.1,Subassembly,Inertial measurement unit SA-IMU008,4
Inertial measurement unit assembly A-GUI014.1,Subassembly,Inertial measurement unit SA-IMU037,4
Inertial measurement unit assembly A-GUI014.1,Subassembly,Inertial measurement unit SA-IMU036,4
GNSS module assembly A-GUI014.2,Subassembly,GNSS module SA-GNS012,4
GNSS module assembly A-GUI014.2,Subassembly,GNSS module SA-GNS011,4
Control actuation unit assembly A-AIR013.1,Subassembly,Control actuation unit SA-ACT016,4
Control actuation unit assembly A-AIR013.1,Subassembly,Control actuation unit SA-ACT014,4
Control actuation unit assembly A-AIR013.1,Subassembly,Control actuation unit SA-ACT031,4
Control actuation unit assembly A-AIR013.2,Subassembly,Control actuation unit SA-ACT027,4
Control actuation unit assembly A-AIR013.2,Subassembly,Control actuation unit SA-ACT037,4
Control actuation unit assembly A-AIR013.2,Subassembly,Control actuation unit SA-ACT008,4
Control actuation unit assembly A-AIR013.3,Subassembly,Structural section SA-STR013,4
Control actuation unit assembly A-AIR013.3,Subassembly,Control actuation unit SA-ACT036,4
Control actuation unit assembly A-AIR013.3,Subassembly,Control actuation unit SA-ACT023,4
Control actuation unit assembly A-AIR013.3,Subassembly,Control actuation unit SA-ACT011,4
Radome assembly assembly A-AIR013.4,Subassembly,Radome assembly SA-RAD008,4
Radome assembly assembly A-AIR013.4,Subassembly,Radome assembly SA-RAD016,4
Radome assembly assembly A-AIR013.4,Subassembly,Radome assembly SA-RAD004,4
Control actuation unit assembly A-AIR005.3,Subassembly,Control actuation unit SA-ACT040,4
Control actuation unit assembly A-AIR005.3,Subassembly,Control actuation unit SA-ACT007,4
Control actuation unit assembly A-AIR005.3,Subassembly,Control actuation unit SA-ACT037,4
Control actuation unit assembly A-AIR005.3,Subassembly,Control actuation unit SA-ACT028,4
Control actuation unit assembly A-AIR005.2,Subassembly,Control actuation unit SA-ACT007,4
Control actuation unit assembly A-AIR005.2,Subassembly,Control actuation unit SA-ACT031,4
Control actuation unit assembly A-AIR005.2,Subassembly,Radome assembly SA-RAD035,4
Radome assembly assembly A-AIR005.1,Subassembly,Radome assembly SA-RAD025,4
Radome assembly assembly A-AIR005.1,Subassembly,Radome assembly SA-RAD005,4
Radome assembly assembly A-AIR005.1,Subassembly,Radome assembly SA-RAD035,4
Structural section assembly A-AIR002.1,Subassembly,Control actuation unit SA-ACT024,4
Structural section assembly A-AIR002.1,Subassembly,Structural section SA-STR016,4
Structural section assembly A-AIR002.1,Subassembly,Structural section SA-STR028,4
Structural section assembly A-AIR002.1,Subassembly,Structural section SA-STR006,4
Control actuation unit assembly A-AIR002.2,Subassembly,Control actuation unit SA-ACT028,4
Control actuation unit assembly A-AIR002.2,Subassembly,Control actuation unit SA-ACT038,4
Control actuation unit assembly A-AIR002.2,Subassembly,Radome assembly SA-RAD036,4
Radome assembly assembly A-AIR002.3,Subassembly,Radome assembly SA-RAD030,4
Radome assembly assembly A-AIR002.3,Subassembly,Radome assembly SA-RAD004,4
Radome assembly assembly A-AIR002.3,Subassembly,Radome assembly SA-RAD040,4
Structural section assembly A-AIR002.4,Subassembly,Radome assembly SA-RAD018,4
Structural section assembly A-AIR002.4,Subassembly,Structural section SA-STR001,4
Structural section assembly A-AIR002.4,Subassembly,Structural section SA-STR027,4
Structural section assembly A-AIR002.4,Subassembly,Structural section SA-STR025,4
Structural section assembly A-AIR007.3,Subassembly,Structural section SA-STR033,4
Structural section assembly A-AIR007.3,Subassembly,Structural section SA-STR020,4
Structural section assembly A-AIR007.3,Subassembly,Structural section SA-STR001,4
Structural section assembly A-AIR007.2,Subassembly,Structural section SA-STR002,4
Structural section assembly A-AIR007.2,Subassembly,Structural section SA-STR003,4
Structural section assembly A-AIR007.2,Subassembly,Structural section SA-STR014,4
Control actuation unit assembly A-AIR007.1,Subassembly,Control actuation unit SA-ACT006,4
Control actuation unit assembly A-AIR007.1,Subassembly,Control actuation unit SA-ACT012,4
Control actuation unit assembly A-AIR007.1,Subassembly,Control actuation unit SA-ACT034,4
Control actuation unit assembly A-AIR007.1,Subassembly,Control actuation unit SA-ACT029,4
Rocket motor assembly A-ROC003.2,Subassembly,Rocket motor SA-ROC038,4
Rocket motor assembly A-ROC003.2,Subassembly,Rocket motor SA-ROC019,4
Rocket motor assembly A-ROC003.2,Subassembly,Rocket motor SA-ROC017,4
Rocket motor assembly A-ROC003.2,Subassembly,Rocket motor SA-ROC036,4
Rocket motor assembly A-ROC003.2,Subassembly,Rocket motor SA-ROC040,4
Structural section assembly A-ROC003.1,Subassembly,Structural section SA-STR007,4
Structural section assembly A-ROC003.1,Subassembly,Control actuation unit SA-ACT034,4
Structural section assembly A-ROC003.1,Subassembly,Structural section SA-STR016,4
Structural section assembly A-ROC003.1,Subassembly,Structural section SA-STR006,4
Structural section assembly A-ROC004.1,Subassembly,Rocket motor SA-ROC034,4
Structural section assembly A-ROC004.1,Subassembly,Structural section SA-STR020,4
Structural section assembly A-ROC004.1,Subassembly,Structural section SA-STR019,4
Structural section assembly A-ROC004.1,Subassembly,Structural section SA-STR004,4
Rocket motor assembly A-ROC004.4,Subassembly,Control actuation unit SA-ACT028,4
Rocket motor assembly A-ROC004.4,Subassembly,Rocket motor SA-ROC028,4
Rocket motor assembly A-ROC004.4,Subassembly,Rocket motor SA-ROC006,4
Rocket motor assembly A-ROC004.4,Subassembly,Rocket motor SA-ROC039,4
Rocket motor assembly A-ROC004.4,Subassembly,Rocket motor SA-ROC025,4
Control actuation unit assembly A-ROC004.3,Subassembly,Structural section SA-STR004,4
Control actuation unit assembly A-ROC004.3,Subassembly,Control actuation unit SA-ACT040,4
Control actuation unit assembly A-ROC004.3,Subassembly,Control actuation unit SA-ACT018,4
Rocket motor assembly A-ROC004.2,Subassembly,Rocket motor SA-ROC024,4
Rocket motor assembly A-ROC004.2,Subassembly,Rocket motor SA-ROC038,4
Rocket motor assembly A-ROC004.2,Subassembly,Rocket motor SA-ROC039,4
Rocket motor assembly A-ROC004.2,Subassembly,Rocket motor SA-ROC017,4
PCB assembly assembly A-GUI003.3,Subassembly,PCB assembly SA-PCB029,4
PCB assembly assembly A-GUI003.3,Subassembly,PCB assembly SA-PCB035,4
PCB assembly assembly A-GUI003.3,Subassembly,PCB assembly SA-PCB002,4
PCB assembly assembly A-GUI003.3,Subassembly,PCB assembly SA-PCB010,4
PCB assembly assembly A-GUI003.2,Subassembly,PCB assembly SA-PCB008,4
PCB assembly assembly A-GUI003.2,Subassembly,PCB assembly SA-PCB019,4
PCB assembly assembly A-GUI003.2,Subassembly,PCB assembly SA-PCB030,4
PCB assembly assembly A-GUI003.2,Subassembly,PCB assembly SA-PCB029,4
PCB assembly assembly A-GUI003.1,Subassembly,PCB assembly SA-PCB015,4
PCB assembly assembly A-GUI003.1,Subassembly,PCB assembly SA-PCB010,4
PCB assembly assembly A-GUI003.1,Subassembly,PCB assembly SA-PCB029,4
PCB assembly assembly A-GUI003.1,Subassembly,PCB assembly SA-PCB035,4
PCB assembly assembly A-GUI003.4,Subassembly,PCB assembly SA-PCB023,4
PCB assembly assembly A-GUI003.4,Subassembly,PCB assembly SA-PCB017,4
PCB assembly assembly A-GUI003.4,Subassembly,PCB assembly SA-PCB004,4
PCB assembly assembly A-GUI003.4,Subassembly,PCB assembly SA-PCB002,4
PCB assembly assembly A-GUI003.4,Subassembly,GNSS module SA-GNS038,4
GNSS module assembly A-GUI006.1,Subassembly,GNSS module SA-GNS027,4
GNSS module assembly A-GUI006.1,Subassembly,GNSS module SA-GNS035,4
GNSS module assembly A-GUI006.1,Subassembly,GNSS module SA-GNS010,4
GNSS module assembly A-GUI006.1,Subassembly,GNSS module SA-GNS034,4
PCB assembly assembly A-GUI006.2,Subassembly,PCB assembly SA-PCB007,4
PCB assembly assembly A-GUI006.2,Subassembly,PCB assembly SA-PCB030,4
PCB assembly assembly A-GUI006.2,Subassembly,PCB assembly SA-PCB011,4
PCB assembly assembly A-GUI006.2,Subassembly,PCB assembly SA-PCB031,4
GNSS module assembly A-GUI006.3,Subassembly,GNSS module SA-GNS025,4
GNSS module assembly A-GUI006.3,Subassembly,GNSS module SA-GNS011,4
GNSS module assembly A-GUI006.3,Subassembly,GNSS module SA-GNS031,4
GNSS module assembly A-GUI006.3,Subassembly,GNSS module SA-GNS039,4
PCB assembly assembly A-GUI006.4,Subassembly,PCB assembly SA-PCB009,4
PCB assembly assembly A-GUI006.4,Subassembly,PCB assembly SA-PCB029,4
PCB assembly assembly A-GUI006.4,Subassembly,PCB assembly SA-PCB016,4
Warhead section assembly A-WAR004.1,Subassembly,Warhead section SA-WAR018,4
Warhead section assembly A-WAR004.1,Subassembly,Warhead section SA-WAR011,4
Warhead section assembly A-WAR004.1,Subassembly,Warhead section SA-WAR031,4
Thermal battery assembly assembly A-WAR004.3,Subassembly,Thermal battery assembly SA-THE012,4
Thermal battery assembly assembly A-WAR004.3,Subassembly,Thermal battery assembly SA-THE030,4
Thermal battery assembly assembly A-WAR004.3,Subassembly,Thermal battery assembly SA-THE011,4
Warhead section assembly A-WAR004.2,Subassembly,Warhead section SA-WAR014,4
Warhead section assembly A-WAR004.2,Subassembly,Warhead section SA-WAR010,4
Warhead section assembly A-WAR004.2,Subassembly,PCB assembly SA-PCB007,4
Warhead section assembly A-WAR004.2,Subassembly,Warhead section SA-WAR032,4
Armor package SA-ARM039,Component,Armor steel plate (cut) #004,5
Armor package SA-ARM039,Component,Boron carbide armor tile #017,5
Armor package SA-ARM039,Component,UHMWPE ballistic panel #016,5
Armor package SA-ARM039,Component,Titanium fastener kit #018,5
Armor package SA-ARM039,Component,Aramid ballistic fabric #007,5
Armor package SA-ARM006,Component,Boron carbide armor tile #019,5
Armor package SA-ARM006,Component,Aramid ballistic fabric #001,5
Armor package SA-ARM006,Component,UHMWPE ballistic panel #010,5
Armor package SA-ARM018,Component,Titanium fastener kit #024,5
Armor package SA-ARM018,Component,Boron carbide armor tile #013,5
Armor package SA-ARM018,Component,Aramid ballistic fabric #012,5
Armor package SA-ARM009,Component,Titanium fastener kit #010,5
Armor package SA-ARM009,Component,Armor steel plate (cut) #002,5
Armor package SA-ARM009,Component,UHMWPE ballistic panel #011,5
Armor package SA-ARM009,Component,Aramid ballistic fabric #007,5
Armor package SA-ARM009,Component,Boron carbide armor tile #017,5
Armor package SA-ARM032,Component,Armor steel plate (cut) #001,5
Armor package SA-ARM032,Component,Boron carbide armor tile #008,5
Armor package SA-ARM032,Component,UHMWPE ballistic panel #008,5
Armor package SA-ARM001,Component,Armor steel plate (cut) #008,5
Armor package SA-ARM001,Component,Titanium fastener kit #025,5
Armor package SA-ARM001,Component,Aramid ballistic fabric #020,5
Armor package SA-ARM001,Component,UHMWPE ballistic panel #006,5
Armor package SA-ARM001,Component,Boron carbide armor tile #002,5
Armor package SA-ARM003,Component,Aramid ballistic fabric #004,5
Armor package SA-ARM003,Component,UHMWPE ballistic panel #007,5
Armor package SA-ARM003,Component,Armor steel plate (cut) #007,5
Armor package SA-ARM004,Component,Titanium fastener kit #028,5
Armor package SA-ARM004,Component,Armor steel plate (cut) #001,5
Armor package SA-ARM004,Component,UHMWPE ballistic panel #011,5
Armor package SA-ARM013,Component,Boron carbide armor tile #011,5
Armor package SA-ARM013,Component,UHMWPE ballistic panel #003,5
Armor package SA-ARM013,Component,Armor steel plate (cut) #009,5
Armor package SA-ARM013,Component,Aramid ballistic fabric #018,5
Armor package SA-ARM013,Component,Titanium fastener kit #007,5
Armor package SA-ARM033,Component,Boron carbide armor tile #005,5
Armor package SA-ARM033,Component,Aramid ballistic fabric #017,5
Armor package SA-ARM033,Component,Titanium fastener kit #030,5
Armor package SA-ARM033,Component,Armor steel plate (cut) #009,5
Armor package SA-ARM033,Component,UHMWPE ballistic panel #004,5
Structural section SA-STR035,Component,Machined titanium bracket #028,5
Structural section SA-STR035,Component,Titanium fastener kit #009,5
Structural section SA-STR035,Component,Aluminium structural frame #030,5
Structural section SA-STR035,Component,Fluoroelastomer seal kit #005,5
Structural section SA-STR035,Component,Carbon-fiber airframe panel #003,5
Structural section SA-STR036,Component,Titanium fastener kit #013,5
Structural section SA-STR036,Component,Aluminium structural frame #010,5
Structural section SA-STR036,Component,Machined titanium bracket #009,5
Structural section SA-STR036,Component,Fluoroelastomer seal kit #028,5
Structural section SA-STR030,Component,Machined titanium bracket #026,5
Structural section SA-STR030,Component,Fluoroelastomer seal kit #025,5
Structural section SA-STR030,Component,Aluminium structural frame #027,5
Armor package SA-ARM028,Component,Boron carbide armor tile #020,5
Armor package SA-ARM028,Component,Aramid ballistic fabric #004,5
Armor package SA-ARM028,Component,UHMWPE ballistic panel #020,5
Armor package SA-ARM028,Component,Armor steel plate (cut) #018,5
Armor package SA-ARM028,Component,Titanium fastener kit #008,5
Armor package SA-ARM019,Component,Armor steel plate (cut) #017,5
Armor package SA-ARM019,Component,Titanium fastener kit #009,5
Armor package SA-ARM019,Component,UHMWPE ballistic panel #010,5
Armor package SA-ARM019,Component,Boron carbide armor tile #017,5
Armor package SA-ARM019,Component,Aramid ballistic fabric #010,5
Armor package SA-ARM014,Component,Aramid ballistic fabric #009,5
Armor package SA-ARM014,Component,Armor steel plate (cut) #002,5
Armor package SA-ARM014,Component,Boron carbide armor tile #012,5
Armor package SA-ARM014,Component,Titanium fastener kit #001,5
Armor package SA-ARM014,Component,UHMWPE ballistic panel #010,5
Armor package SA-ARM010,Component,Boron carbide armor tile #002,5
Armor package SA-ARM010,Component,Armor steel plate (cut) #003,5
Armor package SA-ARM010,Component,Titanium fastener kit #028,5
Structural section SA-STR040,Component,Fluoroelastomer seal kit #021,5
Structural section SA-STR040,Component,Machined titanium bracket #014,5
Structural section SA-STR040,Component,Titanium fastener kit #014,5
Structural section SA-STR040,Component,Aluminium structural frame #027,5
Structural section SA-STR040,Component,Carbon-fiber airframe panel #019,5
Structural section SA-STR006,Component,Aluminium structural frame #001,5
Structural section SA-STR006,Component,Fluoroelastomer seal kit #004,5
Structural section SA-STR006,Component,Machined titanium bracket #038,5
Structural section SA-STR019,Component,Titanium fastener kit #010,5
Structural section SA-STR019,Component,Fluoroelastomer seal kit #012,5
Structural section SA-STR019,Component,Carbon-fiber airframe panel #005,5
Structural section SA-STR019,Component,Machined titanium bracket #018,5
Structural section SA-STR019,Component,Aluminium structural frame #012,5
Armor package SA-ARM025,Component,Titanium fastener kit #023,5
Armor package SA-ARM025,Component,Armor steel plate (cut) #003,5
Armor package SA-ARM025,Component,Boron carbide armor tile #019,5
Armor package SA-ARM025,Component,Aramid ballistic fabric #007,5
Armor package SA-ARM025,Component,UHMWPE ballistic panel #014,5
Armor package SA-ARM016,Component,Aramid ballistic fabric #003,5
Armor package SA-ARM016,Component,Titanium fastener kit #023,5
Armor package SA-ARM016,Component,Boron carbide armor tile #008,5
Armor package SA-ARM017,Component,UHMWPE ballistic panel #007,5
Armor package SA-ARM017,Component,Titanium fastener kit #001,5
Armor package SA-ARM017,Component,Aramid ballistic fabric #007,5
Armor package SA-ARM017,Component,Boron carbide armor tile #015,5
Armor package SA-ARM017,Component,Armor steel plate (cut) #007,5
Running gear SA-RUN007,Component,Armor steel plate (cut) #002,5
Running gear SA-RUN007,Component,Precision bearing #010,5
Running gear SA-RUN007,Component,Steel forging #006,5
Running gear SA-RUN019,Component,Armor steel plate (cut) #001,5
Running gear SA-RUN019,Component,Steel forging #011,5
Running gear SA-RUN019,Component,Fluoroelastomer seal kit #001,5
Running gear SA-RUN019,Component,Precision bearing #020,5
Running gear SA-RUN012,Component,Precision bearing #029,5
Running gear SA-RUN012,Component,Steel forging #023,5
Running gear SA-RUN012,Component,Fluoroelastomer seal kit #002,5
Running gear SA-RUN012,Component,Armor steel plate (cut) #008,5
Running gear SA-RUN009,Component,Fluoroelastomer seal kit #028,5
Running gear SA-RUN009,Component,Precision bearing #002,5
Running gear SA-RUN009,Component,Steel forging #001,5
Running gear SA-RUN009,Component,Armor steel plate (cut) #017,5
Running gear SA-RUN027,Component,Fluoroelastomer seal kit #016,5
Running gear SA-RUN027,Component,Precision bearing #004,5
Running gear SA-RUN027,Component,Steel forging #027,5
Engine powerpack SA-POW003,Component,Fuel injector #001,5
Engine powerpack SA-POW003,Component,Precision bearing #017,5
Engine powerpack SA-POW003,Component,Diesel engine block #002,5
Engine powerpack SA-POW003,Component,Catalytic / PGM sensor #013,5
Engine powerpack SA-POW011,Component,Turbocharger #008,5
Engine powerpack SA-POW011,Component,Catalytic / PGM sensor #001,5
Engine powerpack SA-POW011,Component,Fuel injector #015,5
Engine powerpack SA-POW006,Component,Turbocharger #012,5
Engine powerpack SA-POW006,Component,Catalytic / PGM sensor #004,5
Engine powerpack SA-POW006,Component,Precision bearing #017,5
Engine powerpack SA-POW006,Component,Fuel injector #018,5
Engine powerpack SA-POW006,Component,Diesel engine block #001,5
Engine powerpack SA-POW021,Component,Fuel injector #018,5
Engine powerpack SA-POW021,Component,Catalytic / PGM sensor #009,5
Engine powerpack SA-POW021,Component,Precision bearing #008,5
Engine powerpack SA-POW024,Component,Precision bearing #007,5
Engine powerpack SA-POW024,Component,Catalytic / PGM sensor #011,5
Engine powerpack SA-POW024,Component,Turbocharger #011,5
Engine powerpack SA-POW024,Component,Diesel engine block #005,5
Engine powerpack SA-POW024,Component,Fuel injector #019,5
Engine powerpack SA-POW032,Component,Fuel injector #004,5
Engine powerpack SA-POW032,Component,Catalytic / PGM sensor #001,5
Engine powerpack SA-POW032,Component,Precision bearing #019,5
Engine powerpack SA-POW032,Component,Turbocharger #001,5
Engine powerpack SA-POW035,Component,Turbocharger #015,5
Engine powerpack SA-POW035,Component,Precision bearing #005,5
Engine powerpack SA-POW035,Component,Catalytic / PGM sensor #013,5
Engine powerpack SA-POW035,Component,Fuel injector #020,5
Engine powerpack SA-POW035,Component,Diesel engine block #004,5
Engine powerpack SA-POW026,Component,Diesel engine block #002,5
Engine powerpack SA-POW026,Component,Precision bearing #001,5
Engine powerpack SA-POW026,Component,Catalytic / PGM sensor #006,5
Engine powerpack SA-POW026,Component,Fuel injector #017,5
Engine powerpack SA-POW026,Component,Turbocharger #014,5
Engine powerpack SA-POW036,Component,Diesel engine block #007,5
Engine powerpack SA-POW036,Component,Catalytic / PGM sensor #015,5
Engine powerpack SA-POW036,Component,Fuel injector #019,5
Engine powerpack SA-POW036,Component,Precision bearing #007,5
Engine powerpack SA-POW001,Component,Turbocharger #010,5
Engine powerpack SA-POW001,Component,Diesel engine block #007,5
Engine powerpack SA-POW001,Component,Catalytic / PGM sensor #014,5
Running gear SA-RUN010,Component,Fluoroelastomer seal kit #024,5
Running gear SA-RUN010,Component,Steel forging #017,5
Running gear SA-RUN010,Component,Precision bearing #007,5
Running gear SA-RUN032,Component,Fluoroelastomer seal kit #029,5
Running gear SA-RUN032,Component,Steel forging #004,5
Running gear SA-RUN032,Component,Precision bearing #027,5
Running gear SA-RUN003,Component,Fluoroelastomer seal kit #026,5
Running gear SA-RUN003,Component,Precision bearing #022,5
Running gear SA-RUN003,Component,Armor steel plate (cut) #007,5
Running gear SA-RUN003,Component,Steel forging #016,5
Running gear SA-RUN020,Component,Armor steel plate (cut) #019,5
Running gear SA-RUN020,Component,Precision bearing #008,5
Running gear SA-RUN020,Component,Steel forging #003,5
Running gear SA-RUN020,Component,Fluoroelastomer seal kit #019,5
Running gear SA-RUN004,Component,Precision bearing #030,5
Running gear SA-RUN004,Component,Fluoroelastomer seal kit #020,5
Running gear SA-RUN004,Component,Steel forging #005,5
Running gear SA-RUN004,Component,Armor steel plate (cut) #001,5
Engine powerpack SA-POW027,Component,Precision bearing #022,5
Engine powerpack SA-POW027,Component,Fuel injector #012,5
Engine powerpack SA-POW027,Component,Turbocharger #015,5
Engine powerpack SA-POW027,Component,Catalytic / PGM sensor #015,5
Running gear SA-RUN015,Component,Steel forging #016,5
Running gear SA-RUN015,Component,Fluoroelastomer seal kit #012,5
Running gear SA-RUN015,Component,Armor steel plate (cut) #008,5
Running gear SA-RUN015,Component,Precision bearing #019,5
Running gear SA-RUN023,Component,Armor steel plate (cut) #017,5
Running gear SA-RUN023,Component,Fluoroelastomer seal kit #005,5
Running gear SA-RUN023,Component,Steel forging #012,5
Running gear SA-RUN023,Component,Precision bearing #007,5
Control actuation unit SA-ACT029,Component,Precision bearing #030,5
Control actuation unit SA-ACT029,Component,Machined titanium bracket #011,5
Control actuation unit SA-ACT029,Component,Microcontroller #033,5
Control actuation unit SA-ACT029,Component,Servo actuator #002,5
Control actuation unit SA-ACT032,Component,Servo actuator #021,5
Control actuation unit SA-ACT032,Component,Machined titanium bracket #040,5
Control actuation unit SA-ACT032,Component,Precision bearing #008,5
Control actuation unit SA-ACT025,Component,Microcontroller #027,5
Control actuation unit SA-ACT025,Component,Precision bearing #029,5
Control actuation unit SA-ACT025,Component,Servo actuator #018,5
Control actuation unit SA-ACT025,Component,Machined titanium bracket #021,5
Control actuation unit SA-ACT039,Component,Precision bearing #009,5
Control actuation unit SA-ACT039,Component,Microcontroller #015,5
Control actuation unit SA-ACT039,Component,Machined titanium bracket #018,5
Control actuation unit SA-ACT039,Component,Servo actuator #012,5
Running gear SA-RUN038,Component,Precision bearing #022,5
Running gear SA-RUN038,Component,Steel forging #006,5
Running gear SA-RUN038,Component,Armor steel plate (cut) #017,5
Running gear SA-RUN038,Component,Fluoroelastomer seal kit #017,5
Running gear SA-RUN017,Component,Fluoroelastomer seal kit #013,5
Running gear SA-RUN017,Component,Armor steel plate (cut) #007,5
Running gear SA-RUN017,Component,Precision bearing #022,5
Running gear SA-RUN017,Component,Steel forging #018,5
Running gear SA-RUN008,Component,Steel forging #017,5
Running gear SA-RUN008,Component,Fluoroelastomer seal kit #013,5
Running gear SA-RUN008,Component,Armor steel plate (cut) #018,5
Running gear SA-RUN001,Component,Steel forging #015,5
Running gear SA-RUN001,Component,Armor steel plate (cut) #006,5
Running gear SA-RUN001,Component,Precision bearing #006,5
Running gear SA-RUN024,Component,Armor steel plate (cut) #017,5
Running gear SA-RUN024,Component,Precision bearing #011,5
Running gear SA-RUN024,Component,Fluoroelastomer seal kit #009,5
Running gear SA-RUN024,Component,Steel forging #008,5
PCB assembly SA-PCB032,Component,MLCC capacitor #060,5
PCB assembly SA-PCB032,Component,DC-DC converter module #029,5
PCB assembly SA-PCB032,Component,Microcontroller #040,5
PCB assembly SA-PCB032,Component,Memory IC #017,5
PCB assembly SA-PCB029,Component,Thick-film resistor #009,5
PCB assembly SA-PCB029,Component,Tantalum capacitor #028,5
PCB assembly SA-PCB029,Component,Microcontroller #012,5
PCB assembly SA-PCB022,Component,Memory IC #006,5
PCB assembly SA-PCB022,Component,Solder paste #007,5
PCB assembly SA-PCB022,Component,FPGA (rad-tolerant) #003,5
PCB assembly SA-PCB022,Component,Multilayer PCB (bare board) #017,5
PCB assembly SA-PCB022,Component,Thick-film resistor #017,5
PCB assembly SA-PCB027,Component,Solder paste #007,5
PCB assembly SA-PCB027,Component,DC-DC converter module #007,5
PCB assembly SA-PCB027,Component,Multilayer PCB (bare board) #003,5
PCB assembly SA-PCB027,Component,Thick-film resistor #032,5
PCB assembly SA-PCB027,Component,FPGA (rad-tolerant) #004,5
Laser rangefinder / designator SA-LAS012,Component,DC-DC converter module #002,5
Laser rangefinder / designator SA-LAS012,Component,Laser diode (GaAs) #018,5
Laser rangefinder / designator SA-LAS012,Component,Microcontroller #018,5
PCB assembly SA-PCB014,Component,FPGA (rad-tolerant) #021,5
PCB assembly SA-PCB014,Component,MLCC capacitor #009,5
PCB assembly SA-PCB014,Component,Memory IC #012,5
PCB assembly SA-PCB014,Component,Thick-film resistor #024,5
PCB assembly SA-PCB020,Component,Solder paste #007,5
PCB assembly SA-PCB020,Component,Multilayer PCB (bare board) #023,5
PCB assembly SA-PCB020,Component,Tantalum capacitor #022,5
PCB assembly SA-PCB020,Component,DC-DC converter module #013,5
PCB assembly SA-PCB020,Component,Thick-film resistor #038,5
Night-vision channel SA-NIG024,Component,Germanium IR lens #005,5
Night-vision channel SA-NIG024,Component,Image intensifier tube #007,5
Night-vision channel SA-NIG024,Component,Battery management IC #015,5
Night-vision channel SA-NIG010,Component,Image intensifier tube #004,5
Night-vision channel SA-NIG010,Component,Battery management IC #002,5
Night-vision channel SA-NIG010,Component,Germanium IR lens #007,5
Night-vision channel SA-NIG040,Component,Battery management IC #003,5
Night-vision channel SA-NIG040,Component,Germanium IR lens #008,5
Night-vision channel SA-NIG040,Component,Image intensifier tube #003,5
Night-vision channel SA-NIG023,Component,Battery management IC #002,5
Night-vision channel SA-NIG023,Component,Germanium IR lens #021,5
Night-vision channel SA-NIG023,Component,Image intensifier tube #002,5
IR optical train SA-IR_029,Component,Aluminium structural frame #008,5
IR optical train SA-IR_029,Component,InSb IR focal-plane array #002,5
IR optical train SA-IR_029,Component,Uncooled microbolometer #001,5
PCB assembly SA-PCB005,Component,Thick-film resistor #013,5
PCB assembly SA-PCB005,Component,Microcontroller #010,5
PCB assembly SA-PCB005,Component,Multilayer PCB (bare board) #057,5
PCB assembly SA-PCB005,Component,DC-DC converter module #016,5
PCB assembly SA-PCB036,Component,MIL-spec circular connector #041,5
PCB assembly SA-PCB036,Component,Tantalum capacitor #025,5
PCB assembly SA-PCB036,Component,Multilayer PCB (bare board) #026,5
PCB assembly SA-PCB036,Component,FPGA (rad-tolerant) #005,5
PCB assembly SA-PCB036,Component,Memory IC #018,5
PCB assembly SA-PCB021,Component,Microcontroller #037,5
PCB assembly SA-PCB021,Component,FPGA (rad-tolerant) #010,5
PCB assembly SA-PCB021,Component,MIL-spec circular connector #040,5
PCB assembly SA-PCB021,Component,Multilayer PCB (bare board) #033,5
PCB assembly SA-PCB030,Component,MLCC capacitor #005,5
PCB assembly SA-PCB030,Component,Microcontroller #015,5
PCB assembly SA-PCB030,Component,FPGA (rad-tolerant) #006,5
PCB assembly SA-PCB030,Component,DC-DC converter module #014,5
PCB assembly SA-PCB010,Component,MIL-spec circular connector #042,5
PCB assembly SA-PCB010,Component,Memory IC #008,5
PCB assembly SA-PCB010,Component,Tantalum capacitor #004,5
PCB assembly SA-PCB010,Component,MLCC capacitor #045,5
IR optical train SA-IR_024,Component,Germanium IR lens #010,5
IR optical train SA-IR_024,Component,InSb IR focal-plane array #007,5
IR optical train SA-IR_024,Component,Sapphire dome / window #019,5
IR optical train SA-IR_024,Component,Aluminium structural frame #019,5
IR optical train SA-IR_017,Component,Sapphire dome / window #015,5
IR optical train SA-IR_017,Component,Aluminium structural frame #025,5
IR optical train SA-IR_017,Component,InSb IR focal-plane array #001,5
IR optical train SA-IR_017,Component,Germanium IR lens #024,5
IR optical train SA-IR_017,Component,Uncooled microbolometer #018,5
IR optical train SA-IR_001,Component,Uncooled microbolometer #015,5
IR optical train SA-IR_001,Component,Germanium IR lens #012,5
IR optical train SA-IR_001,Component,Sapphire dome / window #011,5
IR optical train SA-IR_001,Component,InSb IR focal-plane array #010,5
IR optical train SA-IR_001,Component,Aluminium structural frame #015,5
IR optical train SA-IR_036,Component,Germanium IR lens #011,5
IR optical train SA-IR_036,Component,Sapphire dome / window #015,5
IR optical train SA-IR_036,Component,Aluminium structural frame #025,5
IR optical train SA-IR_036,Component,InSb IR focal-plane array #013,5
IR optical train SA-IR_034,Component,Germanium IR lens #023,5
IR optical train SA-IR_034,Component,Aluminium structural frame #033,5
IR optical train SA-IR_034,Component,Sapphire dome / window #013,5
IR optical train SA-IR_035,Component,Uncooled microbolometer #006,5
IR optical train SA-IR_035,Component,Sapphire dome / window #019,5
IR optical train SA-IR_035,Component,Aluminium structural frame #012,5
IR optical train SA-IR_035,Component,Germanium IR lens #015,5
IR optical train SA-IR_035,Component,InSb IR focal-plane array #009,5
Laser rangefinder / designator SA-LAS023,Component,Laser diode (GaAs) #017,5
Laser rangefinder / designator SA-LAS023,Component,DC-DC converter module #010,5
Laser rangefinder / designator SA-LAS023,Component,Germanium IR lens #017,5
Laser rangefinder / designator SA-LAS019,Component,Germanium IR lens #008,5
Laser rangefinder / designator SA-LAS019,Component,Laser diode (GaAs) #005,5
Laser rangefinder / designator SA-LAS019,Component,DC-DC converter module #029,5
Laser rangefinder / designator SA-LAS019,Component,Microcontroller #001,5
Laser rangefinder / designator SA-LAS011,Component,Microcontroller #025,5
Laser rangefinder / designator SA-LAS011,Component,Laser diode (GaAs) #021,5
Laser rangefinder / designator SA-LAS011,Component,Germanium IR lens #006,5
Laser rangefinder / designator SA-LAS011,Component,DC-DC converter module #015,5
Laser rangefinder / designator SA-LAS038,Component,Laser diode (GaAs) #005,5
Laser rangefinder / designator SA-LAS038,Component,Germanium IR lens #021,5
Laser rangefinder / designator SA-LAS038,Component,Microcontroller #009,5
Laser rangefinder / designator SA-LAS038,Component,DC-DC converter module #011,5
IR optical train SA-IR_027,Component,Germanium IR lens #027,5
IR optical train SA-IR_027,Component,InSb IR focal-plane array #010,5
IR optical train SA-IR_027,Component,Uncooled microbolometer #019,5
IR optical train SA-IR_027,Component,Sapphire dome / window #001,5
IR optical train SA-IR_027,Component,Aluminium structural frame #015,5
IR optical train SA-IR_038,Component,Sapphire dome / window #015,5
IR optical train SA-IR_038,Component,Uncooled microbolometer #017,5
IR optical train SA-IR_038,Component,Germanium IR lens #028,5
IR optical train SA-IR_038,Component,Aluminium structural frame #008,5
IR optical train SA-IR_011,Component,InSb IR focal-plane array #006,5
IR optical train SA-IR_011,Component,Sapphire dome / window #018,5
IR optical train SA-IR_011,Component,Aluminium structural frame #033,5
IR optical train SA-IR_011,Component,Uncooled microbolometer #003,5
IR optical train SA-IR_020,Component,InSb IR focal-plane array #003,5
IR optical train SA-IR_020,Component,Germanium IR lens #007,5
IR optical train SA-IR_020,Component,Uncooled microbolometer #009,5
IR optical train SA-IR_032,Component,InSb IR focal-plane array #008,5
IR optical train SA-IR_032,Component,Germanium IR lens #009,5
IR optical train SA-IR_032,Component,Aluminium structural frame #028,5
IR optical train SA-IR_030,Component,InSb IR focal-plane array #014,5
IR optical train SA-IR_030,Component,Uncooled microbolometer #001,5
IR optical train SA-IR_030,Component,Sapphire dome / window #003,5
IR optical train SA-IR_030,Component,Germanium IR lens #006,5
IR optical train SA-IR_012,Component,Uncooled microbolometer #006,5
IR optical train SA-IR_012,Component,InSb IR focal-plane array #007,5
IR optical train SA-IR_012,Component,Germanium IR lens #006,5
IR optical train SA-IR_012,Component,Aluminium structural frame #005,5
IR optical train SA-IR_005,Component,Sapphire dome / window #017,5
IR optical train SA-IR_005,Component,Uncooled microbolometer #019,5
IR optical train SA-IR_005,Component,InSb IR focal-plane array #009,5
IR optical train SA-IR_005,Component,Aluminium structural frame #005,5
IR optical train SA-IR_005,Component,Germanium IR lens #004,5
Night-vision channel SA-NIG007,Component,Germanium IR lens #030,5
Night-vision channel SA-NIG007,Component,Image intensifier tube #008,5
Night-vision channel SA-NIG007,Component,Battery management IC #013,5
Night-vision channel SA-NIG022,Component,Germanium IR lens #001,5
Night-vision channel SA-NIG022,Component,Image intensifier tube #007,5
Night-vision channel SA-NIG022,Component,Battery management IC #009,5
Night-vision channel SA-NIG003,Component,Battery management IC #010,5
Night-vision channel SA-NIG003,Component,Germanium IR lens #009,5
Night-vision channel SA-NIG003,Component,Image intensifier tube #001,5
Battery pack SA-BAT035,Component,MIL-spec circular connector #037,5
Battery pack SA-BAT035,Component,Battery management IC #008,5
Battery pack SA-BAT035,Component,Multilayer PCB (bare board) #009,5
Battery pack SA-BAT035,Component,Li-ion cell (21700) #008,5
Battery pack SA-BAT040,Component,MIL-spec circular connector #008,5
Battery pack SA-BAT040,Component,Multilayer PCB (bare board) #018,5
Battery pack SA-BAT040,Component,Battery management IC #004,5
Battery pack SA-BAT032,Component,Battery management IC #013,5
Battery pack SA-BAT032,Component,Multilayer PCB (bare board) #031,5
Battery pack SA-BAT032,Component,MIL-spec circular connector #018,5
Battery pack SA-BAT032,Component,Li-ion cell (21700) #017,5
Battery pack SA-BAT021,Component,Multilayer PCB (bare board) #042,5
Battery pack SA-BAT021,Component,MIL-spec circular connector #002,5
Battery pack SA-BAT021,Component,Battery management IC #014,5
Battery pack SA-BAT021,Component,Li-ion cell (21700) #015,5
Power conditioning unit SA-POW001,Component,DC-DC converter module #012,5
Power conditioning unit SA-POW001,Component,Multilayer PCB (bare board) #050,5
Power conditioning unit SA-POW001,Component,SiC power MOSFET #001,5
Power conditioning unit SA-POW001,Component,Coaxial RF cable assembly #005,5
Power conditioning unit SA-POW001,Component,Tantalum capacitor #009,5
Power conditioning unit SA-POW014,Component,DC-DC converter module #023,5
Power conditioning unit SA-POW014,Component,Multilayer PCB (bare board) #014,5
Power conditioning unit SA-POW014,Component,MLCC capacitor #034,5
Power conditioning unit SA-POW014,Component,Coaxial RF cable assembly #025,5
Power conditioning unit SA-POW014,Component,Tantalum capacitor #018,5
Power conditioning unit SA-POW002,Component,Tantalum capacitor #027,5
Power conditioning unit SA-POW002,Component,Multilayer PCB (bare board) #060,5
Power conditioning unit SA-POW002,Component,MLCC capacitor #058,5
Power conditioning unit SA-POW002,Component,SiC power MOSFET #018,5
Power conditioning unit SA-POW002,Component,Coaxial RF cable assembly #023,5
Power conditioning unit SA-POW040,Component,Coaxial RF cable assembly #024,5
Power conditioning unit SA-POW040,Component,Tantalum capacitor #026,5
Power conditioning unit SA-POW040,Component,Multilayer PCB (bare board) #010,5
Power conditioning unit SA-POW040,Component,DC-DC converter module #025,5
Power conditioning unit SA-POW040,Component,MLCC capacitor #058,5
Power conditioning unit SA-POW027,Component,Coaxial RF cable assembly #012,5
Power conditioning unit SA-POW027,Component,Multilayer PCB (bare board) #028,5
Power conditioning unit SA-POW027,Component,Tantalum capacitor #008,5
Power conditioning unit SA-POW021,Component,MLCC capacitor #036,5
Power conditioning unit SA-POW021,Component,SiC power MOSFET #004,5
Power conditioning unit SA-POW021,Component,Multilayer PCB (bare board) #016,5
Power conditioning unit SA-POW021,Component,Tantalum capacitor #001,5
Power conditioning unit SA-POW025,Component,MLCC capacitor #048,5
Power conditioning unit SA-POW025,Component,Coaxial RF cable assembly #030,5
Power conditioning unit SA-POW025,Component,Tantalum capacitor #013,5
Power conditioning unit SA-POW025,Component,SiC power MOSFET #012,5
Power conditioning unit SA-POW036,Component,SiC power MOSFET #007,5
Power conditioning unit SA-POW036,Component,MLCC capacitor #029,5
Power conditioning unit SA-POW036,Component,Tantalum capacitor #015,5
Battery pack SA-BAT024,Component,Battery management IC #014,5
Battery pack SA-BAT024,Component,Multilayer PCB (bare board) #059,5
Battery pack SA-BAT024,Component,MIL-spec circular connector #038,5
Battery pack SA-BAT024,Component,Li-ion cell (21700) #009,5
Battery pack SA-BAT029,Component,MIL-spec circular connector #048,5
Battery pack SA-BAT029,Component,Li-ion cell (21700) #020,5
Battery pack SA-BAT029,Component,Multilayer PCB (bare board) #020,5
Battery pack SA-BAT029,Component,Battery management IC #003,5
Battery pack SA-BAT034,Component,Battery management IC #006,5
Battery pack SA-BAT034,Component,Li-ion cell (21700) #004,5
Battery pack SA-BAT034,Component,Multilayer PCB (bare board) #053,5
Battery pack SA-BAT034,Component,MIL-spec circular connector #002,5
Battery pack SA-BAT023,Component,MIL-spec circular connector #005,5
Battery pack SA-BAT023,Component,Battery management IC #005,5
Battery pack SA-BAT023,Component,Multilayer PCB (bare board) #034,5
Battery pack SA-BAT023,Component,Li-ion cell (21700) #018,5
Power conditioning unit SA-POW035,Component,MLCC capacitor #016,5
Power conditioning unit SA-POW035,Component,Coaxial RF cable assembly #004,5
Power conditioning unit SA-POW035,Component,SiC power MOSFET #019,5
Power conditioning unit SA-POW035,Component,Multilayer PCB (bare board) #013,5
Battery pack SA-BAT013,Component,Multilayer PCB (bare board) #039,5
Battery pack SA-BAT013,Component,MIL-spec circular connector #016,5
Battery pack SA-BAT013,Component,Li-ion cell (21700) #019,5
Battery pack SA-BAT016,Component,Li-ion cell (21700) #011,5
Battery pack SA-BAT016,Component,Multilayer PCB (bare board) #055,5
Battery pack SA-BAT016,Component,Battery management IC #015,5
Battery pack SA-BAT016,Component,MIL-spec circular connector #020,5
Battery pack SA-BAT002,Component,Li-ion cell (21700) #014,5
Battery pack SA-BAT002,Component,MIL-spec circular connector #041,5
Battery pack SA-BAT002,Component,Multilayer PCB (bare board) #043,5
Battery pack SA-BAT002,Component,Battery management IC #001,5
Battery pack SA-BAT008,Component,Battery management IC #001,5
Battery pack SA-BAT008,Component,MIL-spec circular connector #004,5
Battery pack SA-BAT008,Component,Li-ion cell (21700) #003,5
Thermal battery assembly SA-THE009,Component,Thermal battery #013,5
Thermal battery assembly SA-THE009,Component,MIL-spec circular connector #018,5
Battery pack SA-BAT031,Component,Battery management IC #006,5
Battery pack SA-BAT031,Component,Multilayer PCB (bare board) #055,5
Battery pack SA-BAT031,Component,MIL-spec circular connector #045,5
Thermal battery assembly SA-THE031,Component,Thermal battery #015,5
Thermal battery assembly SA-THE031,Component,MIL-spec circular connector #035,5
Thermal battery assembly SA-THE024,Component,Thermal battery #004,5
Thermal battery assembly SA-THE024,Component,MIL-spec circular connector #014,5
Power conditioning unit SA-POW039,Component,MLCC capacitor #017,5
Power conditioning unit SA-POW039,Component,SiC power MOSFET #003,5
Power conditioning unit SA-POW039,Component,DC-DC converter module #027,5
Power conditioning unit SA-POW039,Component,Tantalum capacitor #005,5
Power conditioning unit SA-POW033,Component,DC-DC converter module #014,5
Power conditioning unit SA-POW033,Component,MLCC capacitor #054,5
Power conditioning unit SA-POW033,Component,Coaxial RF cable assembly #018,5
Power conditioning unit SA-POW033,Component,SiC power MOSFET #018,5
Battery pack SA-BAT026,Component,Li-ion cell (21700) #002,5
Battery pack SA-BAT026,Component,Battery management IC #013,5
Battery pack SA-BAT026,Component,Multilayer PCB (bare board) #040,5
Battery pack SA-BAT026,Component,MIL-spec circular connector #001,5
Battery pack SA-BAT019,Component,MIL-spec circular connector #008,5
Battery pack SA-BAT019,Component,Battery management IC #015,5
Battery pack SA-BAT019,Component,Li-ion cell (21700) #019,5
Battery pack SA-BAT009,Component,MIL-spec circular connector #021,5
Battery pack SA-BAT009,Component,Battery management IC #015,5
Battery pack SA-BAT009,Component,Li-ion cell (21700) #013,5
Battery pack SA-BAT009,Component,Multilayer PCB (bare board) #034,5
Control actuation unit SA-ACT026,Component,Servo actuator #016,5
Control actuation unit SA-ACT026,Component,Machined titanium bracket #037,5
Control actuation unit SA-ACT026,Component,Microcontroller #035,5
Control actuation unit SA-ACT026,Component,Precision bearing #026,5
Control actuation unit SA-ACT035,Component,Microcontroller #027,5
Control actuation unit SA-ACT035,Component,Machined titanium bracket #009,5
Control actuation unit SA-ACT035,Component,Servo actuator #009,5
Control actuation unit SA-ACT035,Component,Precision bearing #029,5
Control actuation unit SA-ACT022,Component,Microcontroller #008,5
Control actuation unit SA-ACT022,Component,Machined titanium bracket #016,5
Control actuation unit SA-ACT022,Component,Servo actuator #022,5
Control actuation unit SA-ACT022,Component,Precision bearing #001,5
Control actuation unit SA-ACT028,Component,Precision bearing #027,5
Control actuation unit SA-ACT028,Component,Machined titanium bracket #008,5
Control actuation unit SA-ACT028,Component,Microcontroller #021,5
PCB assembly SA-PCB006,Component,MIL-spec circular connector #031,5
PCB assembly SA-PCB006,Component,MLCC capacitor #060,5
PCB assembly SA-PCB006,Component,Thick-film resistor #017,5
PCB assembly SA-PCB006,Component,Memory IC #015,5
PCB assembly SA-PCB016,Component,Tantalum capacitor #026,5
PCB assembly SA-PCB016,Component,Memory IC #005,5
PCB assembly SA-PCB016,Component,Microcontroller #013,5
PCB assembly SA-PCB016,Component,Thick-film resistor #021,5
PCB assembly SA-PCB011,Component,Thick-film resistor #010,5
PCB assembly SA-PCB011,Component,Solder paste #002,5
PCB assembly SA-PCB011,Component,Multilayer PCB (bare board) #049,5
PCB assembly SA-PCB011,Component,DC-DC converter module #016,5
PCB assembly SA-PCB009,Component,Tantalum capacitor #025,5
PCB assembly SA-PCB009,Component,Thick-film resistor #034,5
PCB assembly SA-PCB009,Component,Memory IC #004,5
Control actuation unit SA-ACT006,Component,Servo actuator #021,5
Control actuation unit SA-ACT006,Component,Machined titanium bracket #032,5
Control actuation unit SA-ACT006,Component,Precision bearing #018,5
Projectile & charge SA-CAR040,Component,Main charge (RDX/TNT fill) #007,5
Projectile & charge SA-CAR040,Component,Fuze electronics module #001,5
Projectile & charge SA-CAR040,Component,Percussion primer / tracer #003,5
Projectile & charge SA-CAR040,Component,Forged shell body #015,5
Projectile & charge SA-CAR040,Component,Single-base propellant charge #007,5
PCB assembly SA-PCB008,Component,Memory IC #002,5
PCB assembly SA-PCB008,Component,FPGA (rad-tolerant) #013,5
PCB assembly SA-PCB008,Component,MIL-spec circular connector #018,5
Projectile & charge SA-CAR031,Component,Forged shell body #010,5
Projectile & charge SA-CAR031,Component,Fuze electronics module #018,5
Projectile & charge SA-CAR031,Component,Single-base propellant charge #005,5
Projectile & charge SA-CAR031,Component,Percussion primer / tracer #011,5
Projectile & charge SA-CAR031,Component,Main charge (RDX/TNT fill) #019,5
IR optical train SA-IR_008,Component,Sapphire dome / window #017,5
IR optical train SA-IR_008,Component,Uncooled microbolometer #017,5
IR optical train SA-IR_008,Component,InSb IR focal-plane array #010,5
Control actuation unit SA-ACT021,Component,Servo actuator #022,5
Control actuation unit SA-ACT021,Component,Precision bearing #016,5
Control actuation unit SA-ACT021,Component,Machined titanium bracket #015,5
Control actuation unit SA-ACT021,Component,Microcontroller #021,5
Control actuation unit SA-ACT023,Component,Servo actuator #025,5
Control actuation unit SA-ACT023,Component,Machined titanium bracket #023,5
Control actuation unit SA-ACT023,Component,Precision bearing #018,5
Control actuation unit SA-ACT010,Component,Precision bearing #028,5
Control actuation unit SA-ACT010,Component,Machined titanium bracket #026,5
Control actuation unit SA-ACT010,Component,Servo actuator #017,5
Control actuation unit SA-ACT010,Component,Microcontroller #011,5
Control actuation unit SA-ACT031,Component,Microcontroller #008,5
Control actuation unit SA-ACT031,Component,Servo actuator #021,5
Control actuation unit SA-ACT031,Component,Machined titanium bracket #039,5
IR optical train SA-IR_037,Component,Aluminium structural frame #038,5
IR optical train SA-IR_037,Component,InSb IR focal-plane array #014,5
IR optical train SA-IR_037,Component,Germanium IR lens #012,5
IR optical train SA-IR_037,Component,Sapphire dome / window #020,5
IR optical train SA-IR_037,Component,Uncooled microbolometer #017,5
IR optical train SA-IR_002,Component,Sapphire dome / window #012,5
IR optical train SA-IR_002,Component,Uncooled microbolometer #018,5
IR optical train SA-IR_002,Component,Germanium IR lens #002,5
Projectile & charge SA-CAR036,Component,Forged shell body #004,5
Projectile & charge SA-CAR036,Component,Percussion primer / tracer #018,5
Projectile & charge SA-CAR036,Component,Main charge (RDX/TNT fill) #003,5
Projectile & charge SA-CAR036,Component,Fuze electronics module #009,5
Projectile & charge SA-CAR036,Component,Single-base propellant charge #011,5
Projectile & charge SA-CAR021,Component,Fuze electronics module #006,5
Projectile & charge SA-CAR021,Component,Forged shell body #012,5
Projectile & charge SA-CAR021,Component,Main charge (RDX/TNT fill) #011,5
Projectile & charge SA-CAR025,Component,Main charge (RDX/TNT fill) #007,5
Projectile & charge SA-CAR025,Component,Fuze electronics module #003,5
Projectile & charge SA-CAR025,Component,Forged shell body #002,5
Control actuation unit SA-ACT008,Component,Microcontroller #005,5
Control actuation unit SA-ACT008,Component,Servo actuator #017,5
Control actuation unit SA-ACT008,Component,Precision bearing #030,5
Control actuation unit SA-ACT008,Component,Machined titanium bracket #005,5
Control actuation unit SA-ACT018,Component,Servo actuator #013,5
Control actuation unit SA-ACT018,Component,Precision bearing #010,5
Control actuation unit SA-ACT018,Component,Machined titanium bracket #002,5
Control actuation unit SA-ACT018,Component,Microcontroller #023,5
Control actuation unit SA-ACT014,Component,Machined titanium bracket #036,5
Control actuation unit SA-ACT014,Component,Microcontroller #010,5
Control actuation unit SA-ACT014,Component,Precision bearing #003,5
Control actuation unit SA-ACT014,Component,Servo actuator #025,5
Control actuation unit SA-ACT012,Component,Precision bearing #004,5
Control actuation unit SA-ACT012,Component,Microcontroller #036,5
Control actuation unit SA-ACT012,Component,Machined titanium bracket #013,5
Control actuation unit SA-ACT012,Component,Servo actuator #011,5
Control actuation unit SA-ACT033,Component,Machined titanium bracket #034,5
Control actuation unit SA-ACT033,Component,Precision bearing #023,5
Control actuation unit SA-ACT033,Component,Microcontroller #030,5
Control actuation unit SA-ACT019,Component,Servo actuator #023,5
Control actuation unit SA-ACT019,Component,Precision bearing #015,5
Control actuation unit SA-ACT019,Component,Machined titanium bracket #003,5
Control actuation unit SA-ACT019,Component,Microcontroller #009,5
Control actuation unit SA-ACT020,Component,Servo actuator #022,5
Control actuation unit SA-ACT020,Component,Microcontroller #030,5
Control actuation unit SA-ACT020,Component,Machined titanium bracket #024,5
Projectile & charge SA-CAR015,Component,Main charge (RDX/TNT fill) #001,5
Projectile & charge SA-CAR015,Component,Forged shell body #005,5
Projectile & charge SA-CAR015,Component,Fuze electronics module #014,5
Projectile & charge SA-CAR015,Component,Percussion primer / tracer #009,5
Projectile & charge SA-CAR015,Component,Single-base propellant charge #016,5
GNSS module SA-GNS009,Component,Multilayer PCB (bare board) #031,5
GNSS module SA-GNS009,Component,Quartz crystal oscillator #002,5
GNSS module SA-GNS009,Component,Patch antenna element #018,5
GNSS module SA-GNS009,Component,GNSS receiver chip #002,5
GNSS module SA-GNS011,Component,RF filter (SAW/BAW) #020,5
GNSS module SA-GNS011,Component,GNSS receiver chip #005,5
GNSS module SA-GNS011,Component,Multilayer PCB (bare board) #050,5
GNSS module SA-GNS018,Component,GNSS receiver chip #012,5
GNSS module SA-GNS018,Component,Patch antenna element #022,5
GNSS module SA-GNS018,Component,RF filter (SAW/BAW) #004,5
GNSS module SA-GNS018,Component,Multilayer PCB (bare board) #050,5
RF front-end SA-RF_020,Component,GaN power amplifier MMIC #021,5
RF front-end SA-RF_020,Component,GaAs low-noise amplifier MMIC #013,5
RF front-end SA-RF_020,Component,RF filter (SAW/BAW) #028,5
RF front-end SA-RF_020,Component,MLCC capacitor #025,5
RF front-end SA-RF_020,Component,Coaxial RF cable assembly #011,5
RF front-end SA-RF_015,Component,Multilayer PCB (bare board) #037,5
RF front-end SA-RF_015,Component,Patch antenna element #001,5
RF front-end SA-RF_015,Component,MLCC capacitor #038,5
RF front-end SA-RF_015,Component,Coaxial RF cable assembly #002,5
PCB assembly SA-PCB033,Component,MIL-spec circular connector #024,5
PCB assembly SA-PCB033,Component,Microcontroller #012,5
PCB assembly SA-PCB033,Component,Tantalum capacitor #023,5
PCB assembly SA-PCB033,Component,Solder paste #006,5
PCB assembly SA-PCB035,Component,Tantalum capacitor #023,5
PCB assembly SA-PCB035,Component,DC-DC converter module #028,5
PCB assembly SA-PCB035,Component,Memory IC #011,5
PCB assembly SA-PCB035,Component,Multilayer PCB (bare board) #016,5
PCB assembly SA-PCB003,Component,DC-DC converter module #001,5
PCB assembly SA-PCB003,Component,MLCC capacitor #015,5
PCB assembly SA-PCB003,Component,Memory IC #013,5
PCB assembly SA-PCB040,Component,Memory IC #010,5
PCB assembly SA-PCB040,Component,MLCC capacitor #042,5
PCB assembly SA-PCB040,Component,FPGA (rad-tolerant) #007,5
PCB assembly SA-PCB040,Component,Tantalum capacitor #003,5
RF front-end SA-RF_013,Component,Patch antenna element #006,5
RF front-end SA-RF_013,Component,GaN power amplifier MMIC #013,5
RF front-end SA-RF_013,Component,Multilayer PCB (bare board) #043,5
RF front-end SA-RF_013,Component,MLCC capacitor #039,5
RF front-end SA-RF_013,Component,GaAs low-noise amplifier MMIC #006,5
GNSS module SA-GNS037,Component,Patch antenna element #026,5
GNSS module SA-GNS037,Component,Quartz crystal oscillator #009,5
GNSS module SA-GNS037,Component,RF filter (SAW/BAW) #008,5
GNSS module SA-GNS037,Component,Multilayer PCB (bare board) #007,5
GNSS module SA-GNS037,Component,GNSS receiver chip #011,5
GNSS module SA-GNS017,Component,GNSS receiver chip #019,5
GNSS module SA-GNS017,Component,Patch antenna element #012,5
GNSS module SA-GNS017,Component,Quartz crystal oscillator #007,5
GNSS module SA-GNS017,Component,Multilayer PCB (bare board) #002,5
GNSS module SA-GNS031,Component,RF filter (SAW/BAW) #015,5
GNSS module SA-GNS031,Component,GNSS receiver chip #002,5
GNSS module SA-GNS031,Component,Patch antenna element #014,5
GNSS module SA-GNS025,Component,RF filter (SAW/BAW) #012,5
GNSS module SA-GNS025,Component,Quartz crystal oscillator #003,5
GNSS module SA-GNS025,Component,GNSS receiver chip #001,5
PCB assembly SA-PCB007,Component,Memory IC #013,5
PCB assembly SA-PCB007,Component,DC-DC converter module #016,5
PCB assembly SA-PCB007,Component,Tantalum capacitor #013,5
PCB assembly SA-PCB007,Component,Multilayer PCB (bare board) #020,5
RF front-end SA-RF_036,Component,RF filter (SAW/BAW) #022,5
RF front-end SA-RF_036,Component,MLCC capacitor #028,5
RF front-end SA-RF_036,Component,Coaxial RF cable assembly #021,5
RF front-end SA-RF_009,Component,RF filter (SAW/BAW) #007,5
RF front-end SA-RF_009,Component,Patch antenna element #005,5
RF front-end SA-RF_009,Component,MLCC capacitor #002,5
RF front-end SA-RF_005,Component,Coaxial RF cable assembly #011,5
RF front-end SA-RF_005,Component,GaAs low-noise amplifier MMIC #018,5
RF front-end SA-RF_005,Component,MLCC capacitor #024,5
RF front-end SA-RF_005,Component,Multilayer PCB (bare board) #043,5
GNSS module SA-GNS012,Component,GNSS receiver chip #020,5
GNSS module SA-GNS012,Component,Quartz crystal oscillator #012,5
GNSS module SA-GNS012,Component,Multilayer PCB (bare board) #004,5
GNSS module SA-GNS012,Component,Patch antenna element #006,5
GNSS module SA-GNS034,Component,Multilayer PCB (bare board) #032,5
GNSS module SA-GNS034,Component,Patch antenna element #025,5
GNSS module SA-GNS034,Component,Quartz crystal oscillator #005,5
GNSS module SA-GNS034,Component,RF filter (SAW/BAW) #013,5
RF front-end SA-RF_028,Component,GaN power amplifier MMIC #019,5
RF front-end SA-RF_028,Component,Patch antenna element #017,5
RF front-end SA-RF_028,Component,Multilayer PCB (bare board) #007,5
RF front-end SA-RF_028,Component,RF filter (SAW/BAW) #014,5
RF front-end SA-RF_017,Component,GaAs low-noise amplifier MMIC #005,5
RF front-end SA-RF_017,Component,Patch antenna element #014,5
RF front-end SA-RF_017,Component,RF filter (SAW/BAW) #015,5
RF front-end SA-RF_017,Component,MLCC capacitor #034,5
RF front-end SA-RF_017,Component,GaN power amplifier MMIC #028,5
RF front-end SA-RF_039,Component,Coaxial RF cable assembly #017,5
RF front-end SA-RF_039,Component,RF filter (SAW/BAW) #003,5
RF front-end SA-RF_039,Component,GaAs low-noise amplifier MMIC #024,5
RF front-end SA-RF_039,Component,Patch antenna element #024,5
RF front-end SA-RF_039,Component,MLCC capacitor #002,5
Battery pack SA-BAT033,Component,Battery management IC #001,5
Battery pack SA-BAT033,Component,Multilayer PCB (bare board) #024,5
Battery pack SA-BAT033,Component,Li-ion cell (21700) #007,5
Battery pack SA-BAT033,Component,MIL-spec circular connector #042,5
Battery pack SA-BAT022,Component,Battery management IC #005,5
Battery pack SA-BAT022,Component,Multilayer PCB (bare board) #057,5
Battery pack SA-BAT022,Component,MIL-spec circular connector #041,5
Battery pack SA-BAT022,Component,Li-ion cell (21700) #020,5
Power conditioning unit SA-POW009,Component,DC-DC converter module #021,5
Power conditioning unit SA-POW009,Component,Coaxial RF cable assembly #015,5
Power conditioning unit SA-POW009,Component,Tantalum capacitor #006,5
Power conditioning unit SA-POW019,Component,Multilayer PCB (bare board) #039,5
Power conditioning unit SA-POW019,Component,Coaxial RF cable assembly #005,5
Power conditioning unit SA-POW019,Component,DC-DC converter module #021,5
Power conditioning unit SA-POW019,Component,Tantalum capacitor #012,5
Power conditioning unit SA-POW037,Component,Multilayer PCB (bare board) #057,5
Power conditioning unit SA-POW037,Component,DC-DC converter module #019,5
Power conditioning unit SA-POW037,Component,Coaxial RF cable assembly #001,5
Power conditioning unit SA-POW037,Component,MLCC capacitor #045,5
Power conditioning unit SA-POW037,Component,SiC power MOSFET #009,5
Power conditioning unit SA-POW004,Component,Tantalum capacitor #012,5
Power conditioning unit SA-POW004,Component,Coaxial RF cable assembly #016,5
Power conditioning unit SA-POW004,Component,Multilayer PCB (bare board) #005,5
Power conditioning unit SA-POW004,Component,DC-DC converter module #002,5
Power conditioning unit SA-POW004,Component,MLCC capacitor #027,5
Power conditioning unit SA-POW006,Component,Tantalum capacitor #019,5
Power conditioning unit SA-POW006,Component,SiC power MOSFET #013,5
Power conditioning unit SA-POW006,Component,Multilayer PCB (bare board) #034,5
Power conditioning unit SA-POW006,Component,Coaxial RF cable assembly #004,5
Power conditioning unit SA-POW006,Component,MLCC capacitor #001,5
Structural section SA-STR026,Component,Fluoroelastomer seal kit #010,5
Structural section SA-STR026,Component,Machined titanium bracket #031,5
Structural section SA-STR026,Component,Titanium fastener kit #003,5
Structural section SA-STR026,Component,Carbon-fiber airframe panel #015,5
Structural section SA-STR032,Component,Machined titanium bracket #020,5
Structural section SA-STR032,Component,Fluoroelastomer seal kit #025,5
Structural section SA-STR032,Component,Carbon-fiber airframe panel #029,5
Structural section SA-STR032,Component,Titanium fastener kit #004,5
Structural section SA-STR017,Component,Carbon-fiber airframe panel #027,5
Structural section SA-STR017,Component,Fluoroelastomer seal kit #016,5
Structural section SA-STR017,Component,Titanium fastener kit #025,5
Structural section SA-STR017,Component,Aluminium structural frame #023,5
Structural section SA-STR015,Component,Machined titanium bracket #022,5
Structural section SA-STR015,Component,Fluoroelastomer seal kit #027,5
Structural section SA-STR015,Component,Titanium fastener kit #001,5
Structural section SA-STR015,Component,Carbon-fiber airframe panel #017,5
Radome assembly SA-RAD021,Component,Titanium fastener kit #005,5
Radome assembly SA-RAD021,Component,Glass-composite radome #004,5
Radome assembly SA-RAD010,Component,Glass-composite radome #003,5
Radome assembly SA-RAD010,Component,Titanium fastener kit #028,5
Radome assembly SA-RAD023,Component,Titanium fastener kit #005,5
Radome assembly SA-RAD023,Component,Glass-composite radome #008,5
Radome assembly SA-RAD029,Component,Titanium fastener kit #024,5
Radome assembly SA-RAD029,Component,Glass-composite radome #019,5
Control actuation unit SA-ACT001,Component,Servo actuator #007,5
Control actuation unit SA-ACT001,Component,Microcontroller #028,5
Control actuation unit SA-ACT001,Component,Machined titanium bracket #029,5
Control actuation unit SA-ACT003,Component,Microcontroller #018,5
Control actuation unit SA-ACT003,Component,Precision bearing #015,5
Control actuation unit SA-ACT003,Component,Servo actuator #016,5
Control actuation unit SA-ACT003,Component,Machined titanium bracket #007,5
Radome assembly SA-RAD005,Component,Glass-composite radome #003,5
Radome assembly SA-RAD005,Component,Titanium fastener kit #028,5
Radome assembly SA-RAD026,Component,Titanium fastener kit #027,5
Radome assembly SA-RAD026,Component,Glass-composite radome #009,5
Radome assembly SA-RAD038,Component,Glass-composite radome #011,5
Radome assembly SA-RAD038,Component,Titanium fastener kit #029,5
Radome assembly SA-RAD002,Component,Glass-composite radome #020,5
Radome assembly SA-RAD002,Component,Titanium fastener kit #012,5
Radome assembly SA-RAD034,Component,Titanium fastener kit #023,5
Radome assembly SA-RAD034,Component,Glass-composite radome #020,5
Radome assembly SA-RAD018,Component,Titanium fastener kit #015,5
Radome assembly SA-RAD018,Component,Glass-composite radome #007,5
Structural section SA-STR027,Component,Carbon-fiber airframe panel #029,5
Structural section SA-STR027,Component,Fluoroelastomer seal kit #005,5
Structural section SA-STR027,Component,Machined titanium bracket #022,5
Structural section SA-STR027,Component,Titanium fastener kit #026,5
Radome assembly SA-RAD011,Component,Glass-composite radome #016,5
Radome assembly SA-RAD011,Component,Titanium fastener kit #001,5
Radome assembly SA-RAD014,Component,Glass-composite radome #012,5
Radome assembly SA-RAD014,Component,Titanium fastener kit #025,5
Radome assembly SA-RAD032,Component,Glass-composite radome #019,5
Radome assembly SA-RAD032,Component,Titanium fastener kit #007,5
Radome assembly SA-RAD024,Component,Titanium fastener kit #009,5
Radome assembly SA-RAD024,Component,Glass-composite radome #006,5
Radome assembly SA-RAD016,Component,Titanium fastener kit #013,5
Radome assembly SA-RAD016,Component,Glass-composite radome #008,5
Control actuation unit SA-ACT036,Component,Microcontroller #001,5
Control actuation unit SA-ACT036,Component,Servo actuator #026,5
Control actuation unit SA-ACT036,Component,Machined titanium bracket #030,5
Control actuation unit SA-ACT037,Component,Machined titanium bracket #027,5
Control actuation unit SA-ACT037,Component,Precision bearing #008,5
Control actuation unit SA-ACT037,Component,Servo actuator #027,5
Control actuation unit SA-ACT037,Component,Microcontroller #010,5
Radome assembly SA-RAD033,Component,Glass-composite radome #017,5
Radome assembly SA-RAD033,Component,Titanium fastener kit #025,5
GNSS module SA-GNS028,Component,Multilayer PCB (bare board) #016,5
GNSS module SA-GNS028,Component,RF filter (SAW/BAW) #008,5
GNSS module SA-GNS028,Component,Quartz crystal oscillator #015,5
GNSS module SA-GNS028,Component,Patch antenna element #014,5
RF front-end SA-RF_008,Component,GaN power amplifier MMIC #003,5
RF front-end SA-RF_008,Component,Coaxial RF cable assembly #008,5
RF front-end SA-RF_008,Component,GaAs low-noise amplifier MMIC #028,5
RF front-end SA-RF_008,Component,Patch antenna element #016,5
RF front-end SA-RF_008,Component,MLCC capacitor #019,5
GNSS module SA-GNS006,Component,Multilayer PCB (bare board) #044,5
GNSS module SA-GNS006,Component,Quartz crystal oscillator #022,5
GNSS module SA-GNS006,Component,GNSS receiver chip #001,5
GNSS module SA-GNS006,Component,RF filter (SAW/BAW) #019,5
RF front-end SA-RF_023,Component,GaAs low-noise amplifier MMIC #019,5
RF front-end SA-RF_023,Component,Coaxial RF cable assembly #006,5
RF front-end SA-RF_023,Component,Multilayer PCB (bare board) #018,5
RF front-end SA-RF_023,Component,MLCC capacitor #049,5
RF front-end SA-RF_030,Component,Patch antenna element #013,5
RF front-end SA-RF_030,Component,RF filter (SAW/BAW) #017,5
RF front-end SA-RF_030,Component,MLCC capacitor #046,5
RF front-end SA-RF_030,Component,Multilayer PCB (bare board) #059,5
RF front-end SA-RF_030,Component,Coaxial RF cable assembly #010,5
GNSS module SA-GNS004,Component,RF filter (SAW/BAW) #011,5
GNSS module SA-GNS004,Component,Multilayer PCB (bare board) #054,5
GNSS module SA-GNS004,Component,Quartz crystal oscillator #019,5
PCB assembly SA-PCB026,Component,MLCC capacitor #032,5
PCB assembly SA-PCB026,Component,Tantalum capacitor #019,5
PCB assembly SA-PCB026,Component,Multilayer PCB (bare board) #010,5
PCB assembly SA-PCB026,Component,DC-DC converter module #023,5
PCB assembly SA-PCB025,Component,MIL-spec circular connector #026,5
PCB assembly SA-PCB025,Component,FPGA (rad-tolerant) #011,5
PCB assembly SA-PCB025,Component,Thick-film resistor #022,5
PCB assembly SA-PCB025,Component,Tantalum capacitor #027,5
PCB assembly SA-PCB025,Component,Memory IC #017,5
RF front-end SA-RF_010,Component,Coaxial RF cable assembly #013,5
RF front-end SA-RF_010,Component,GaN power amplifier MMIC #004,5
RF front-end SA-RF_010,Component,Patch antenna element #024,5
RF front-end SA-RF_010,Component,Multilayer PCB (bare board) #049,5
RF front-end SA-RF_010,Component,RF filter (SAW/BAW) #017,5
GNSS module SA-GNS033,Component,GNSS receiver chip #011,5
GNSS module SA-GNS033,Component,Quartz crystal oscillator #019,5
GNSS module SA-GNS033,Component,RF filter (SAW/BAW) #016,5
GNSS module SA-GNS007,Component,Quartz crystal oscillator #022,5
GNSS module SA-GNS007,Component,RF filter (SAW/BAW) #023,5
GNSS module SA-GNS007,Component,GNSS receiver chip #004,5
PCB assembly SA-PCB028,Component,DC-DC converter module #010,5
PCB assembly SA-PCB028,Component,MIL-spec circular connector #034,5
PCB assembly SA-PCB028,Component,Tantalum capacitor #004,5
PCB assembly SA-PCB015,Component,Solder paste #007,5
PCB assembly SA-PCB015,Component,Multilayer PCB (bare board) #046,5
PCB assembly SA-PCB015,Component,MIL-spec circular connector #034,5
PCB assembly SA-PCB024,Component,DC-DC converter module #009,5
PCB assembly SA-PCB024,Component,MLCC capacitor #039,5
PCB assembly SA-PCB024,Component,MIL-spec circular connector #017,5
Turbojet unit SA-TUR014,Component,Small turbojet core #003,5
Turbojet unit SA-TUR014,Component,Precision bearing #020,5
Turbojet unit SA-TUR014,Component,Microcontroller #012,5
Turbojet unit SA-TUR014,Component,Superalloy turbine blade #008,5
Turbojet unit SA-TUR007,Component,Small turbojet core #001,5
Turbojet unit SA-TUR007,Component,Precision bearing #010,5
Turbojet unit SA-TUR007,Component,Superalloy turbine blade #009,5
Turbojet unit SA-TUR007,Component,Microcontroller #026,5
PCB assembly SA-PCB023,Component,Solder paste #007,5
PCB assembly SA-PCB023,Component,MLCC capacitor #020,5
PCB assembly SA-PCB023,Component,Memory IC #009,5
PCB assembly SA-PCB023,Component,DC-DC converter module #022,5
PCB assembly SA-PCB012,Component,Thick-film resistor #003,5
PCB assembly SA-PCB012,Component,Multilayer PCB (bare board) #044,5
PCB assembly SA-PCB012,Component,MIL-spec circular connector #022,5
PCB assembly SA-PCB012,Component,Tantalum capacitor #028,5
PCB assembly SA-PCB012,Component,FPGA (rad-tolerant) #020,5
Structural section SA-STR029,Component,Fluoroelastomer seal kit #003,5
Structural section SA-STR029,Component,Carbon-fiber airframe panel #010,5
Structural section SA-STR029,Component,Aluminium structural frame #021,5
Structural section SA-STR029,Component,Titanium fastener kit #022,5
Structural section SA-STR029,Component,Machined titanium bracket #034,5
Structural section SA-STR007,Component,Aluminium structural frame #006,5
Structural section SA-STR007,Component,Titanium fastener kit #027,5
Structural section SA-STR007,Component,Carbon-fiber airframe panel #025,5
Structural section SA-STR007,Component,Machined titanium bracket #027,5
Turbojet unit SA-TUR008,Component,Precision bearing #009,5
Turbojet unit SA-TUR008,Component,Small turbojet core #008,5
Turbojet unit SA-TUR008,Component,Superalloy turbine blade #003,5
Turbojet unit SA-TUR021,Component,Superalloy turbine blade #019,5
Turbojet unit SA-TUR021,Component,Small turbojet core #003,5
Turbojet unit SA-TUR021,Component,Precision bearing #003,5
Turbojet unit SA-TUR021,Component,Microcontroller #005,5
Turbojet unit SA-TUR001,Component,Small turbojet core #008,5
Turbojet unit SA-TUR001,Component,Superalloy turbine blade #006,5
Turbojet unit SA-TUR001,Component,Microcontroller #005,5
Turbojet unit SA-TUR001,Component,Precision bearing #022,5
Turbojet unit SA-TUR003,Component,Precision bearing #007,5
Turbojet unit SA-TUR003,Component,Small turbojet core #006,5
Turbojet unit SA-TUR003,Component,Microcontroller #028,5
Turbojet unit SA-TUR003,Component,Superalloy turbine blade #016,5
Structural section SA-STR025,Component,Aluminium structural frame #008,5
Structural section SA-STR025,Component,Titanium fastener kit #006,5
Structural section SA-STR025,Component,Fluoroelastomer seal kit #015,5
Structural section SA-STR039,Component,Machined titanium bracket #039,5
Structural section SA-STR039,Component,Fluoroelastomer seal kit #025,5
Structural section SA-STR039,Component,Aluminium structural frame #004,5
Structural section SA-STR039,Component,Carbon-fiber airframe panel #023,5
Structural section SA-STR039,Component,Titanium fastener kit #020,5
Structural section SA-STR003,Component,Aluminium structural frame #035,5
Structural section SA-STR003,Component,Titanium fastener kit #009,5
Structural section SA-STR003,Component,Fluoroelastomer seal kit #019,5
Structural section SA-STR003,Component,Carbon-fiber airframe panel #019,5
Structural section SA-STR003,Component,Machined titanium bracket #022,5
GNSS module SA-GNS001,Component,RF filter (SAW/BAW) #009,5
GNSS module SA-GNS001,Component,GNSS receiver chip #004,5
GNSS module SA-GNS001,Component,Quartz crystal oscillator #011,5
GNSS module SA-GNS032,Component,GNSS receiver chip #013,5
GNSS module SA-GNS032,Component,Quartz crystal oscillator #022,5
GNSS module SA-GNS032,Component,Patch antenna element #028,5
GNSS module SA-GNS032,Component,RF filter (SAW/BAW) #024,5
GNSS module SA-GNS032,Component,Multilayer PCB (bare board) #054,5
PCB assembly SA-PCB017,Component,MIL-spec circular connector #027,5
PCB assembly SA-PCB017,Component,Memory IC #013,5
PCB assembly SA-PCB017,Component,Solder paste #005,5
PCB assembly SA-PCB017,Component,Tantalum capacitor #021,5
GNSS module SA-GNS036,Component,Multilayer PCB (bare board) #008,5
GNSS module SA-GNS036,Component,RF filter (SAW/BAW) #009,5
GNSS module SA-GNS036,Component,GNSS receiver chip #002,5
GNSS module SA-GNS036,Component,Quartz crystal oscillator #006,5
GNSS module SA-GNS036,Component,Patch antenna element #026,5
Inertial measurement unit SA-IMU011,Component,MEMS gyroscope #007,5
Inertial measurement unit SA-IMU011,Component,Microcontroller #037,5
Inertial measurement unit SA-IMU011,Component,Quartz crystal oscillator #015,5
Inertial measurement unit SA-IMU011,Component,Fiber-optic gyro coil #015,5
Inertial measurement unit SA-IMU011,Component,Multilayer PCB (bare board) #039,5
PCB assembly SA-PCB018,Component,Solder paste #001,5
PCB assembly SA-PCB018,Component,Multilayer PCB (bare board) #035,5
PCB assembly SA-PCB018,Component,MLCC capacitor #016,5
PCB assembly SA-PCB018,Component,MIL-spec circular connector #033,5
PCB assembly SA-PCB018,Component,Tantalum capacitor #008,5
Inertial measurement unit SA-IMU016,Component,Multilayer PCB (bare board) #019,5
Inertial measurement unit SA-IMU016,Component,Quartz crystal oscillator #030,5
Inertial measurement unit SA-IMU016,Component,Microcontroller #013,5
Inertial measurement unit SA-IMU016,Component,MEMS gyroscope #004,5
Inertial measurement unit SA-IMU020,Component,Multilayer PCB (bare board) #029,5
Inertial measurement unit SA-IMU020,Component,Quartz crystal oscillator #018,5
Inertial measurement unit SA-IMU020,Component,Microcontroller #018,5
Inertial measurement unit SA-IMU020,Component,Fiber-optic gyro coil #015,5
Inertial measurement unit SA-IMU020,Component,MEMS gyroscope #014,5
PCB assembly SA-PCB038,Component,Microcontroller #002,5
PCB assembly SA-PCB038,Component,Memory IC #005,5
PCB assembly SA-PCB038,Component,DC-DC converter module #003,5
PCB assembly SA-PCB038,Component,MLCC capacitor #027,5
GNSS module SA-GNS016,Component,Quartz crystal oscillator #024,5
GNSS module SA-GNS016,Component,RF filter (SAW/BAW) #021,5
GNSS module SA-GNS016,Component,GNSS receiver chip #007,5
GNSS module SA-GNS016,Component,Patch antenna element #013,5
GNSS module SA-GNS008,Component,Quartz crystal oscillator #013,5
GNSS module SA-GNS008,Component,RF filter (SAW/BAW) #026,5
GNSS module SA-GNS008,Component,GNSS receiver chip #014,5
PCB assembly SA-PCB039,Component,Thick-film resistor #037,5
PCB assembly SA-PCB039,Component,Microcontroller #001,5
PCB assembly SA-PCB039,Component,DC-DC converter module #020,5
PCB assembly SA-PCB037,Component,Thick-film resistor #043,5
PCB assembly SA-PCB037,Component,Multilayer PCB (bare board) #056,5
PCB assembly SA-PCB037,Component,Tantalum capacitor #025,5
PCB assembly SA-PCB004,Component,Solder paste #006,5
PCB assembly SA-PCB004,Component,MIL-spec circular connector #019,5
PCB assembly SA-PCB004,Component,FPGA (rad-tolerant) #006,5
Inertial measurement unit SA-IMU013,Component,Fiber-optic gyro coil #003,5
Inertial measurement unit SA-IMU013,Component,MEMS gyroscope #002,5
Inertial measurement unit SA-IMU013,Component,Multilayer PCB (bare board) #049,5
Inertial measurement unit SA-IMU013,Component,Microcontroller #025,5
Inertial measurement unit SA-IMU029,Component,Multilayer PCB (bare board) #056,5
Inertial measurement unit SA-IMU029,Component,Microcontroller #001,5
Inertial measurement unit SA-IMU029,Component,Quartz crystal oscillator #002,5
Inertial measurement unit SA-IMU029,Component,MEMS gyroscope #007,5
Inertial measurement unit SA-IMU029,Component,Fiber-optic gyro coil #012,5
Inertial measurement unit SA-IMU021,Component,MEMS gyroscope #007,5
Inertial measurement unit SA-IMU021,Component,Microcontroller #029,5
Inertial measurement unit SA-IMU021,Component,Quartz crystal oscillator #004,5
Inertial measurement unit SA-IMU021,Component,Fiber-optic gyro coil #001,5
Inertial measurement unit SA-IMU021,Component,Multilayer PCB (bare board) #011,5
Battery pack SA-BAT006,Component,Multilayer PCB (bare board) #040,5
Battery pack SA-BAT006,Component,Battery management IC #007,5
Battery pack SA-BAT006,Component,MIL-spec circular connector #018,5
Battery pack SA-BAT030,Component,Battery management IC #009,5
Battery pack SA-BAT030,Component,Li-ion cell (21700) #011,5
Battery pack SA-BAT030,Component,MIL-spec circular connector #034,5
Battery pack SA-BAT030,Component,Multilayer PCB (bare board) #029,5
Power conditioning unit SA-POW005,Component,SiC power MOSFET #004,5
Power conditioning unit SA-POW005,Component,Multilayer PCB (bare board) #038,5
Power conditioning unit SA-POW005,Component,DC-DC converter module #005,5
Power conditioning unit SA-POW005,Component,Coaxial RF cable assembly #015,5
Power conditioning unit SA-POW005,Component,Tantalum capacitor #017,5
Thermal battery assembly SA-THE034,Component,Thermal battery #010,5
Thermal battery assembly SA-THE034,Component,MIL-spec circular connector #027,5
Thermal battery assembly SA-THE002,Component,Thermal battery #006,5
Thermal battery assembly SA-THE002,Component,MIL-spec circular connector #036,5
Thermal battery assembly SA-THE026,Component,MIL-spec circular connector #002,5
Thermal battery assembly SA-THE026,Component,Thermal battery #010,5
Battery pack SA-BAT015,Component,Multilayer PCB (bare board) #028,5
Battery pack SA-BAT015,Component,Li-ion cell (21700) #011,5
Battery pack SA-BAT015,Component,MIL-spec circular connector #027,5
Battery pack SA-BAT017,Component,Li-ion cell (21700) #011,5
Battery pack SA-BAT017,Component,Multilayer PCB (bare board) #056,5
Battery pack SA-BAT017,Component,Battery management IC #007,5
Battery pack SA-BAT017,Component,MIL-spec circular connector #037,5
Power conditioning unit SA-POW018,Component,Tantalum capacitor #027,5
Power conditioning unit SA-POW018,Component,Coaxial RF cable assembly #022,5
Power conditioning unit SA-POW018,Component,MLCC capacitor #021,5
Power conditioning unit SA-POW018,Component,Multilayer PCB (bare board) #031,5
Power conditioning unit SA-POW018,Component,SiC power MOSFET #014,5
Power conditioning unit SA-POW030,Component,Tantalum capacitor #030,5
Power conditioning unit SA-POW030,Component,SiC power MOSFET #002,5
Power conditioning unit SA-POW030,Component,Multilayer PCB (bare board) #003,5
Power conditioning unit SA-POW030,Component,DC-DC converter module #006,5
Power conditioning unit SA-POW017,Component,MLCC capacitor #007,5
Power conditioning unit SA-POW017,Component,Tantalum capacitor #025,5
Power conditioning unit SA-POW017,Component,DC-DC converter module #015,5
Power conditioning unit SA-POW017,Component,Multilayer PCB (bare board) #050,5
Power conditioning unit SA-POW012,Component,Multilayer PCB (bare board) #045,5
Power conditioning unit SA-POW012,Component,SiC power MOSFET #007,5
Power conditioning unit SA-POW012,Component,MLCC capacitor #001,5
Battery pack SA-BAT007,Component,Li-ion cell (21700) #010,5
Battery pack SA-BAT007,Component,Multilayer PCB (bare board) #024,5
Battery pack SA-BAT007,Component,Battery management IC #008,5
Battery pack SA-BAT007,Component,MIL-spec circular connector #027,5
PCB assembly SA-PCB034,Component,Tantalum capacitor #018,5
PCB assembly SA-PCB034,Component,DC-DC converter module #017,5
PCB assembly SA-PCB034,Component,MIL-spec circular connector #002,5
PCB assembly SA-PCB034,Component,Thick-film resistor #040,5
Warhead section SA-WAR018,Component,Tungsten preformed fragments #010,5
Warhead section SA-WAR018,Component,Main charge (RDX/TNT fill) #009,5
Warhead section SA-WAR018,Component,Detonator #017,5
Warhead section SA-WAR018,Component,Fuze electronics module #015,5
Warhead section SA-WAR028,Component,Tungsten preformed fragments #012,5
Warhead section SA-WAR028,Component,Detonator #020,5
Warhead section SA-WAR028,Component,Fuze electronics module #015,5
Warhead section SA-WAR014,Component,Fuze electronics module #004,5
Warhead section SA-WAR014,Component,Detonator #015,5
Warhead section SA-WAR014,Component,Tungsten preformed fragments #013,5
Warhead section SA-WAR014,Component,Main charge (RDX/TNT fill) #004,5
Warhead section SA-WAR038,Component,Main charge (RDX/TNT fill) #012,5
Warhead section SA-WAR038,Component,Detonator #012,5
Warhead section SA-WAR038,Component,Tungsten preformed fragments #003,5
Warhead section SA-WAR038,Component,Fuze electronics module #015,5
Thermal battery assembly SA-THE028,Component,Thermal battery #005,5
Thermal battery assembly SA-THE028,Component,MIL-spec circular connector #050,5
Thermal battery assembly SA-THE027,Component,Thermal battery #014,5
Thermal battery assembly SA-THE027,Component,MIL-spec circular connector #046,5
Thermal battery assembly SA-THE018,Component,Thermal battery #009,5
Thermal battery assembly SA-THE018,Component,MIL-spec circular connector #008,5
Thermal battery assembly SA-THE030,Component,MIL-spec circular connector #037,5
Thermal battery assembly SA-THE030,Component,Thermal battery #005,5
Thermal battery assembly SA-THE036,Component,Thermal battery #014,5
Thermal battery assembly SA-THE036,Component,MIL-spec circular connector #045,5
Thermal battery assembly SA-THE005,Component,MIL-spec circular connector #003,5
Thermal battery assembly SA-THE005,Component,Thermal battery #010,5
Warhead section SA-WAR025,Component,Detonator #006,5
Warhead section SA-WAR025,Component,Main charge (RDX/TNT fill) #018,5
Warhead section SA-WAR025,Component,Tungsten preformed fragments #004,5
Warhead section SA-WAR025,Component,Fuze electronics module #014,5
Thermal battery assembly SA-THE010,Component,MIL-spec circular connector #037,5
Thermal battery assembly SA-THE010,Component,Thermal battery #002,5
Thermal battery assembly SA-THE020,Component,MIL-spec circular connector #005,5
Thermal battery assembly SA-THE020,Component,Thermal battery #008,5
Warhead section SA-WAR022,Component,Main charge (RDX/TNT fill) #017,5
Warhead section SA-WAR022,Component,Fuze electronics module #010,5
Warhead section SA-WAR022,Component,Tungsten preformed fragments #014,5
Warhead section SA-WAR022,Component,Detonator #014,5
Warhead section SA-WAR011,Component,Fuze electronics module #008,5
Warhead section SA-WAR011,Component,Detonator #006,5
Warhead section SA-WAR011,Component,Main charge (RDX/TNT fill) #013,5
Warhead section SA-WAR011,Component,Tungsten preformed fragments #010,5
Warhead section SA-WAR040,Component,Main charge (RDX/TNT fill) #014,5
Warhead section SA-WAR040,Component,Tungsten preformed fragments #004,5
Warhead section SA-WAR040,Component,Detonator #005,5
Thermal battery assembly SA-THE004,Component,MIL-spec circular connector #005,5
Thermal battery assembly SA-THE004,Component,Thermal battery #006,5
Thermal battery assembly SA-THE017,Component,MIL-spec circular connector #013,5
Thermal battery assembly SA-THE017,Component,Thermal battery #012,5
Thermal battery assembly SA-THE012,Component,MIL-spec circular connector #001,5
Thermal battery assembly SA-THE012,Component,Thermal battery #010,5
Thermal battery assembly SA-THE015,Component,MIL-spec circular connector #022,5
Thermal battery assembly SA-THE015,Component,Thermal battery #002,5
Thermal battery assembly SA-THE019,Component,Thermal battery #008,5
Thermal battery assembly SA-THE019,Component,MIL-spec circular connector #036,5
Thermal battery assembly SA-THE003,Component,MIL-spec circular connector #016,5
Thermal battery assembly SA-THE003,Component,Thermal battery #004,5
Warhead section SA-WAR020,Component,Fuze electronics module #003,5
Warhead section SA-WAR020,Component,Detonator #005,5
Warhead section SA-WAR020,Component,Main charge (RDX/TNT fill) #014,5
Warhead section SA-WAR036,Component,Main charge (RDX/TNT fill) #002,5
Warhead section SA-WAR036,Component,Detonator #011,5
Warhead section SA-WAR036,Component,Fuze electronics module #005,5
Warhead section SA-WAR036,Component,Tungsten preformed fragments #015,5
Warhead section SA-WAR009,Component,Detonator #020,5
Warhead section SA-WAR009,Component,Tungsten preformed fragments #010,5
Warhead section SA-WAR009,Component,Fuze electronics module #009,5
Warhead section SA-WAR012,Component,Main charge (RDX/TNT fill) #018,5
Warhead section SA-WAR012,Component,Tungsten preformed fragments #001,5
Warhead section SA-WAR012,Component,Fuze electronics module #018,5
IR optical train SA-IR_031,Component,Sapphire dome / window #018,5
IR optical train SA-IR_031,Component,Germanium IR lens #021,5
IR optical train SA-IR_031,Component,Aluminium structural frame #016,5
IR optical train SA-IR_031,Component,InSb IR focal-plane array #010,5
IR optical train SA-IR_031,Component,Uncooled microbolometer #007,5
IR optical train SA-IR_009,Component,Aluminium structural frame #033,5
IR optical train SA-IR_009,Component,Uncooled microbolometer #019,5
IR optical train SA-IR_009,Component,InSb IR focal-plane array #010,5
PCB assembly SA-PCB019,Component,DC-DC converter module #020,5
PCB assembly SA-PCB019,Component,Thick-film resistor #038,5
PCB assembly SA-PCB019,Component,MLCC capacitor #029,5
PCB assembly SA-PCB019,Component,Solder paste #002,5
Laser rangefinder / designator SA-LAS004,Component,Laser diode (GaAs) #007,5
Laser rangefinder / designator SA-LAS004,Component,Microcontroller #023,5
Laser rangefinder / designator SA-LAS004,Component,DC-DC converter module #026,5
Laser rangefinder / designator SA-LAS001,Component,DC-DC converter module #017,5
Laser rangefinder / designator SA-LAS001,Component,Germanium IR lens #028,5
Laser rangefinder / designator SA-LAS001,Component,Laser diode (GaAs) #013,5
Laser rangefinder / designator SA-LAS010,Component,DC-DC converter module #014,5
Laser rangefinder / designator SA-LAS010,Component,Germanium IR lens #011,5
Laser rangefinder / designator SA-LAS010,Component,Laser diode (GaAs) #001,5
Laser rangefinder / designator SA-LAS010,Component,Microcontroller #035,5
IR optical train SA-IR_003,Component,Uncooled microbolometer #017,5
IR optical train SA-IR_003,Component,Germanium IR lens #022,5
IR optical train SA-IR_003,Component,Aluminium structural frame #023,5
IR optical train SA-IR_022,Component,Uncooled microbolometer #013,5
IR optical train SA-IR_022,Component,Aluminium structural frame #031,5
IR optical train SA-IR_022,Component,Germanium IR lens #028,5
IR optical train SA-IR_022,Component,InSb IR focal-plane array #015,5
IR optical train SA-IR_022,Component,Sapphire dome / window #014,5
IR optical train SA-IR_040,Component,Aluminium structural frame #008,5
IR optical train SA-IR_040,Component,InSb IR focal-plane array #013,5
IR optical train SA-IR_040,Component,Uncooled microbolometer #012,5
IR optical train SA-IR_040,Component,Germanium IR lens #005,5
IR optical train SA-IR_004,Component,InSb IR focal-plane array #012,5
IR optical train SA-IR_004,Component,Uncooled microbolometer #003,5
IR optical train SA-IR_004,Component,Aluminium structural frame #021,5
PCB assembly SA-PCB013,Component,MIL-spec circular connector #031,5
PCB assembly SA-PCB013,Component,Tantalum capacitor #003,5
PCB assembly SA-PCB013,Component,Microcontroller #022,5
PCB assembly SA-PCB013,Component,Thick-film resistor #031,5
PCB assembly SA-PCB013,Component,DC-DC converter module #025,5
Structural section SA-STR034,Component,Aluminium structural frame #036,5
Structural section SA-STR034,Component,Fluoroelastomer seal kit #011,5
Structural section SA-STR034,Component,Machined titanium bracket #024,5
Control actuation unit SA-ACT040,Component,Servo actuator #004,5
Control actuation unit SA-ACT040,Component,Precision bearing #030,5
Control actuation unit SA-ACT040,Component,Machined titanium bracket #039,5
Control actuation unit SA-ACT040,Component,Microcontroller #030,5
Control actuation unit SA-ACT017,Component,Microcontroller #034,5
Control actuation unit SA-ACT017,Component,Machined titanium bracket #026,5
Control actuation unit SA-ACT017,Component,Servo actuator #011,5
Control actuation unit SA-ACT017,Component,Precision bearing #024,5
Structural section SA-STR028,Component,Titanium fastener kit #013,5
Structural section SA-STR028,Component,Fluoroelastomer seal kit #027,5
Structural section SA-STR028,Component,Aluminium structural frame #037,5
Structural section SA-STR028,Component,Machined titanium bracket #028,5
Structural section SA-STR037,Component,Aluminium structural frame #025,5
Structural section SA-STR037,Component,Titanium fastener kit #014,5
Structural section SA-STR037,Component,Machined titanium bracket #036,5
Structural section SA-STR001,Component,Titanium fastener kit #001,5
Structural section SA-STR001,Component,Fluoroelastomer seal kit #007,5
Structural section SA-STR001,Component,Aluminium structural frame #033,5
Structural section SA-STR001,Component,Carbon-fiber airframe panel #001,5
Rocket motor SA-ROC011,Component,Nozzle throat insert #003,5
Rocket motor SA-ROC011,Component,Filament-wound motor case #008,5
Rocket motor SA-ROC011,Component,Composite propellant grain #001,5
Rocket motor SA-ROC032,Component,Composite propellant grain #005,5
Rocket motor SA-ROC032,Component,Filament-wound motor case #014,5
Rocket motor SA-ROC032,Component,Igniter (BKNO3) #008,5
Rocket motor SA-ROC013,Component,Composite propellant grain #017,5
Rocket motor SA-ROC013,Component,Igniter (BKNO3) #011,5
Rocket motor SA-ROC013,Component,Nozzle throat insert #009,5
Rocket motor SA-ROC007,Component,Composite propellant grain #017,5
Rocket motor SA-ROC007,Component,Igniter (BKNO3) #011,5
Rocket motor SA-ROC007,Component,Filament-wound motor case #011,5
Rocket motor SA-ROC007,Component,Nozzle throat insert #013,5
Structural section SA-STR005,Component,Fluoroelastomer seal kit #027,5
Structural section SA-STR005,Component,Machined titanium bracket #034,5
Structural section SA-STR005,Component,Carbon-fiber airframe panel #025,5
Structural section SA-STR005,Component,Titanium fastener kit #002,5
Rocket motor SA-ROC036,Component,Filament-wound motor case #001,5
Rocket motor SA-ROC036,Component,Igniter (BKNO3) #006,5
Rocket motor SA-ROC036,Component,Nozzle throat insert #012,5
Structural section SA-STR031,Component,Fluoroelastomer seal kit #024,5
Structural section SA-STR031,Component,Carbon-fiber airframe panel #010,5
Structural section SA-STR031,Component,Machined titanium bracket #024,5
Rocket motor SA-ROC033,Component,Nozzle throat insert #009,5
Rocket motor SA-ROC033,Component,Igniter (BKNO3) #001,5
Rocket motor SA-ROC033,Component,Filament-wound motor case #014,5
Rocket motor SA-ROC033,Component,Composite propellant grain #004,5
Rocket motor SA-ROC009,Component,Filament-wound motor case #012,5
Rocket motor SA-ROC009,Component,Igniter (BKNO3) #003,5
Rocket motor SA-ROC009,Component,Nozzle throat insert #009,5
Rocket motor SA-ROC009,Component,Composite propellant grain #016,5
Rocket motor SA-ROC021,Component,Filament-wound motor case #006,5
Rocket motor SA-ROC021,Component,Composite propellant grain #009,5
Rocket motor SA-ROC021,Component,Nozzle throat insert #008,5
Rocket motor SA-ROC021,Component,Igniter (BKNO3) #012,5
Control actuation unit SA-ACT009,Component,Microcontroller #037,5
Control actuation unit SA-ACT009,Component,Machined titanium bracket #001,5
Control actuation unit SA-ACT009,Component,Precision bearing #013,5
Control actuation unit SA-ACT004,Component,Servo actuator #004,5
Control actuation unit SA-ACT004,Component,Machined titanium bracket #035,5
Control actuation unit SA-ACT004,Component,Precision bearing #004,5
Control actuation unit SA-ACT004,Component,Microcontroller #035,5
Control actuation unit SA-ACT030,Component,Precision bearing #022,5
Control actuation unit SA-ACT030,Component,Servo actuator #023,5
Control actuation unit SA-ACT030,Component,Machined titanium bracket #004,5
Control actuation unit SA-ACT030,Component,Microcontroller #008,5
Structural section SA-STR024,Component,Carbon-fiber airframe panel #020,5
Structural section SA-STR024,Component,Aluminium structural frame #001,5
Structural section SA-STR024,Component,Fluoroelastomer seal kit #016,5
Structural section SA-STR024,Component,Titanium fastener kit #014,5
Structural section SA-STR014,Component,Aluminium structural frame #007,5
Structural section SA-STR014,Component,Fluoroelastomer seal kit #008,5
Structural section SA-STR014,Component,Carbon-fiber airframe panel #001,5
Structural section SA-STR014,Component,Titanium fastener kit #014,5
Structural section SA-STR018,Component,Fluoroelastomer seal kit #005,5
Structural section SA-STR018,Component,Machined titanium bracket #023,5
Structural section SA-STR018,Component,Titanium fastener kit #002,5
Structural section SA-STR018,Component,Aluminium structural frame #023,5
Rocket motor SA-ROC002,Component,Nozzle throat insert #015,5
Rocket motor SA-ROC002,Component,Composite propellant grain #014,5
Rocket motor SA-ROC002,Component,Igniter (BKNO3) #007,5
Rocket motor SA-ROC002,Component,Filament-wound motor case #009,5
Rocket motor SA-ROC039,Component,Filament-wound motor case #001,5
Rocket motor SA-ROC039,Component,Igniter (BKNO3) #009,5
Rocket motor SA-ROC039,Component,Composite propellant grain #003,5
Rocket motor SA-ROC039,Component,Nozzle throat insert #008,5
Structural section SA-STR008,Component,Titanium fastener kit #012,5
Structural section SA-STR008,Component,Fluoroelastomer seal kit #016,5
Structural section SA-STR008,Component,Aluminium structural frame #022,5
Structural section SA-STR008,Component,Machined titanium bracket #040,5
Control actuation unit SA-ACT027,Component,Machined titanium bracket #031,5
Control actuation unit SA-ACT027,Component,Servo actuator #021,5
Control actuation unit SA-ACT027,Component,Precision bearing #018,5
Control actuation unit SA-ACT027,Component,Microcontroller #024,5
Structural section SA-STR023,Component,Fluoroelastomer seal kit #022,5
Structural section SA-STR023,Component,Titanium fastener kit #005,5
Structural section SA-STR023,Component,Aluminium structural frame #036,5
Structural section SA-STR023,Component,Carbon-fiber airframe panel #017,5
Structural section SA-STR023,Component,Machined titanium bracket #028,5
Rocket motor SA-ROC018,Component,Nozzle throat insert #013,5
Rocket motor SA-ROC018,Component,Filament-wound motor case #012,5
Rocket motor SA-ROC018,Component,Igniter (BKNO3) #009,5
Rocket motor SA-ROC018,Component,Composite propellant grain #017,5
Structural section SA-STR021,Component,Carbon-fiber airframe panel #033,5
Structural section SA-STR021,Component,Machined titanium bracket #001,5
Structural section SA-STR021,Component,Fluoroelastomer seal kit #010,5
Structural section SA-STR021,Component,Titanium fastener kit #017,5
Control actuation unit SA-ACT015,Component,Microcontroller #039,5
Control actuation unit SA-ACT015,Component,Servo actuator #019,5
Control actuation unit SA-ACT015,Component,Precision bearing #017,5
Control actuation unit SA-ACT015,Component,Machined titanium bracket #038,5
Rocket motor SA-ROC026,Component,Igniter (BKNO3) #011,5
Rocket motor SA-ROC026,Component,Composite propellant grain #016,5
Rocket motor SA-ROC026,Component,Filament-wound motor case #013,5
Rocket motor SA-ROC004,Component,Filament-wound motor case #013,5
Rocket motor SA-ROC004,Component,Nozzle throat insert #002,5
Rocket motor SA-ROC004,Component,Composite propellant grain #016,5
Structural section SA-STR010,Component,Fluoroelastomer seal kit #017,5
Structural section SA-STR010,Component,Carbon-fiber airframe panel #038,5
Structural section SA-STR010,Component,Titanium fastener kit #025,5
Structural section SA-STR010,Component,Aluminium structural frame #015,5
Structural section SA-STR009,Component,Titanium fastener kit #022,5
Structural section SA-STR009,Component,Aluminium structural frame #029,5
Structural section SA-STR009,Component,Carbon-fiber airframe panel #026,5
Structural section SA-STR012,Component,Aluminium structural frame #037,5
Structural section SA-STR012,Component,Carbon-fiber airframe panel #018,5
Structural section SA-STR012,Component,Titanium fastener kit #012,5
Structural section SA-STR033,Component,Machined titanium bracket #019,5
Structural section SA-STR033,Component,Carbon-fiber airframe panel #017,5
Structural section SA-STR033,Component,Aluminium structural frame #002,5
Structural section SA-STR033,Component,Titanium fastener kit #002,5
Structural section SA-STR004,Component,Machined titanium bracket #020,5
Structural section SA-STR004,Component,Fluoroelastomer seal kit #006,5
Structural section SA-STR004,Component,Titanium fastener kit #019,5
Structural section SA-STR004,Component,Carbon-fiber airframe panel #013,5
Structural section SA-STR004,Component,Aluminium structural frame #002,5
Radome assembly SA-RAD004,Component,Glass-composite radome #005,5
Radome assembly SA-RAD004,Component,Titanium fastener kit #015,5
Radome assembly SA-RAD022,Component,Titanium fastener kit #019,5
Radome assembly SA-RAD022,Component,Glass-composite radome #003,5
Radome assembly SA-RAD037,Component,Glass-composite radome #016,5
Radome assembly SA-RAD037,Component,Titanium fastener kit #008,5
Power conditioning unit SA-POW026,Component,Coaxial RF cable assembly #010,5
Power conditioning unit SA-POW026,Component,SiC power MOSFET #014,5
Power conditioning unit SA-POW026,Component,Multilayer PCB (bare board) #054,5
Power conditioning unit SA-POW026,Component,Tantalum capacitor #001,5
Power conditioning unit SA-POW028,Component,Multilayer PCB (bare board) #044,5
Power conditioning unit SA-POW028,Component,DC-DC converter module #014,5
Power conditioning unit SA-POW028,Component,MLCC capacitor #056,5
Thermal battery assembly SA-THE014,Component,MIL-spec circular connector #018,5
Thermal battery assembly SA-THE014,Component,Thermal battery #012,5
Thermal battery assembly SA-THE025,Component,MIL-spec circular connector #022,5
Thermal battery assembly SA-THE025,Component,Thermal battery #007,5
Thermal battery assembly SA-THE032,Component,MIL-spec circular connector #040,5
Thermal battery assembly SA-THE032,Component,Thermal battery #015,5
Thermal battery assembly SA-THE021,Component,Thermal battery #001,5
Thermal battery assembly SA-THE021,Component,MIL-spec circular connector #003,5
Warhead section SA-WAR033,Component,Tungsten preformed fragments #013,5
Warhead section SA-WAR033,Component,Detonator #017,5
Warhead section SA-WAR033,Component,Fuze electronics module #011,5
Warhead section SA-WAR033,Component,Main charge (RDX/TNT fill) #006,5
Warhead section SA-WAR027,Component,Main charge (RDX/TNT fill) #007,5
Warhead section SA-WAR027,Component,Detonator #001,5
Warhead section SA-WAR027,Component,Fuze electronics module #002,5
Warhead section SA-WAR027,Component,Tungsten preformed fragments #001,5
PCB assembly SA-PCB001,Component,Memory IC #011,5
PCB assembly SA-PCB001,Component,MLCC capacitor #005,5
PCB assembly SA-PCB001,Component,Thick-film resistor #042,5
PCB assembly SA-PCB001,Component,FPGA (rad-tolerant) #005,5
PCB assembly SA-PCB001,Component,Microcontroller #002,5
Thermal battery assembly SA-THE016,Component,Thermal battery #005,5
Thermal battery assembly SA-THE016,Component,MIL-spec circular connector #011,5
RF front-end SA-RF_016,Component,MLCC capacitor #010,5
RF front-end SA-RF_016,Component,Coaxial RF cable assembly #004,5
RF front-end SA-RF_016,Component,GaN power amplifier MMIC #019,5
RF front-end SA-RF_016,Component,Patch antenna element #025,5
RF front-end SA-RF_016,Component,RF filter (SAW/BAW) #010,5
RF front-end SA-RF_014,Component,Multilayer PCB (bare board) #058,5
RF front-end SA-RF_014,Component,RF filter (SAW/BAW) #006,5
RF front-end SA-RF_014,Component,Patch antenna element #022,5
RF front-end SA-RF_014,Component,Coaxial RF cable assembly #015,5
RF front-end SA-RF_014,Component,GaAs low-noise amplifier MMIC #015,5
RF front-end SA-RF_038,Component,Multilayer PCB (bare board) #005,5
RF front-end SA-RF_038,Component,Coaxial RF cable assembly #002,5
RF front-end SA-RF_038,Component,GaN power amplifier MMIC #028,5
GNSS module SA-GNS005,Component,GNSS receiver chip #018,5
GNSS module SA-GNS005,Component,RF filter (SAW/BAW) #013,5
GNSS module SA-GNS005,Component,Patch antenna element #030,5
GNSS module SA-GNS015,Component,Quartz crystal oscillator #007,5
GNSS module SA-GNS015,Component,Multilayer PCB (bare board) #030,5
GNSS module SA-GNS015,Component,GNSS receiver chip #013,5
GNSS module SA-GNS015,Component,Patch antenna element #022,5
Control actuation unit SA-ACT024,Component,Machined titanium bracket #019,5
Control actuation unit SA-ACT024,Component,Microcontroller #039,5
Control actuation unit SA-ACT024,Component,Precision bearing #002,5
Control actuation unit SA-ACT024,Component,Servo actuator #030,5
Control actuation unit SA-ACT002,Component,Microcontroller #033,5
Control actuation unit SA-ACT002,Component,Servo actuator #002,5
Control actuation unit SA-ACT002,Component,Precision bearing #017,5
Control actuation unit SA-ACT005,Component,Microcontroller #013,5
Control actuation unit SA-ACT005,Component,Machined titanium bracket #020,5
Control actuation unit SA-ACT005,Component,Precision bearing #007,5
Control actuation unit SA-ACT005,Component,Servo actuator #015,5
Battery pack SA-BAT003,Component,Battery management IC #007,5
Battery pack SA-BAT003,Component,Multilayer PCB (bare board) #025,5
Battery pack SA-BAT003,Component,MIL-spec circular connector #010,5
Battery pack SA-BAT003,Component,Li-ion cell (21700) #014,5
Power conditioning unit SA-POW007,Component,SiC power MOSFET #007,5
Power conditioning unit SA-POW007,Component,Coaxial RF cable assembly #030,5
Power conditioning unit SA-POW007,Component,DC-DC converter module #018,5
Power conditioning unit SA-POW034,Component,Tantalum capacitor #015,5
Power conditioning unit SA-POW034,Component,SiC power MOSFET #007,5
Power conditioning unit SA-POW034,Component,DC-DC converter module #018,5
Power conditioning unit SA-POW022,Component,Tantalum capacitor #002,5
Power conditioning unit SA-POW022,Component,Multilayer PCB (bare board) #004,5
Power conditioning unit SA-POW022,Component,Coaxial RF cable assembly #002,5
Power conditioning unit SA-POW022,Component,DC-DC converter module #018,5
Power conditioning unit SA-POW022,Component,MLCC capacitor #019,5
Power conditioning unit SA-POW038,Component,SiC power MOSFET #005,5
Power conditioning unit SA-POW038,Component,Coaxial RF cable assembly #024,5
Power conditioning unit SA-POW038,Component,Multilayer PCB (bare board) #060,5
Power conditioning unit SA-POW003,Component,DC-DC converter module #013,5
Power conditioning unit SA-POW003,Component,Tantalum capacitor #025,5
Power conditioning unit SA-POW003,Component,SiC power MOSFET #009,5
Power conditioning unit SA-POW003,Component,Multilayer PCB (bare board) #002,5
Power conditioning unit SA-POW003,Component,MLCC capacitor #024,5
Power conditioning unit SA-POW016,Component,Multilayer PCB (bare board) #049,5
Power conditioning unit SA-POW016,Component,Tantalum capacitor #008,5
Power conditioning unit SA-POW016,Component,MLCC capacitor #038,5
Power conditioning unit SA-POW016,Component,SiC power MOSFET #011,5
Power conditioning unit SA-POW010,Component,SiC power MOSFET #015,5
Power conditioning unit SA-POW010,Component,DC-DC converter module #029,5
Power conditioning unit SA-POW010,Component,Coaxial RF cable assembly #020,5
Power conditioning unit SA-POW010,Component,MLCC capacitor #040,5
Power conditioning unit SA-POW010,Component,Multilayer PCB (bare board) #031,5
Power conditioning unit SA-POW031,Component,Tantalum capacitor #010,5
Power conditioning unit SA-POW031,Component,SiC power MOSFET #013,5
Power conditioning unit SA-POW031,Component,Multilayer PCB (bare board) #012,5
Power conditioning unit SA-POW031,Component,Coaxial RF cable assembly #027,5
Power conditioning unit SA-POW008,Component,Multilayer PCB (bare board) #058,5
Power conditioning unit SA-POW008,Component,Coaxial RF cable assembly #024,5
Power conditioning unit SA-POW008,Component,Tantalum capacitor #010,5
Power conditioning unit SA-POW008,Component,MLCC capacitor #018,5
Power conditioning unit SA-POW008,Component,SiC power MOSFET #017,5
Motor & drive SA-MOT002,Component,Microcontroller #002,5
Motor & drive SA-MOT002,Component,Precision bearing #027,5
Motor & drive SA-MOT002,Component,SiC power MOSFET #004,5
Motor & drive SA-MOT001,Component,SiC power MOSFET #011,5
Motor & drive SA-MOT001,Component,Brushless DC motor #011,5
Motor & drive SA-MOT001,Component,Microcontroller #019,5
Motor & drive SA-MOT036,Component,Precision bearing #012,5
Motor & drive SA-MOT036,Component,Brushless DC motor #026,5
Motor & drive SA-MOT036,Component,Composite propeller #016,5
Motor & drive SA-MOT017,Component,Precision bearing #022,5
Motor & drive SA-MOT017,Component,Microcontroller #017,5
Motor & drive SA-MOT017,Component,Brushless DC motor #022,5
Motor & drive SA-MOT017,Component,Composite propeller #007,5
Motor & drive SA-MOT016,Component,Composite propeller #009,5
Motor & drive SA-MOT016,Component,SiC power MOSFET #010,5
Motor & drive SA-MOT016,Component,Precision bearing #006,5
Power conditioning unit SA-POW029,Component,DC-DC converter module #026,5
Power conditioning unit SA-POW029,Component,SiC power MOSFET #017,5
Power conditioning unit SA-POW029,Component,Tantalum capacitor #024,5
Power conditioning unit SA-POW029,Component,Multilayer PCB (bare board) #022,5
Power conditioning unit SA-POW029,Component,MLCC capacitor #013,5
Motor & drive SA-MOT026,Component,Composite propeller #020,5
Motor & drive SA-MOT026,Component,Microcontroller #012,5
Motor & drive SA-MOT026,Component,SiC power MOSFET #014,5
Motor & drive SA-MOT026,Component,Brushless DC motor #030,5
Motor & drive SA-MOT004,Component,Brushless DC motor #028,5
Motor & drive SA-MOT004,Component,Microcontroller #004,5
Motor & drive SA-MOT004,Component,Composite propeller #020,5
Battery pack SA-BAT001,Component,MIL-spec circular connector #038,5
Battery pack SA-BAT001,Component,Battery management IC #003,5
Battery pack SA-BAT001,Component,Li-ion cell (21700) #001,5
Battery pack SA-BAT001,Component,Multilayer PCB (bare board) #006,5
Battery pack SA-BAT037,Component,Battery management IC #009,5
Battery pack SA-BAT037,Component,Li-ion cell (21700) #017,5
Battery pack SA-BAT037,Component,MIL-spec circular connector #050,5
Battery pack SA-BAT005,Component,Multilayer PCB (bare board) #038,5
Battery pack SA-BAT005,Component,MIL-spec circular connector #028,5
Battery pack SA-BAT005,Component,Battery management IC #005,5
Battery pack SA-BAT018,Component,MIL-spec circular connector #003,5
Battery pack SA-BAT018,Component,Multilayer PCB (bare board) #048,5
Battery pack SA-BAT018,Component,Li-ion cell (21700) #009,5
Battery pack SA-BAT018,Component,Battery management IC #004,5
PCB assembly SA-PCB002,Component,Tantalum capacitor #012,5
PCB assembly SA-PCB002,Component,MIL-spec circular connector #043,5
PCB assembly SA-PCB002,Component,FPGA (rad-tolerant) #003,5
PCB assembly SA-PCB002,Component,Thick-film resistor #017,5
Inertial measurement unit SA-IMU002,Component,Fiber-optic gyro coil #010,5
Inertial measurement unit SA-IMU002,Component,Microcontroller #037,5
Inertial measurement unit SA-IMU002,Component,Quartz crystal oscillator #014,5
Inertial measurement unit SA-IMU003,Component,Microcontroller #031,5
Inertial measurement unit SA-IMU003,Component,Multilayer PCB (bare board) #008,5
Inertial measurement unit SA-IMU003,Component,Quartz crystal oscillator #022,5
Inertial measurement unit SA-IMU003,Component,MEMS gyroscope #008,5
Inertial measurement unit SA-IMU010,Component,Quartz crystal oscillator #025,5
Inertial measurement unit SA-IMU010,Component,Microcontroller #021,5
Inertial measurement unit SA-IMU010,Component,Multilayer PCB (bare board) #057,5
Inertial measurement unit SA-IMU010,Component,MEMS gyroscope #002,5
Inertial measurement unit SA-IMU010,Component,Fiber-optic gyro coil #009,5
Inertial measurement unit SA-IMU017,Component,Quartz crystal oscillator #015,5
Inertial measurement unit SA-IMU017,Component,Microcontroller #022,5
Inertial measurement unit SA-IMU017,Component,Fiber-optic gyro coil #009,5
Inertial measurement unit SA-IMU017,Component,MEMS gyroscope #004,5
Inertial measurement unit SA-IMU005,Component,Multilayer PCB (bare board) #058,5
Inertial measurement unit SA-IMU005,Component,Microcontroller #026,5
Inertial measurement unit SA-IMU005,Component,Fiber-optic gyro coil #015,5
Inertial measurement unit SA-IMU005,Component,MEMS gyroscope #019,5
Inertial measurement unit SA-IMU025,Component,Fiber-optic gyro coil #005,5
Inertial measurement unit SA-IMU025,Component,Quartz crystal oscillator #007,5
Inertial measurement unit SA-IMU025,Component,MEMS gyroscope #013,5
Inertial measurement unit SA-IMU025,Component,Microcontroller #027,5
Inertial measurement unit SA-IMU022,Component,Fiber-optic gyro coil #007,5
Inertial measurement unit SA-IMU022,Component,Quartz crystal oscillator #016,5
Inertial measurement unit SA-IMU022,Component,Microcontroller #007,5
Inertial measurement unit SA-IMU022,Component,MEMS gyroscope #004,5
Inertial measurement unit SA-IMU038,Component,Microcontroller #026,5
Inertial measurement unit SA-IMU038,Component,Fiber-optic gyro coil #003,5
Inertial measurement unit SA-IMU038,Component,Quartz crystal oscillator #014,5
Inertial measurement unit SA-IMU038,Component,Multilayer PCB (bare board) #009,5
Inertial measurement unit SA-IMU036,Component,Fiber-optic gyro coil #008,5
Inertial measurement unit SA-IMU036,Component,Quartz crystal oscillator #021,5
Inertial measurement unit SA-IMU036,Component,Microcontroller #029,5
Inertial measurement unit SA-IMU036,Component,Multilayer PCB (bare board) #003,5
Inertial measurement unit SA-IMU032,Component,Multilayer PCB (bare board) #025,5
Inertial measurement unit SA-IMU032,Component,Fiber-optic gyro coil #007,5
Inertial measurement unit SA-IMU032,Component,Quartz crystal oscillator #016,5
Inertial measurement unit SA-IMU032,Component,MEMS gyroscope #013,5
Inertial measurement unit SA-IMU032,Component,Microcontroller #020,5
Power conditioning unit SA-POW013,Component,Coaxial RF cable assembly #017,5
Power conditioning unit SA-POW013,Component,Tantalum capacitor #008,5
Power conditioning unit SA-POW013,Component,Multilayer PCB (bare board) #007,5
Power conditioning unit SA-POW013,Component,SiC power MOSFET #013,5
Thermal battery assembly SA-THE035,Component,MIL-spec circular connector #038,5
Thermal battery assembly SA-THE035,Component,Thermal battery #003,5
Thermal battery assembly SA-THE013,Component,Thermal battery #011,5
Thermal battery assembly SA-THE013,Component,MIL-spec circular connector #042,5
Battery pack SA-BAT014,Component,Multilayer PCB (bare board) #015,5
Battery pack SA-BAT014,Component,MIL-spec circular connector #005,5
Battery pack SA-BAT014,Component,Battery management IC #003,5
Battery pack SA-BAT025,Component,MIL-spec circular connector #039,5
Battery pack SA-BAT025,Component,Battery management IC #009,5
Battery pack SA-BAT025,Component,Li-ion cell (21700) #005,5
Battery pack SA-BAT025,Component,Multilayer PCB (bare board) #058,5
Antenna array tile SA-ARR034,Component,T/R module (phased array) #007,5
Antenna array tile SA-ARR034,Component,Coaxial RF cable assembly #028,5
Antenna array tile SA-ARR034,Component,FPGA (rad-tolerant) #015,5
Antenna array tile SA-ARR034,Component,Aluminium structural frame #040,5
Antenna array tile SA-ARR034,Component,Patch antenna element #021,5
Antenna array tile SA-ARR003,Component,Coaxial RF cable assembly #030,5
Antenna array tile SA-ARR003,Component,FPGA (rad-tolerant) #020,5
Antenna array tile SA-ARR003,Component,Aluminium structural frame #024,5
Power conditioning unit SA-POW023,Component,Multilayer PCB (bare board) #027,5
Power conditioning unit SA-POW023,Component,Tantalum capacitor #008,5
Power conditioning unit SA-POW023,Component,SiC power MOSFET #013,5
RF front-end SA-RF_031,Component,GaN power amplifier MMIC #026,5
RF front-end SA-RF_031,Component,Coaxial RF cable assembly #013,5
RF front-end SA-RF_031,Component,RF filter (SAW/BAW) #006,5
Antenna array tile SA-ARR040,Component,Patch antenna element #016,5
Antenna array tile SA-ARR040,Component,FPGA (rad-tolerant) #014,5
Antenna array tile SA-ARR040,Component,T/R module (phased array) #018,5
Antenna array tile SA-ARR009,Component,T/R module (phased array) #013,5
Antenna array tile SA-ARR009,Component,Patch antenna element #010,5
Antenna array tile SA-ARR009,Component,FPGA (rad-tolerant) #002,5
Antenna array tile SA-ARR009,Component,Coaxial RF cable assembly #015,5
Antenna array tile SA-ARR009,Component,Aluminium structural frame #008,5
Antenna array tile SA-ARR005,Component,Aluminium structural frame #022,5
Antenna array tile SA-ARR005,Component,FPGA (rad-tolerant) #014,5
Antenna array tile SA-ARR005,Component,Patch antenna element #021,5
Antenna array tile SA-ARR005,Component,T/R module (phased array) #015,5
Antenna array tile SA-ARR005,Component,Coaxial RF cable assembly #007,5
Antenna array tile SA-ARR028,Component,Coaxial RF cable assembly #005,5
Antenna array tile SA-ARR028,Component,FPGA (rad-tolerant) #011,5
Antenna array tile SA-ARR028,Component,Aluminium structural frame #019,5
Antenna array tile SA-ARR028,Component,T/R module (phased array) #005,5
Antenna array tile SA-ARR028,Component,Patch antenna element #013,5
Antenna array tile SA-ARR006,Component,Coaxial RF cable assembly #004,5
Antenna array tile SA-ARR006,Component,Patch antenna element #030,5
Antenna array tile SA-ARR006,Component,FPGA (rad-tolerant) #003,5
Antenna array tile SA-ARR006,Component,T/R module (phased array) #008,5
Antenna array tile SA-ARR024,Component,Patch antenna element #028,5
Antenna array tile SA-ARR024,Component,T/R module (phased array) #018,5
Antenna array tile SA-ARR024,Component,Coaxial RF cable assembly #024,5
Antenna array tile SA-ARR024,Component,FPGA (rad-tolerant) #002,5
Antenna array tile SA-ARR008,Component,Aluminium structural frame #001,5
Antenna array tile SA-ARR008,Component,Coaxial RF cable assembly #024,5
Antenna array tile SA-ARR008,Component,FPGA (rad-tolerant) #009,5
Antenna array tile SA-ARR008,Component,Patch antenna element #018,5
Antenna array tile SA-ARR013,Component,T/R module (phased array) #013,5
Antenna array tile SA-ARR013,Component,Coaxial RF cable assembly #016,5
Antenna array tile SA-ARR013,Component,FPGA (rad-tolerant) #009,5
Antenna array tile SA-ARR013,Component,Aluminium structural frame #003,5
Antenna array tile SA-ARR013,Component,Patch antenna element #030,5
Antenna array tile SA-ARR019,Component,FPGA (rad-tolerant) #012,5
Antenna array tile SA-ARR019,Component,Aluminium structural frame #021,5
Antenna array tile SA-ARR019,Component,Patch antenna element #014,5
Antenna array tile SA-ARR019,Component,T/R module (phased array) #020,5
Antenna array tile SA-ARR019,Component,Coaxial RF cable assembly #001,5
Antenna array tile SA-ARR014,Component,FPGA (rad-tolerant) #008,5
Antenna array tile SA-ARR014,Component,Coaxial RF cable assembly #022,5
Antenna array tile SA-ARR014,Component,Aluminium structural frame #033,5
Antenna array tile SA-ARR014,Component,Patch antenna element #008,5
GNSS module SA-GNS030,Component,GNSS receiver chip #001,5
GNSS module SA-GNS030,Component,Patch antenna element #005,5
GNSS module SA-GNS030,Component,Quartz crystal oscillator #010,5
RF front-end SA-RF_003,Component,Coaxial RF cable assembly #018,5
RF front-end SA-RF_003,Component,MLCC capacitor #044,5
RF front-end SA-RF_003,Component,GaAs low-noise amplifier MMIC #005,5
RF front-end SA-RF_003,Component,Patch antenna element #019,5
Armor package SA-ARM036,Component,Armor steel plate (cut) #003,5
Armor package SA-ARM036,Component,Boron carbide armor tile #015,5
Armor package SA-ARM036,Component,Aramid ballistic fabric #019,5
Armor package SA-ARM036,Component,Titanium fastener kit #017,5
Armor package SA-ARM036,Component,UHMWPE ballistic panel #004,5
Armor package SA-ARM021,Component,UHMWPE ballistic panel #009,5
Armor package SA-ARM021,Component,Armor steel plate (cut) #005,5
Armor package SA-ARM021,Component,Boron carbide armor tile #010,5
Armor package SA-ARM021,Component,Titanium fastener kit #018,5
Armor package SA-ARM026,Component,Aramid ballistic fabric #020,5
Armor package SA-ARM026,Component,Boron carbide armor tile #015,5
Armor package SA-ARM026,Component,Armor steel plate (cut) #016,5
Armor package SA-ARM026,Component,Titanium fastener kit #026,5
Armor package SA-ARM023,Component,Titanium fastener kit #009,5
Armor package SA-ARM023,Component,Aramid ballistic fabric #013,5
Armor package SA-ARM023,Component,Boron carbide armor tile #006,5
Armor package SA-ARM022,Component,UHMWPE ballistic panel #012,5
Armor package SA-ARM022,Component,Boron carbide armor tile #003,5
Armor package SA-ARM022,Component,Aramid ballistic fabric #011,5
Armor package SA-ARM020,Component,Boron carbide armor tile #008,5
Armor package SA-ARM020,Component,Aramid ballistic fabric #003,5
Armor package SA-ARM020,Component,Titanium fastener kit #020,5
Armor package SA-ARM020,Component,Armor steel plate (cut) #004,5
Armor package SA-ARM020,Component,UHMWPE ballistic panel #015,5
Armor package SA-ARM005,Component,Armor steel plate (cut) #014,5
Armor package SA-ARM005,Component,UHMWPE ballistic panel #015,5
Armor package SA-ARM005,Component,Titanium fastener kit #003,5
Armor package SA-ARM005,Component,Boron carbide armor tile #001,5
Structural section SA-STR016,Component,Aluminium structural frame #020,5
Structural section SA-STR016,Component,Carbon-fiber airframe panel #018,5
Structural section SA-STR016,Component,Fluoroelastomer seal kit #016,5
Structural section SA-STR016,Component,Machined titanium bracket #037,5
Armor package SA-ARM011,Component,Boron carbide armor tile #007,5
Armor package SA-ARM011,Component,UHMWPE ballistic panel #006,5
Armor package SA-ARM011,Component,Armor steel plate (cut) #019,5
Armor package SA-ARM011,Component,Aramid ballistic fabric #017,5
Armor package SA-ARM011,Component,Titanium fastener kit #002,5
Armor package SA-ARM007,Component,Armor steel plate (cut) #010,5
Armor package SA-ARM007,Component,Aramid ballistic fabric #014,5
Armor package SA-ARM007,Component,Titanium fastener kit #012,5
Armor package SA-ARM007,Component,UHMWPE ballistic panel #012,5
Armor package SA-ARM007,Component,Boron carbide armor tile #012,5
Armor package SA-ARM040,Component,Aramid ballistic fabric #002,5
Armor package SA-ARM040,Component,Titanium fastener kit #014,5
Armor package SA-ARM040,Component,UHMWPE ballistic panel #002,5
Armor package SA-ARM040,Component,Armor steel plate (cut) #001,5
Antenna array tile SA-ARR004,Component,FPGA (rad-tolerant) #023,5
Antenna array tile SA-ARR004,Component,Patch antenna element #022,5
Antenna array tile SA-ARR004,Component,Aluminium structural frame #040,5
Antenna array tile SA-ARR004,Component,Coaxial RF cable assembly #009,5
Antenna array tile SA-ARR004,Component,T/R module (phased array) #016,5
Antenna array tile SA-ARR020,Component,Patch antenna element #008,5
Antenna array tile SA-ARR020,Component,FPGA (rad-tolerant) #007,5
Antenna array tile SA-ARR020,Component,T/R module (phased array) #013,5
Antenna array tile SA-ARR010,Component,FPGA (rad-tolerant) #018,5
Antenna array tile SA-ARR010,Component,Patch antenna element #014,5
Antenna array tile SA-ARR010,Component,Aluminium structural frame #006,5
Antenna array tile SA-ARR010,Component,Coaxial RF cable assembly #015,5
RF front-end SA-RF_033,Component,GaN power amplifier MMIC #017,5
RF front-end SA-RF_033,Component,RF filter (SAW/BAW) #026,5
RF front-end SA-RF_033,Component,GaAs low-noise amplifier MMIC #015,5
RF front-end SA-RF_032,Component,MLCC capacitor #056,5
RF front-end SA-RF_032,Component,Coaxial RF cable assembly #017,5
RF front-end SA-RF_032,Component,RF filter (SAW/BAW) #007,5
RF front-end SA-RF_032,Component,Patch antenna element #003,5
RF front-end SA-RF_032,Component,GaAs low-noise amplifier MMIC #008,5
RF front-end SA-RF_019,Component,GaN power amplifier MMIC #013,5
RF front-end SA-RF_019,Component,MLCC capacitor #048,5
RF front-end SA-RF_019,Component,Patch antenna element #017,5
RF front-end SA-RF_019,Component,GaAs low-noise amplifier MMIC #015,5
RF front-end SA-RF_019,Component,Multilayer PCB (bare board) #014,5
RF front-end SA-RF_001,Component,Multilayer PCB (bare board) #008,5
RF front-end SA-RF_001,Component,GaN power amplifier MMIC #026,5
RF front-end SA-RF_001,Component,Coaxial RF cable assembly #006,5
RF front-end SA-RF_001,Component,Patch antenna element #009,5
RF front-end SA-RF_001,Component,MLCC capacitor #030,5
Antenna array tile SA-ARR036,Component,Coaxial RF cable assembly #025,5
Antenna array tile SA-ARR036,Component,FPGA (rad-tolerant) #019,5
Antenna array tile SA-ARR036,Component,Patch antenna element #017,5
RF front-end SA-RF_026,Component,GaAs low-noise amplifier MMIC #012,5
RF front-end SA-RF_026,Component,Coaxial RF cable assembly #021,5
RF front-end SA-RF_026,Component,MLCC capacitor #014,5
RF front-end SA-RF_026,Component,Multilayer PCB (bare board) #011,5
Laser rangefinder / designator SA-LAS034,Component,Microcontroller #013,5
Laser rangefinder / designator SA-LAS034,Component,Germanium IR lens #026,5
Laser rangefinder / designator SA-LAS034,Component,Laser diode (GaAs) #014,5
Laser rangefinder / designator SA-LAS034,Component,DC-DC converter module #010,5
Laser rangefinder / designator SA-LAS032,Component,DC-DC converter module #004,5
Laser rangefinder / designator SA-LAS032,Component,Microcontroller #025,5
Laser rangefinder / designator SA-LAS032,Component,Laser diode (GaAs) #008,5
Laser rangefinder / designator SA-LAS032,Component,Germanium IR lens #003,5
Night-vision channel SA-NIG034,Component,Germanium IR lens #026,5
Night-vision channel SA-NIG034,Component,Image intensifier tube #006,5
Night-vision channel SA-NIG034,Component,Battery management IC #006,5
IR optical train SA-IR_023,Component,InSb IR focal-plane array #011,5
IR optical train SA-IR_023,Component,Germanium IR lens #028,5
IR optical train SA-IR_023,Component,Uncooled microbolometer #001,5
Night-vision channel SA-NIG029,Component,Image intensifier tube #001,5
Night-vision channel SA-NIG029,Component,Battery management IC #001,5
Night-vision channel SA-NIG029,Component,Germanium IR lens #021,5
Night-vision channel SA-NIG017,Component,Battery management IC #008,5
Night-vision channel SA-NIG017,Component,Germanium IR lens #023,5
Night-vision channel SA-NIG017,Component,Image intensifier tube #009,5
Night-vision channel SA-NIG030,Component,Battery management IC #003,5
Night-vision channel SA-NIG030,Component,Germanium IR lens #005,5
Night-vision channel SA-NIG030,Component,Image intensifier tube #007,5
Night-vision channel SA-NIG020,Component,Battery management IC #012,5
Night-vision channel SA-NIG020,Component,Germanium IR lens #005,5
Night-vision channel SA-NIG020,Component,Image intensifier tube #006,5
Night-vision channel SA-NIG026,Component,Germanium IR lens #017,5
Night-vision channel SA-NIG026,Component,Image intensifier tube #005,5
Night-vision channel SA-NIG026,Component,Battery management IC #005,5
Night-vision channel SA-NIG014,Component,Image intensifier tube #005,5
Night-vision channel SA-NIG014,Component,Battery management IC #003,5
Night-vision channel SA-NIG014,Component,Germanium IR lens #015,5
Night-vision channel SA-NIG025,Component,Battery management IC #008,5
Night-vision channel SA-NIG025,Component,Image intensifier tube #006,5
Night-vision channel SA-NIG025,Component,Germanium IR lens #024,5
Night-vision channel SA-NIG019,Component,Image intensifier tube #005,5
Night-vision channel SA-NIG019,Component,Germanium IR lens #008,5
Night-vision channel SA-NIG019,Component,Battery management IC #015,5
Night-vision channel SA-NIG037,Component,Image intensifier tube #006,5
Night-vision channel SA-NIG037,Component,Germanium IR lens #001,5
Night-vision channel SA-NIG037,Component,Battery management IC #010,5
Laser rangefinder / designator SA-LAS027,Component,Germanium IR lens #002,5
Laser rangefinder / designator SA-LAS027,Component,Laser diode (GaAs) #010,5
Laser rangefinder / designator SA-LAS027,Component,DC-DC converter module #009,5
Laser rangefinder / designator SA-LAS027,Component,Microcontroller #024,5
Laser rangefinder / designator SA-LAS040,Component,Laser diode (GaAs) #013,5
Laser rangefinder / designator SA-LAS040,Component,DC-DC converter module #025,5
Laser rangefinder / designator SA-LAS040,Component,Microcontroller #026,5
Laser rangefinder / designator SA-LAS022,Component,Germanium IR lens #018,5
Laser rangefinder / designator SA-LAS022,Component,DC-DC converter module #007,5
Laser rangefinder / designator SA-LAS022,Component,Laser diode (GaAs) #005,5
Laser rangefinder / designator SA-LAS022,Component,Microcontroller #016,5
Laser rangefinder / designator SA-LAS030,Component,Germanium IR lens #025,5
Laser rangefinder / designator SA-LAS030,Component,Microcontroller #015,5
Laser rangefinder / designator SA-LAS030,Component,Laser diode (GaAs) #007,5
Night-vision channel SA-NIG015,Component,Germanium IR lens #006,5
Night-vision channel SA-NIG015,Component,Image intensifier tube #007,5
Night-vision channel SA-NIG015,Component,Battery management IC #004,5
Engine powerpack SA-POW015,Component,Diesel engine block #010,5
Engine powerpack SA-POW015,Component,Precision bearing #017,5
Engine powerpack SA-POW015,Component,Turbocharger #008,5
Engine powerpack SA-POW007,Component,Diesel engine block #010,5
Engine powerpack SA-POW007,Component,Fuel injector #015,5
Engine powerpack SA-POW007,Component,Precision bearing #012,5
Engine powerpack SA-POW007,Component,Turbocharger #012,5
Engine powerpack SA-POW039,Component,Catalytic / PGM sensor #009,5
Engine powerpack SA-POW039,Component,Precision bearing #013,5
Engine powerpack SA-POW039,Component,Diesel engine block #001,5
Running gear SA-RUN016,Component,Fluoroelastomer seal kit #022,5
Running gear SA-RUN016,Component,Precision bearing #001,5
Running gear SA-RUN016,Component,Armor steel plate (cut) #018,5
Running gear SA-RUN016,Component,Steel forging #008,5
Running gear SA-RUN036,Component,Armor steel plate (cut) #012,5
Running gear SA-RUN036,Component,Steel forging #008,5
Running gear SA-RUN036,Component,Precision bearing #025,5
Running gear SA-RUN036,Component,Fluoroelastomer seal kit #015,5
Running gear SA-RUN021,Component,Armor steel plate (cut) #014,5
Running gear SA-RUN021,Component,Steel forging #022,5
Running gear SA-RUN021,Component,Precision bearing #002,5
Engine powerpack SA-POW002,Component,Diesel engine block #007,5
Engine powerpack SA-POW002,Component,Precision bearing #030,5
Engine powerpack SA-POW002,Component,Turbocharger #009,5
Engine powerpack SA-POW002,Component,Fuel injector #001,5
Running gear SA-RUN034,Component,Precision bearing #024,5
Running gear SA-RUN034,Component,Fluoroelastomer seal kit #019,5
Running gear SA-RUN034,Component,Steel forging #022,5
Running gear SA-RUN002,Component,Steel forging #017,5
Running gear SA-RUN002,Component,Fluoroelastomer seal kit #014,5
Running gear SA-RUN002,Component,Precision bearing #003,5
Running gear SA-RUN002,Component,Armor steel plate (cut) #009,5
Running gear SA-RUN028,Component,Steel forging #021,5
Running gear SA-RUN028,Component,Armor steel plate (cut) #007,5
Running gear SA-RUN028,Component,Precision bearing #008,5
Running gear SA-RUN028,Component,Fluoroelastomer seal kit #004,5
Running gear SA-RUN005,Component,Fluoroelastomer seal kit #030,5
Running gear SA-RUN005,Component,Armor steel plate (cut) #003,5
Running gear SA-RUN005,Component,Steel forging #015,5
Control actuation unit SA-ACT013,Component,Machined titanium bracket #016,5
Control actuation unit SA-ACT013,Component,Servo actuator #029,5
Control actuation unit SA-ACT013,Component,Precision bearing #003,5
Control actuation unit SA-ACT013,Component,Microcontroller #034,5
Control actuation unit SA-ACT038,Component,Servo actuator #022,5
Control actuation unit SA-ACT038,Component,Machined titanium bracket #013,5
Control actuation unit SA-ACT038,Component,Microcontroller #039,5
Control actuation unit SA-ACT038,Component,Precision bearing #012,5
Running gear SA-RUN039,Component,Fluoroelastomer seal kit #007,5
Running gear SA-RUN039,Component,Armor steel plate (cut) #018,5
Running gear SA-RUN039,Component,Steel forging #001,5
Running gear SA-RUN037,Component,Fluoroelastomer seal kit #018,5
Running gear SA-RUN037,Component,Precision bearing #006,5
Running gear SA-RUN037,Component,Armor steel plate (cut) #009,5
Running gear SA-RUN037,Component,Steel forging #002,5
Projectile & charge SA-CAR002,Component,Main charge (RDX/TNT fill) #014,5
Projectile & charge SA-CAR002,Component,Fuze electronics module #015,5
Projectile & charge SA-CAR002,Component,Single-base propellant charge #003,5
Projectile & charge SA-CAR002,Component,Forged shell body #003,5
Projectile & charge SA-CAR032,Component,Fuze electronics module #008,5
Projectile & charge SA-CAR032,Component,Main charge (RDX/TNT fill) #005,5
Projectile & charge SA-CAR032,Component,Single-base propellant charge #003,5
Projectile & charge SA-CAR032,Component,Forged shell body #003,5
Projectile & charge SA-CAR032,Component,Percussion primer / tracer #011,5
Projectile & charge SA-CAR013,Component,Forged shell body #001,5
Projectile & charge SA-CAR013,Component,Fuze electronics module #011,5
Projectile & charge SA-CAR013,Component,Main charge (RDX/TNT fill) #009,5
Projectile & charge SA-CAR019,Component,Forged shell body #001,5
Projectile & charge SA-CAR019,Component,Percussion primer / tracer #015,5
Projectile & charge SA-CAR019,Component,Main charge (RDX/TNT fill) #007,5
Projectile & charge SA-CAR019,Component,Fuze electronics module #018,5
Projectile & charge SA-CAR019,Component,Single-base propellant charge #018,5
Projectile & charge SA-CAR038,Component,Percussion primer / tracer #019,5
Projectile & charge SA-CAR038,Component,Fuze electronics module #015,5
Projectile & charge SA-CAR038,Component,Forged shell body #011,5
Projectile & charge SA-CAR038,Component,Main charge (RDX/TNT fill) #020,5
Projectile & charge SA-CAR033,Component,Fuze electronics module #003,5
Projectile & charge SA-CAR033,Component,Single-base propellant charge #013,5
Projectile & charge SA-CAR033,Component,Percussion primer / tracer #020,5
Projectile & charge SA-CAR033,Component,Main charge (RDX/TNT fill) #003,5
Projectile & charge SA-CAR033,Component,Forged shell body #006,5
Control actuation unit SA-ACT034,Component,Servo actuator #014,5
Control actuation unit SA-ACT034,Component,Precision bearing #013,5
Control actuation unit SA-ACT034,Component,Microcontroller #003,5
Control actuation unit SA-ACT034,Component,Machined titanium bracket #008,5
Projectile & charge SA-CAR018,Component,Main charge (RDX/TNT fill) #011,5
Projectile & charge SA-CAR018,Component,Forged shell body #013,5
Projectile & charge SA-CAR018,Component,Fuze electronics module #004,5
Projectile & charge SA-CAR018,Component,Single-base propellant charge #009,5
Projectile & charge SA-CAR012,Component,Fuze electronics module #007,5
Projectile & charge SA-CAR012,Component,Single-base propellant charge #019,5
Projectile & charge SA-CAR012,Component,Percussion primer / tracer #018,5
Projectile & charge SA-CAR012,Component,Main charge (RDX/TNT fill) #008,5
Projectile & charge SA-CAR007,Component,Forged shell body #007,5
Projectile & charge SA-CAR007,Component,Fuze electronics module #002,5
Projectile & charge SA-CAR007,Component,Main charge (RDX/TNT fill) #019,5
Projectile & charge SA-CAR007,Component,Single-base propellant charge #001,5
Power conditioning unit SA-POW015,Component,MLCC capacitor #032,5
Power conditioning unit SA-POW015,Component,Multilayer PCB (bare board) #057,5
Power conditioning unit SA-POW015,Component,SiC power MOSFET #003,5
Power conditioning unit SA-POW015,Component,Tantalum capacitor #019,5
Power conditioning unit SA-POW015,Component,Coaxial RF cable assembly #006,5
Radome assembly SA-RAD008,Component,Glass-composite radome #008,5
Radome assembly SA-RAD008,Component,Titanium fastener kit #009,5
Radome assembly SA-RAD003,Component,Glass-composite radome #007,5
Radome assembly SA-RAD003,Component,Titanium fastener kit #019,5
Radome assembly SA-RAD017,Component,Titanium fastener kit #019,5
Radome assembly SA-RAD017,Component,Glass-composite radome #010,5
Radome assembly SA-RAD019,Component,Titanium fastener kit #018,5
Radome assembly SA-RAD019,Component,Glass-composite radome #008,5
Structural section SA-STR002,Component,Titanium fastener kit #015,5
Structural section SA-STR002,Component,Aluminium structural frame #020,5
Structural section SA-STR002,Component,Fluoroelastomer seal kit #009,5
Structural section SA-STR002,Component,Carbon-fiber airframe panel #026,5
Structural section SA-STR002,Component,Machined titanium bracket #037,5
Structural section SA-STR020,Component,Aluminium structural frame #036,5
Structural section SA-STR020,Component,Titanium fastener kit #011,5
Structural section SA-STR020,Component,Carbon-fiber airframe panel #026,5
Structural section SA-STR013,Component,Fluoroelastomer seal kit #020,5
Structural section SA-STR013,Component,Carbon-fiber airframe panel #002,5
Structural section SA-STR013,Component,Machined titanium bracket #016,5
Structural section SA-STR013,Component,Aluminium structural frame #019,5
Structural section SA-STR013,Component,Titanium fastener kit #030,5
Control actuation unit SA-ACT007,Component,Machined titanium bracket #036,5
Control actuation unit SA-ACT007,Component,Precision bearing #027,5
Control actuation unit SA-ACT007,Component,Microcontroller #017,5
Armor package SA-ARM027,Component,Aramid ballistic fabric #009,5
Armor package SA-ARM027,Component,Armor steel plate (cut) #010,5
Armor package SA-ARM027,Component,Titanium fastener kit #020,5
Armor package SA-ARM027,Component,Boron carbide armor tile #006,5
Structural section SA-STR011,Component,Carbon-fiber airframe panel #039,5
Structural section SA-STR011,Component,Machined titanium bracket #019,5
Structural section SA-STR011,Component,Titanium fastener kit #004,5
Armor package SA-ARM012,Component,Titanium fastener kit #030,5
Armor package SA-ARM012,Component,UHMWPE ballistic panel #009,5
Armor package SA-ARM012,Component,Armor steel plate (cut) #008,5
Engine powerpack SA-POW031,Component,Catalytic / PGM sensor #015,5
Engine powerpack SA-POW031,Component,Diesel engine block #001,5
Engine powerpack SA-POW031,Component,Turbocharger #012,5
Engine powerpack SA-POW031,Component,Precision bearing #011,5
Engine powerpack SA-POW025,Component,Catalytic / PGM sensor #003,5
Engine powerpack SA-POW025,Component,Diesel engine block #006,5
Engine powerpack SA-POW025,Component,Precision bearing #008,5
Running gear SA-RUN006,Component,Precision bearing #018,5
Running gear SA-RUN006,Component,Fluoroelastomer seal kit #012,5
Running gear SA-RUN006,Component,Armor steel plate (cut) #006,5
Running gear SA-RUN006,Component,Steel forging #027,5
Running gear SA-RUN029,Component,Armor steel plate (cut) #005,5
Running gear SA-RUN029,Component,Precision bearing #013,5
Running gear SA-RUN029,Component,Steel forging #018,5
Running gear SA-RUN030,Component,Steel forging #019,5
Running gear SA-RUN030,Component,Fluoroelastomer seal kit #011,5
Running gear SA-RUN030,Component,Precision bearing #028,5
Running gear SA-RUN030,Component,Armor steel plate (cut) #010,5
Laser rangefinder / designator SA-LAS014,Component,Germanium IR lens #025,5
Laser rangefinder / designator SA-LAS014,Component,Laser diode (GaAs) #011,5
Laser rangefinder / designator SA-LAS014,Component,DC-DC converter module #002,5
Laser rangefinder / designator SA-LAS014,Component,Microcontroller #019,5
Laser rangefinder / designator SA-LAS026,Component,Laser diode (GaAs) #010,5
Laser rangefinder / designator SA-LAS026,Component,Germanium IR lens #024,5
Laser rangefinder / designator SA-LAS026,Component,Microcontroller #023,5
Laser rangefinder / designator SA-LAS026,Component,DC-DC converter module #003,5
Laser rangefinder / designator SA-LAS005,Component,Microcontroller #010,5
Laser rangefinder / designator SA-LAS005,Component,DC-DC converter module #001,5
Laser rangefinder / designator SA-LAS005,Component,Germanium IR lens #029,5
Laser rangefinder / designator SA-LAS005,Component,Laser diode (GaAs) #005,5
Laser rangefinder / designator SA-LAS017,Component,DC-DC converter module #014,5
Laser rangefinder / designator SA-LAS017,Component,Germanium IR lens #015,5
Laser rangefinder / designator SA-LAS017,Component,Laser diode (GaAs) #002,5
Laser rangefinder / designator SA-LAS017,Component,Microcontroller #039,5
Night-vision channel SA-NIG035,Component,Germanium IR lens #011,5
Night-vision channel SA-NIG035,Component,Battery management IC #005,5
Night-vision channel SA-NIG035,Component,Image intensifier tube #004,5
Night-vision channel SA-NIG038,Component,Battery management IC #007,5
Night-vision channel SA-NIG038,Component,Image intensifier tube #005,5
Night-vision channel SA-NIG038,Component,Germanium IR lens #022,5
IR optical train SA-IR_015,Component,InSb IR focal-plane array #012,5
IR optical train SA-IR_015,Component,Uncooled microbolometer #001,5
IR optical train SA-IR_015,Component,Germanium IR lens #026,5
Projectile & charge SA-CAR006,Component,Main charge (RDX/TNT fill) #008,5
Projectile & charge SA-CAR006,Component,Fuze electronics module #001,5
Projectile & charge SA-CAR006,Component,Forged shell body #001,5
Projectile & charge SA-CAR006,Component,Percussion primer / tracer #007,5
Projectile & charge SA-CAR006,Component,Single-base propellant charge #005,5
Control actuation unit SA-ACT011,Component,Precision bearing #028,5
Control actuation unit SA-ACT011,Component,Microcontroller #015,5
Control actuation unit SA-ACT011,Component,Servo actuator #011,5
Control actuation unit SA-ACT011,Component,Machined titanium bracket #037,5
GNSS module SA-GNS027,Component,Patch antenna element #026,5
GNSS module SA-GNS027,Component,RF filter (SAW/BAW) #012,5
GNSS module SA-GNS027,Component,Quartz crystal oscillator #029,5
GNSS module SA-GNS010,Component,RF filter (SAW/BAW) #020,5
GNSS module SA-GNS010,Component,Patch antenna element #003,5
GNSS module SA-GNS010,Component,GNSS receiver chip #013,5
GNSS module SA-GNS010,Component,Multilayer PCB (bare board) #040,5
GNSS module SA-GNS010,Component,Quartz crystal oscillator #026,5
GNSS module SA-GNS014,Component,Patch antenna element #006,5
GNSS module SA-GNS014,Component,Quartz crystal oscillator #004,5
GNSS module SA-GNS014,Component,GNSS receiver chip #012,5
GNSS module SA-GNS003,Component,Patch antenna element #013,5
GNSS module SA-GNS003,Component,RF filter (SAW/BAW) #018,5
GNSS module SA-GNS003,Component,Multilayer PCB (bare board) #057,5
GNSS module SA-GNS003,Component,GNSS receiver chip #010,5
Radome assembly SA-RAD036,Component,Titanium fastener kit #023,5
Radome assembly SA-RAD036,Component,Glass-composite radome #001,5
Engine powerpack SA-POW038,Component,Precision bearing #026,5
Engine powerpack SA-POW038,Component,Fuel injector #013,5
Engine powerpack SA-POW038,Component,Catalytic / PGM sensor #006,5
Engine powerpack SA-POW038,Component,Diesel engine block #005,5
Engine powerpack SA-POW038,Component,Turbocharger #003,5
Engine powerpack SA-POW009,Component,Diesel engine block #006,5
Engine powerpack SA-POW009,Component,Precision bearing #006,5
Engine powerpack SA-POW009,Component,Catalytic / PGM sensor #012,5
Engine powerpack SA-POW009,Component,Turbocharger #001,5
Engine powerpack SA-POW023,Component,Fuel injector #007,5
Engine powerpack SA-POW023,Component,Diesel engine block #007,5
Engine powerpack SA-POW023,Component,Catalytic / PGM sensor #003,5
Engine powerpack SA-POW012,Component,Fuel injector #012,5
Engine powerpack SA-POW012,Component,Diesel engine block #009,5
Engine powerpack SA-POW012,Component,Precision bearing #025,5
Engine powerpack SA-POW012,Component,Turbocharger #015,5
Engine powerpack SA-POW034,Component,Fuel injector #009,5
Engine powerpack SA-POW034,Component,Diesel engine block #006,5
Engine powerpack SA-POW034,Component,Precision bearing #029,5
Engine powerpack SA-POW034,Component,Turbocharger #008,5
Engine powerpack SA-POW019,Component,Catalytic / PGM sensor #001,5
Engine powerpack SA-POW019,Component,Diesel engine block #007,5
Engine powerpack SA-POW019,Component,Fuel injector #012,5
Engine powerpack SA-POW018,Component,Turbocharger #002,5
Engine powerpack SA-POW018,Component,Precision bearing #020,5
Engine powerpack SA-POW018,Component,Catalytic / PGM sensor #002,5
Engine powerpack SA-POW004,Component,Diesel engine block #009,5
Engine powerpack SA-POW004,Component,Fuel injector #003,5
Engine powerpack SA-POW004,Component,Catalytic / PGM sensor #002,5
Engine powerpack SA-POW020,Component,Precision bearing #007,5
Engine powerpack SA-POW020,Component,Fuel injector #010,5
Engine powerpack SA-POW020,Component,Catalytic / PGM sensor #013,5
Engine powerpack SA-POW020,Component,Turbocharger #011,5
Engine powerpack SA-POW030,Component,Diesel engine block #010,5
Engine powerpack SA-POW030,Component,Catalytic / PGM sensor #008,5
Engine powerpack SA-POW030,Component,Turbocharger #013,5
Engine powerpack SA-POW014,Component,Catalytic / PGM sensor #001,5
Engine powerpack SA-POW014,Component,Fuel injector #004,5
Engine powerpack SA-POW014,Component,Turbocharger #013,5
Engine powerpack SA-POW014,Component,Precision bearing #010,5
Engine powerpack SA-POW013,Component,Catalytic / PGM sensor #003,5
Engine powerpack SA-POW013,Component,Turbocharger #011,5
Engine powerpack SA-POW013,Component,Diesel engine block #007,5
Running gear SA-RUN022,Component,Precision bearing #003,5
Running gear SA-RUN022,Component,Steel forging #007,5
Running gear SA-RUN022,Component,Armor steel plate (cut) #005,5
Inertial measurement unit SA-IMU007,Component,Multilayer PCB (bare board) #043,5
Inertial measurement unit SA-IMU007,Component,Microcontroller #014,5
Inertial measurement unit SA-IMU007,Component,MEMS gyroscope #015,5
Inertial measurement unit SA-IMU007,Component,Fiber-optic gyro coil #001,5
Inertial measurement unit SA-IMU039,Component,Quartz crystal oscillator #012,5
Inertial measurement unit SA-IMU039,Component,Multilayer PCB (bare board) #043,5
Inertial measurement unit SA-IMU039,Component,Fiber-optic gyro coil #013,5
Inertial measurement unit SA-IMU039,Component,MEMS gyroscope #006,5
Inertial measurement unit SA-IMU024,Component,MEMS gyroscope #001,5
Inertial measurement unit SA-IMU024,Component,Fiber-optic gyro coil #007,5
Inertial measurement unit SA-IMU024,Component,Microcontroller #033,5
IR optical train SA-IR_021,Component,Uncooled microbolometer #020,5
IR optical train SA-IR_021,Component,Aluminium structural frame #009,5
IR optical train SA-IR_021,Component,Sapphire dome / window #012,5
IR optical train SA-IR_021,Component,InSb IR focal-plane array #009,5
IR optical train SA-IR_014,Component,InSb IR focal-plane array #003,5
IR optical train SA-IR_014,Component,Uncooled microbolometer #017,5
IR optical train SA-IR_014,Component,Aluminium structural frame #015,5
IR optical train SA-IR_014,Component,Germanium IR lens #010,5
IR optical train SA-IR_014,Component,Sapphire dome / window #011,5
IR optical train SA-IR_018,Component,Germanium IR lens #008,5
IR optical train SA-IR_018,Component,Sapphire dome / window #004,5
IR optical train SA-IR_018,Component,Uncooled microbolometer #011,5
IR optical train SA-IR_018,Component,Aluminium structural frame #030,5
IR optical train SA-IR_018,Component,InSb IR focal-plane array #008,5
Laser rangefinder / designator SA-LAS035,Component,Germanium IR lens #020,5
Laser rangefinder / designator SA-LAS035,Component,Microcontroller #027,5
Laser rangefinder / designator SA-LAS035,Component,DC-DC converter module #016,5
Laser rangefinder / designator SA-LAS028,Component,DC-DC converter module #011,5
Laser rangefinder / designator SA-LAS028,Component,Laser diode (GaAs) #016,5
Laser rangefinder / designator SA-LAS028,Component,Microcontroller #016,5
Laser rangefinder / designator SA-LAS002,Component,Germanium IR lens #016,5
Laser rangefinder / designator SA-LAS002,Component,DC-DC converter module #005,5
Laser rangefinder / designator SA-LAS002,Component,Microcontroller #035,5
Laser rangefinder / designator SA-LAS013,Component,Laser diode (GaAs) #023,5
Laser rangefinder / designator SA-LAS013,Component,Germanium IR lens #015,5
Laser rangefinder / designator SA-LAS013,Component,Microcontroller #017,5
Laser rangefinder / designator SA-LAS013,Component,DC-DC converter module #007,5
Laser rangefinder / designator SA-LAS006,Component,Germanium IR lens #026,5
Laser rangefinder / designator SA-LAS006,Component,Laser diode (GaAs) #007,5
Laser rangefinder / designator SA-LAS006,Component,DC-DC converter module #007,5
Warhead section SA-WAR016,Component,Detonator #019,5
Warhead section SA-WAR016,Component,Main charge (RDX/TNT fill) #007,5
Warhead section SA-WAR016,Component,Tungsten preformed fragments #002,5
Warhead section SA-WAR016,Component,Fuze electronics module #009,5
Warhead section SA-WAR001,Component,Fuze electronics module #008,5
Warhead section SA-WAR001,Component,Detonator #019,5
Warhead section SA-WAR001,Component,Main charge (RDX/TNT fill) #016,5
Warhead section SA-WAR021,Component,Detonator #013,5
Warhead section SA-WAR021,Component,Fuze electronics module #012,5
Warhead section SA-WAR021,Component,Main charge (RDX/TNT fill) #010,5
Battery pack SA-BAT011,Component,Li-ion cell (21700) #005,5
Battery pack SA-BAT011,Component,Multilayer PCB (bare board) #031,5
Battery pack SA-BAT011,Component,MIL-spec circular connector #044,5
Battery pack SA-BAT011,Component,Battery management IC #005,5
Battery pack SA-BAT036,Component,Battery management IC #009,5
Battery pack SA-BAT036,Component,Multilayer PCB (bare board) #058,5
Battery pack SA-BAT036,Component,MIL-spec circular connector #015,5
Battery pack SA-BAT036,Component,Li-ion cell (21700) #003,5
Battery pack SA-BAT038,Component,Multilayer PCB (bare board) #044,5
Battery pack SA-BAT038,Component,Battery management IC #012,5
Battery pack SA-BAT038,Component,MIL-spec circular connector #024,5
Thermal battery assembly SA-THE007,Component,MIL-spec circular connector #045,5
Thermal battery assembly SA-THE007,Component,Thermal battery #009,5
Battery pack SA-BAT020,Component,Multilayer PCB (bare board) #044,5
Battery pack SA-BAT020,Component,Li-ion cell (21700) #009,5
Battery pack SA-BAT020,Component,MIL-spec circular connector #036,5
Battery pack SA-BAT020,Component,Battery management IC #003,5
Battery pack SA-BAT010,Component,Battery management IC #010,5
Battery pack SA-BAT010,Component,Multilayer PCB (bare board) #021,5
Battery pack SA-BAT010,Component,MIL-spec circular connector #007,5
Battery pack SA-BAT010,Component,Li-ion cell (21700) #018,5
Battery pack SA-BAT004,Component,MIL-spec circular connector #035,5
Battery pack SA-BAT004,Component,Li-ion cell (21700) #020,5
Battery pack SA-BAT004,Component,Multilayer PCB (bare board) #036,5
Battery pack SA-BAT004,Component,Battery management IC #009,5
Power conditioning unit SA-POW011,Component,DC-DC converter module #017,5
Power conditioning unit SA-POW011,Component,Tantalum capacitor #006,5
Power conditioning unit SA-POW011,Component,Multilayer PCB (bare board) #051,5
Power conditioning unit SA-POW032,Component,SiC power MOSFET #013,5
Power conditioning unit SA-POW032,Component,Coaxial RF cable assembly #023,5
Power conditioning unit SA-POW032,Component,Tantalum capacitor #020,5
GNSS module SA-GNS019,Component,GNSS receiver chip #010,5
GNSS module SA-GNS019,Component,RF filter (SAW/BAW) #011,5
GNSS module SA-GNS019,Component,Quartz crystal oscillator #015,5
GNSS module SA-GNS019,Component,Patch antenna element #030,5
GNSS module SA-GNS019,Component,Multilayer PCB (bare board) #043,5
GNSS module SA-GNS023,Component,RF filter (SAW/BAW) #030,5
GNSS module SA-GNS023,Component,Quartz crystal oscillator #013,5
GNSS module SA-GNS023,Component,GNSS receiver chip #005,5
GNSS module SA-GNS024,Component,GNSS receiver chip #017,5
GNSS module SA-GNS024,Component,Quartz crystal oscillator #016,5
GNSS module SA-GNS024,Component,RF filter (SAW/BAW) #006,5
GNSS module SA-GNS024,Component,Patch antenna element #002,5
RF front-end SA-RF_037,Component,MLCC capacitor #028,5
RF front-end SA-RF_037,Component,GaN power amplifier MMIC #013,5
RF front-end SA-RF_037,Component,GaAs low-noise amplifier MMIC #022,5
RF front-end SA-RF_037,Component,Patch antenna element #007,5
RF front-end SA-RF_037,Component,Multilayer PCB (bare board) #009,5
RF front-end SA-RF_029,Component,RF filter (SAW/BAW) #026,5
RF front-end SA-RF_029,Component,Coaxial RF cable assembly #015,5
RF front-end SA-RF_029,Component,GaAs low-noise amplifier MMIC #001,5
RF front-end SA-RF_029,Component,Patch antenna element #018,5
Antenna array tile SA-ARR035,Component,FPGA (rad-tolerant) #013,5
Antenna array tile SA-ARR035,Component,Patch antenna element #014,5
Antenna array tile SA-ARR035,Component,T/R module (phased array) #016,5
Antenna array tile SA-ARR035,Component,Coaxial RF cable assembly #013,5
Antenna array tile SA-ARR007,Component,T/R module (phased array) #003,5
Antenna array tile SA-ARR007,Component,Aluminium structural frame #027,5
Antenna array tile SA-ARR007,Component,Coaxial RF cable assembly #013,5
Antenna array tile SA-ARR007,Component,Patch antenna element #004,5
Antenna array tile SA-ARR015,Component,Aluminium structural frame #026,5
Antenna array tile SA-ARR015,Component,Coaxial RF cable assembly #020,5
Antenna array tile SA-ARR015,Component,T/R module (phased array) #019,5
Antenna array tile SA-ARR015,Component,FPGA (rad-tolerant) #014,5
Antenna array tile SA-ARR015,Component,Patch antenna element #003,5
RF front-end SA-RF_040,Component,Multilayer PCB (bare board) #037,5
RF front-end SA-RF_040,Component,GaAs low-noise amplifier MMIC #003,5
RF front-end SA-RF_040,Component,GaN power amplifier MMIC #022,5
RF front-end SA-RF_040,Component,RF filter (SAW/BAW) #022,5
Antenna array tile SA-ARR039,Component,Patch antenna element #023,5
Antenna array tile SA-ARR039,Component,Aluminium structural frame #023,5
Antenna array tile SA-ARR039,Component,Coaxial RF cable assembly #009,5
Antenna array tile SA-ARR039,Component,FPGA (rad-tolerant) #021,5
Antenna array tile SA-ARR016,Component,FPGA (rad-tolerant) #011,5
Antenna array tile SA-ARR016,Component,Patch antenna element #021,5
Antenna array tile SA-ARR016,Component,T/R module (phased array) #014,5
Antenna array tile SA-ARR016,Component,Aluminium structural frame #007,5
RF front-end SA-RF_022,Component,Multilayer PCB (bare board) #058,5
RF front-end SA-RF_022,Component,MLCC capacitor #038,5
RF front-end SA-RF_022,Component,GaN power amplifier MMIC #026,5
RF front-end SA-RF_022,Component,Patch antenna element #027,5
RF front-end SA-RF_022,Component,RF filter (SAW/BAW) #022,5
Laser rangefinder / designator SA-LAS007,Component,Germanium IR lens #028,5
Laser rangefinder / designator SA-LAS007,Component,DC-DC converter module #002,5
Laser rangefinder / designator SA-LAS007,Component,Laser diode (GaAs) #020,5
Laser rangefinder / designator SA-LAS007,Component,Microcontroller #003,5
IR optical train SA-IR_016,Component,Uncooled microbolometer #013,5
IR optical train SA-IR_016,Component,InSb IR focal-plane array #003,5
IR optical train SA-IR_016,Component,Germanium IR lens #015,5
IR optical train SA-IR_016,Component,Sapphire dome / window #020,5
IR optical train SA-IR_016,Component,Aluminium structural frame #009,5
GNSS module SA-GNS035,Component,Patch antenna element #017,5
GNSS module SA-GNS035,Component,RF filter (SAW/BAW) #028,5
GNSS module SA-GNS035,Component,GNSS receiver chip #005,5
GNSS module SA-GNS035,Component,Quartz crystal oscillator #010,5
GNSS module SA-GNS035,Component,Multilayer PCB (bare board) #051,5
GNSS module SA-GNS002,Component,Multilayer PCB (bare board) #028,5
GNSS module SA-GNS002,Component,Patch antenna element #029,5
GNSS module SA-GNS002,Component,Quartz crystal oscillator #015,5
GNSS module SA-GNS002,Component,GNSS receiver chip #010,5
Inertial measurement unit SA-IMU035,Component,Fiber-optic gyro coil #005,5
Inertial measurement unit SA-IMU035,Component,Microcontroller #031,5
Inertial measurement unit SA-IMU035,Component,MEMS gyroscope #009,5
Inertial measurement unit SA-IMU006,Component,Multilayer PCB (bare board) #006,5
Inertial measurement unit SA-IMU006,Component,MEMS gyroscope #001,5
Inertial measurement unit SA-IMU006,Component,Quartz crystal oscillator #015,5
Motor & drive SA-MOT031,Component,Precision bearing #002,5
Motor & drive SA-MOT031,Component,Microcontroller #015,5
Motor & drive SA-MOT031,Component,SiC power MOSFET #016,5
Motor & drive SA-MOT015,Component,Precision bearing #003,5
Motor & drive SA-MOT015,Component,Brushless DC motor #029,5
Motor & drive SA-MOT015,Component,Microcontroller #024,5
Motor & drive SA-MOT015,Component,Composite propeller #020,5
Motor & drive SA-MOT015,Component,SiC power MOSFET #014,5
Power conditioning unit SA-POW024,Component,MLCC capacitor #050,5
Power conditioning unit SA-POW024,Component,DC-DC converter module #027,5
Power conditioning unit SA-POW024,Component,Tantalum capacitor #010,5
Power conditioning unit SA-POW024,Component,Multilayer PCB (bare board) #022,5
Motor & drive SA-MOT027,Component,SiC power MOSFET #011,5
Motor & drive SA-MOT027,Component,Microcontroller #014,5
Motor & drive SA-MOT027,Component,Composite propeller #013,5
Motor & drive SA-MOT005,Component,Composite propeller #008,5
Motor & drive SA-MOT005,Component,Microcontroller #001,5
Motor & drive SA-MOT005,Component,Brushless DC motor #009,5
Motor & drive SA-MOT039,Component,Composite propeller #004,5
Motor & drive SA-MOT039,Component,Brushless DC motor #003,5
Motor & drive SA-MOT039,Component,Precision bearing #026,5
Motor & drive SA-MOT039,Component,Microcontroller #007,5
Motor & drive SA-MOT039,Component,SiC power MOSFET #018,5
Power conditioning unit SA-POW020,Component,Tantalum capacitor #016,5
Power conditioning unit SA-POW020,Component,SiC power MOSFET #020,5
Power conditioning unit SA-POW020,Component,MLCC capacitor #021,5
Power conditioning unit SA-POW020,Component,Coaxial RF cable assembly #027,5
Battery pack SA-BAT027,Component,Battery management IC #013,5
Battery pack SA-BAT027,Component,Multilayer PCB (bare board) #014,5
Battery pack SA-BAT027,Component,Li-ion cell (21700) #014,5
Thermal battery assembly SA-THE038,Component,MIL-spec circular connector #008,5
Thermal battery assembly SA-THE038,Component,Thermal battery #002,5
Thermal battery assembly SA-THE040,Component,Thermal battery #011,5
Thermal battery assembly SA-THE040,Component,MIL-spec circular connector #014,5
Thermal battery assembly SA-THE023,Component,MIL-spec circular connector #023,5
Thermal battery assembly SA-THE023,Component,Thermal battery #010,5
Thermal battery assembly SA-THE037,Component,Thermal battery #009,5
Thermal battery assembly SA-THE037,Component,MIL-spec circular connector #024,5
Thermal battery assembly SA-THE008,Component,Thermal battery #003,5
Thermal battery assembly SA-THE008,Component,MIL-spec circular connector #034,5
Warhead section SA-WAR035,Component,Fuze electronics module #006,5
Warhead section SA-WAR035,Component,Detonator #016,5
Warhead section SA-WAR035,Component,Main charge (RDX/TNT fill) #012,5
Warhead section SA-WAR035,Component,Tungsten preformed fragments #005,5
Inertial measurement unit SA-IMU008,Component,Multilayer PCB (bare board) #008,5
Inertial measurement unit SA-IMU008,Component,Fiber-optic gyro coil #008,5
Inertial measurement unit SA-IMU008,Component,Microcontroller #027,5
Inertial measurement unit SA-IMU037,Component,Fiber-optic gyro coil #012,5
Inertial measurement unit SA-IMU037,Component,MEMS gyroscope #001,5
Inertial measurement unit SA-IMU037,Component,Microcontroller #014,5
Inertial measurement unit SA-IMU037,Component,Multilayer PCB (bare board) #052,5
Control actuation unit SA-ACT016,Component,Machined titanium bracket #016,5
Control actuation unit SA-ACT016,Component,Precision bearing #004,5
Control actuation unit SA-ACT016,Component,Servo actuator #006,5
Control actuation unit SA-ACT016,Component,Microcontroller #005,5
Radome assembly SA-RAD035,Component,Titanium fastener kit #025,5
Radome assembly SA-RAD035,Component,Glass-composite radome #007,5
Radome assembly SA-RAD025,Component,Titanium fastener kit #014,5
Radome assembly SA-RAD025,Component,Glass-composite radome #018,5
Radome assembly SA-RAD030,Component,Glass-composite radome #016,5
Radome assembly SA-RAD030,Component,Titanium fastener kit #001,5
Radome assembly SA-RAD040,Component,Glass-composite radome #020,5
Radome assembly SA-RAD040,Component,Titanium fastener kit #004,5
Rocket motor SA-ROC038,Component,Filament-wound motor case #007,5
Rocket motor SA-ROC038,Component,Composite propellant grain #005,5
Rocket motor SA-ROC038,Component,Nozzle throat insert #005,5
Rocket motor SA-ROC038,Component,Igniter (BKNO3) #014,5
Rocket motor SA-ROC019,Component,Composite propellant grain #014,5
Rocket motor SA-ROC019,Component,Nozzle throat insert #010,5
Rocket motor SA-ROC019,Component,Filament-wound motor case #014,5
Rocket motor SA-ROC019,Component,Igniter (BKNO3) #010,5
Rocket motor SA-ROC017,Component,Composite propellant grain #019,5
Rocket motor SA-ROC017,Component,Igniter (BKNO3) #009,5
Rocket motor SA-ROC017,Component,Nozzle throat insert #002,5
Rocket motor SA-ROC017,Component,Filament-wound motor case #013,5
Rocket motor SA-ROC040,Component,Nozzle throat insert #012,5
Rocket motor SA-ROC040,Component,Igniter (BKNO3) #005,5
Rocket motor SA-ROC040,Component,Composite propellant grain #006,5
Rocket motor SA-ROC040,Component,Filament-wound motor case #003,5
Rocket motor SA-ROC034,Component,Composite propellant grain #014,5
Rocket motor SA-ROC034,Component,Nozzle throat insert #013,5
Rocket motor SA-ROC034,Component,Filament-wound motor case #015,5
Rocket motor SA-ROC034,Component,Igniter (BKNO3) #004,5
Rocket motor SA-ROC028,Component,Filament-wound motor case #010,5
Rocket motor SA-ROC028,Component,Igniter (BKNO3) #004,5
Rocket motor SA-ROC028,Component,Composite propellant grain #012,5
Rocket motor SA-ROC006,Component,Igniter (BKNO3) #002,5
Rocket motor SA-ROC006,Component,Composite propellant grain #001,5
Rocket motor SA-ROC006,Component,Filament-wound motor case #010,5
Rocket motor SA-ROC006,Component,Nozzle throat insert #012,5
Rocket motor SA-ROC025,Component,Filament-wound motor case #014,5
Rocket motor SA-ROC025,Component,Igniter (BKNO3) #012,5
Rocket motor SA-ROC025,Component,Composite propellant grain #009,5
Rocket motor SA-ROC025,Component,Nozzle throat insert #012,5
Rocket motor SA-ROC024,Component,Filament-wound motor case #012,5
Rocket motor SA-ROC024,Component,Igniter (BKNO3) #004,5
Rocket motor SA-ROC024,Component,Nozzle throat insert #006,5
GNSS module SA-GNS038,Component,Patch antenna element #029,5
GNSS module SA-GNS038,Component,GNSS receiver chip #007,5
GNSS module SA-GNS038,Component,Multilayer PCB (bare board) #041,5
GNSS module SA-GNS038,Component,RF filter (SAW/BAW) #024,5
GNSS module SA-GNS038,Component,Quartz crystal oscillator #021,5
PCB assembly SA-PCB031,Component,DC-DC converter module #002,5
PCB assembly SA-PCB031,Component,FPGA (rad-tolerant) #019,5
PCB assembly SA-PCB031,Component,Memory IC #012,5
PCB assembly SA-PCB031,Component,Thick-film resistor #041,5
GNSS module SA-GNS039,Component,GNSS receiver chip #011,5
GNSS module SA-GNS039,Component,Quartz crystal oscillator #023,5
GNSS module SA-GNS039,Component,Patch antenna element #005,5
Warhead section SA-WAR031,Component,Detonator #005,5
Warhead section SA-WAR031,Component,Tungsten preformed fragments #012,5
Warhead section SA-WAR031,Component,Fuze electronics module #002,5
Warhead section SA-WAR031,Component,Main charge (RDX/TNT fill) #015,5
Thermal battery assembly SA-THE011,Component,MIL-spec circular connector #023,5
Thermal battery assembly SA-THE011,Component,Thermal battery #005,5
Warhead section SA-WAR010,Component,Main charge (RDX/TNT fill) #006,5
Warhead section SA-WAR010,Component,Tungsten preformed fragments #008,5
Warhead section SA-WAR010,Component,Detonator #019,5
Warhead section SA-WAR032,Component,Tungsten preformed fragments #015,5
Warhead section SA-WAR032,Component,Fuze electronics module #011,5
Warhead section SA-WAR032,Component,Detonator #015,5
Warhead section SA-WAR032,Component,Main charge (RDX/TNT fill) #008,5
Armor steel plate (cut) #004,Material,Armor steel plate,6
Boron carbide armor tile #017,Material,Boron carbide ceramic,6
UHMWPE ballistic panel #016,Material,UHMWPE fiber,6
Titanium fastener kit #018,Material,Ti-6Al-4V mill product,6
Aramid ballistic fabric #007,Material,Aramid fiber,6
Boron carbide armor tile #019,Material,Boron carbide ceramic,6
Aramid ballistic fabric #001,Material,Aramid fiber,6
UHMWPE ballistic panel #010,Material,UHMWPE fiber,6
Titanium fastener kit #024,Material,Ti-6Al-4V mill product,6
Boron carbide armor tile #013,Material,Boron carbide ceramic,6
Aramid ballistic fabric #012,Material,Aramid fiber,6
Titanium fastener kit #010,Material,Ti-6Al-4V mill product,6
Armor steel plate (cut) #002,Material,Armor steel plate,6
UHMWPE ballistic panel #011,Material,UHMWPE fiber,6
Armor steel plate (cut) #001,Material,Armor steel plate,6
Boron carbide armor tile #008,Material,Boron carbide ceramic,6
UHMWPE ballistic panel #008,Material,UHMWPE fiber,6
Armor steel plate (cut) #008,Material,Armor steel plate,6
Titanium fastener kit #025,Material,Ti-6Al-4V mill product,6
Aramid ballistic fabric #020,Material,Aramid fiber,6
UHMWPE ballistic panel #006,Material,UHMWPE fiber,6
Boron carbide armor tile #002,Material,Boron carbide ceramic,6
Aramid ballistic fabric #004,Material,Aramid fiber,6
UHMWPE ballistic panel #007,Material,UHMWPE fiber,6
Armor steel plate (cut) #007,Material,Armor steel plate,6
Titanium fastener kit #028,Material,Ti-6Al-4V mill product,6
Boron carbide armor tile #011,Material,Boron carbide ceramic,6
UHMWPE ballistic panel #003,Material,UHMWPE fiber,6
Armor steel plate (cut) #009,Material,Armor steel plate,6
Aramid ballistic fabric #018,Material,Aramid fiber,6
Titanium fastener kit #007,Material,Ti-6Al-4V mill product,6
Boron carbide armor tile #005,Material,Boron carbide ceramic,6
Aramid ballistic fabric #017,Material,Aramid fiber,6
Titanium fastener kit #030,Material,Ti-6Al-4V mill product,6
UHMWPE ballistic panel #004,Material,UHMWPE fiber,6
Machined titanium bracket #028,Material,Ti-6Al-4V mill product,6
Titanium fastener kit #009,Material,Ti-6Al-4V mill product,6
Aluminium structural frame #030,Material,Aluminium alloy 7075 plate,6
Fluoroelastomer seal kit #005,Material,PTFE fluoropolymer,6
Carbon-fiber airframe panel #003,Material,Carbon fiber (PAN-based),6
Carbon-fiber airframe panel #003,Material,Epoxy resin,6
Titanium fastener kit #013,Material,Ti-6Al-4V mill product,6
Aluminium structural frame #010,Material,Aluminium alloy 7075 plate,6
Machined titanium bracket #009,Material,Ti-6Al-4V mill product,6
Fluoroelastomer seal kit #028,Material,PTFE fluoropolymer,6
Machined titanium bracket #026,Material,Ti-6Al-4V mill product,6
Fluoroelastomer seal kit #025,Material,PTFE fluoropolymer,6
Aluminium structural frame #027,Material,Aluminium alloy 7075 plate,6
Boron carbide armor tile #020,Material,Boron carbide ceramic,6
UHMWPE ballistic panel #020,Material,UHMWPE fiber,6
Armor steel plate (cut) #018,Material,Armor steel plate,6
Titanium fastener kit #008,Material,Ti-6Al-4V mill product,6
Armor steel plate (cut) #017,Material,Armor steel plate,6
Aramid ballistic fabric #010,Material,Aramid fiber,6
Aramid ballistic fabric #009,Material,Aramid fiber,6
Boron carbide armor tile #012,Material,Boron carbide ceramic,6
Titanium fastener kit #001,Material,Ti-6Al-4V mill product,6
Armor steel plate (cut) #003,Material,Armor steel plate,6
Fluoroelastomer seal kit #021,Material,PTFE fluoropolymer,6
Machined titanium bracket #014,Material,Ti-6Al-4V mill product,6
Titanium fastener kit #014,Material,Ti-6Al-4V mill product,6
Carbon-fiber airframe panel #019,Material,Epoxy resin,6
Carbon-fiber airframe panel #019,Material,Carbon fiber (PAN-based),6
Aluminium structural frame #001,Material,Aluminium alloy 7075 plate,6
Fluoroelastomer seal kit #004,Material,PTFE fluoropolymer,6
Machined titanium bracket #038,Material,Ti-6Al-4V mill product,6
Fluoroelastomer seal kit #012,Material,PTFE fluoropolymer,6
Carbon-fiber airframe panel #005,Material,Carbon fiber (PAN-based),6
Carbon-fiber airframe panel #005,Material,Epoxy resin,6
Machined titanium bracket #018,Material,Ti-6Al-4V mill product,6
Aluminium structural frame #012,Material,Aluminium alloy 7075 plate,6
Titanium fastener kit #023,Material,Ti-6Al-4V mill product,6
UHMWPE ballistic panel #014,Material,UHMWPE fiber,6
Aramid ballistic fabric #003,Material,Aramid fiber,6
Boron carbide armor tile #015,Material,Boron carbide ceramic,6
Precision bearing #010,Material,Forging-grade steel,6
Steel forging #006,Material,Forging-grade steel,6
Steel forging #011,Material,Forging-grade steel,6
Fluoroelastomer seal kit #001,Material,PTFE fluoropolymer,6
Precision bearing #020,Material,Forging-grade steel,6
Precision bearing #029,Material,Forging-grade steel,6
Steel forging #023,Material,Forging-grade steel,6
Fluoroelastomer seal kit #002,Material,PTFE fluoropolymer,6
Precision bearing #002,Material,Forging-grade steel,6
Steel forging #001,Material,Forging-grade steel,6
Fluoroelastomer seal kit #016,Material,PTFE fluoropolymer,6
Precision bearing #004,Material,Forging-grade steel,6
Steel forging #027,Material,Forging-grade steel,6
Fuel injector #001,Material,Forging-grade steel,6
Fuel injector #001,Material,Molybdenum oxide,6
Precision bearing #017,Material,Forging-grade steel,6
Diesel engine block #002,Material,Forging-grade steel,6
Diesel engine block #002,Material,Aluminium alloy 7075 plate,6
Catalytic / PGM sensor #013,Material,Platinum group metals (refined),6
Turbocharger #008,Material,Inconel 718 (Ni superalloy),6
Catalytic / PGM sensor #001,Material,Platinum group metals (refined),6
Fuel injector #015,Material,Molybdenum oxide,6
Fuel injector #015,Material,Forging-grade steel,6
Turbocharger #012,Material,Inconel 718 (Ni superalloy),6
Catalytic / PGM sensor #004,Material,Platinum group metals (refined),6
Fuel injector #018,Material,Forging-grade steel,6
Fuel injector #018,Material,Molybdenum oxide,6
Diesel engine block #001,Material,Aluminium alloy 7075 plate,6
Diesel engine block #001,Material,Forging-grade steel,6
Catalytic / PGM sensor #009,Material,Platinum group metals (refined),6
Precision bearing #008,Material,Forging-grade steel,6
Precision bearing #007,Material,Forging-grade steel,6
Catalytic / PGM sensor #011,Material,Platinum group metals (refined),6
Turbocharger #011,Material,Inconel 718 (Ni superalloy),6
Diesel engine block #005,Material,Forging-grade steel,6
Diesel engine block #005,Material,Aluminium alloy 7075 plate,6
Fuel injector #019,Material,Forging-grade steel,6
Fuel injector #019,Material,Molybdenum oxide,6
Fuel injector #004,Material,Forging-grade steel,6
Fuel injector #004,Material,Molybdenum oxide,6
Precision bearing #019,Material,Forging-grade steel,6
Turbocharger #001,Material,Inconel 718 (Ni superalloy),6
Turbocharger #015,Material,Inconel 718 (Ni superalloy),6
Precision bearing #005,Material,Forging-grade steel,6
Fuel injector #020,Material,Molybdenum oxide,6
Fuel injector #020,Material,Forging-grade steel,6
Diesel engine block #004,Material,Aluminium alloy 7075 plate,6
Diesel engine block #004,Material,Forging-grade steel,6
Precision bearing #001,Material,Forging-grade steel,6
Catalytic / PGM sensor #006,Material,Platinum group metals (refined),6
Fuel injector #017,Material,Forging-grade steel,6
Fuel injector #017,Material,Molybdenum oxide,6
Turbocharger #014,Material,Inconel 718 (Ni superalloy),6
Diesel engine block #007,Material,Aluminium alloy 7075 plate,6
Diesel engine block #007,Material,Forging-grade steel,6
Catalytic / PGM sensor #015,Material,Platinum group metals (refined),6
Turbocharger #010,Material,Inconel 718 (Ni superalloy),6
Catalytic / PGM sensor #014,Material,Platinum group metals (refined),6
Fluoroelastomer seal kit #024,Material,PTFE fluoropolymer,6
Steel forging #017,Material,Forging-grade steel,6
Fluoroelastomer seal kit #029,Material,PTFE fluoropolymer,6
Steel forging #004,Material,Forging-grade steel,6
Precision bearing #027,Material,Forging-grade steel,6
Fluoroelastomer seal kit #026,Material,PTFE fluoropolymer,6
Precision bearing #022,Material,Forging-grade steel,6
Steel forging #016,Material,Forging-grade steel,6
Armor steel plate (cut) #019,Material,Armor steel plate,6
Steel forging #003,Material,Forging-grade steel,6
Fluoroelastomer seal kit #019,Material,PTFE fluoropolymer,6
Precision bearing #030,Material,Forging-grade steel,6
Fluoroelastomer seal kit #020,Material,PTFE fluoropolymer,6
Steel forging #005,Material,Forging-grade steel,6
Fuel injector #012,Material,Molybdenum oxide,6
Fuel injector #012,Material,Forging-grade steel,6
Steel forging #012,Material,Forging-grade steel,6
Machined titanium bracket #011,Material,Ti-6Al-4V mill product,6
Microcontroller #033,Material,Mature-node die (>=28 nm),6
Servo actuator #002,Material,Samarium-cobalt magnet,6
Servo actuator #002,Material,Copper magnet wire,6
Servo actuator #002,Material,Ti-6Al-4V mill product,6
Servo actuator #021,Material,Ti-6Al-4V mill product,6
Servo actuator #021,Material,Copper magnet wire,6
Servo actuator #021,Material,Samarium-cobalt magnet,6
Machined titanium bracket #040,Material,Ti-6Al-4V mill product,6
Microcontroller #027,Material,Mature-node die (>=28 nm),6
Servo actuator #018,Material,Ti-6Al-4V mill product,6
Servo actuator #018,Material,Copper magnet wire,6
Servo actuator #018,Material,Samarium-cobalt magnet,6
Machined titanium bracket #021,Material,Ti-6Al-4V mill product,6
Precision bearing #009,Material,Forging-grade steel,6
Microcontroller #015,Material,Mature-node die (>=28 nm),6
Servo actuator #012,Material,Copper magnet wire,6
Servo actuator #012,Material,Samarium-cobalt magnet,6
Servo actuator #012,Material,Ti-6Al-4V mill product,6
Fluoroelastomer seal kit #017,Material,PTFE fluoropolymer,6
Fluoroelastomer seal kit #013,Material,PTFE fluoropolymer,6
Steel forging #018,Material,Forging-grade steel,6
Steel forging #015,Material,Forging-grade steel,6
Armor steel plate (cut) #006,Material,Armor steel plate,6
Precision bearing #006,Material,Forging-grade steel,6
Precision bearing #011,Material,Forging-grade steel,6
Fluoroelastomer seal kit #009,Material,PTFE fluoropolymer,6
Steel forging #008,Material,Forging-grade steel,6
MLCC capacitor #060,Material,Barium titanate dielectric,6
MLCC capacitor #060,Material,Nickel (class 1),6
DC-DC converter module #029,Material,Copper magnet wire,6
DC-DC converter module #029,Material,Mature-node die (>=28 nm),6
Microcontroller #040,Material,Mature-node die (>=28 nm),6
Memory IC #017,Material,Advanced-node logic die,6
Thick-film resistor #009,Material,Alumina,6
Thick-film resistor #009,Material,Silver (refined),6
Tantalum capacitor #028,Material,Tantalum powder (capacitor grade),6
Microcontroller #012,Material,Mature-node die (>=28 nm),6
Memory IC #006,Material,Advanced-node logic die,6
Solder paste #007,Material,SAC305 solder alloy,6
FPGA (rad-tolerant) #003,Material,FR-4 copper-clad laminate,6
FPGA (rad-tolerant) #003,Material,Advanced-node logic die,6
Multilayer PCB (bare board) #017,Material,Copper foil,6
Multilayer PCB (bare board) #017,Material,FR-4 copper-clad laminate,6
Thick-film resistor #017,Material,Silver (refined),6
Thick-film resistor #017,Material,Alumina,6
DC-DC converter module #007,Material,Copper magnet wire,6
DC-DC converter module #007,Material,Mature-node die (>=28 nm),6
Multilayer PCB (bare board) #003,Material,Copper foil,6
Multilayer PCB (bare board) #003,Material,FR-4 copper-clad laminate,6
Thick-film resistor #032,Material,Alumina,6
Thick-film resistor #032,Material,Silver (refined),6
FPGA (rad-tolerant) #004,Material,FR-4 copper-clad laminate,6
FPGA (rad-tolerant) #004,Material,Advanced-node logic die,6
DC-DC converter module #002,Material,Copper magnet wire,6
DC-DC converter module #002,Material,Mature-node die (>=28 nm),6
Laser diode (GaAs) #018,Material,GaAs substrate wafer,6
Microcontroller #018,Material,Mature-node die (>=28 nm),6
FPGA (rad-tolerant) #021,Material,FR-4 copper-clad laminate,6
FPGA (rad-tolerant) #021,Material,Advanced-node logic die,6
MLCC capacitor #009,Material,Barium titanate dielectric,6
MLCC capacitor #009,Material,Nickel (class 1),6
Memory IC #012,Material,Advanced-node logic die,6
Thick-film resistor #024,Material,Alumina,6
Thick-film resistor #024,Material,Silver (refined),6
Multilayer PCB (bare board) #023,Material,Copper foil,6
Multilayer PCB (bare board) #023,Material,FR-4 copper-clad laminate,6
Tantalum capacitor #022,Material,Tantalum powder (capacitor grade),6
DC-DC converter module #013,Material,Mature-node die (>=28 nm),6
DC-DC converter module #013,Material,Copper magnet wire,6
Thick-film resistor #038,Material,Alumina,6
Thick-film resistor #038,Material,Silver (refined),6
Germanium IR lens #005,Material,Germanium optical blank,6
Image intensifier tube #007,Material,GaAs substrate wafer,6
Image intensifier tube #007,Material,Alumina,6
Battery management IC #015,Material,Mature-node die (>=28 nm),6
Image intensifier tube #004,Material,GaAs substrate wafer,6
Image intensifier tube #004,Material,Alumina,6
Battery management IC #002,Material,Mature-node die (>=28 nm),6
Germanium IR lens #007,Material,Germanium optical blank,6
Battery management IC #003,Material,Mature-node die (>=28 nm),6
Germanium IR lens #008,Material,Germanium optical blank,6
Image intensifier tube #003,Material,GaAs substrate wafer,6
Image intensifier tube #003,Material,Alumina,6
Germanium IR lens #021,Material,Germanium optical blank,6
Image intensifier tube #002,Material,GaAs substrate wafer,6
Image intensifier tube #002,Material,Alumina,6
Aluminium structural frame #008,Material,Aluminium alloy 7075 plate,6
InSb IR focal-plane array #002,Material,Advanced-node logic die,6
InSb IR focal-plane array #002,Material,Indium antimonide wafer,6
Uncooled microbolometer #001,Material,Silicon wafer (300 mm),6
Uncooled microbolometer #001,Material,Vanadium oxide thin film,6
Thick-film resistor #013,Material,Alumina,6
Thick-film resistor #013,Material,Silver (refined),6
Microcontroller #010,Material,Mature-node die (>=28 nm),6
Multilayer PCB (bare board) #057,Material,Copper foil,6
Multilayer PCB (bare board) #057,Material,FR-4 copper-clad laminate,6
DC-DC converter module #016,Material,Copper magnet wire,6
DC-DC converter module #016,Material,Mature-node die (>=28 nm),6
MIL-spec circular connector #041,Material,Beryllium-copper alloy,6
MIL-spec circular connector #041,Material,Aluminium alloy 7075 plate,6
MIL-spec circular connector #041,Material,PTFE fluoropolymer,6
Tantalum capacitor #025,Material,Tantalum powder (capacitor grade),6
Multilayer PCB (bare board) #026,Material,FR-4 copper-clad laminate,6
Multilayer PCB (bare board) #026,Material,Copper foil,6
FPGA (rad-tolerant) #005,Material,Advanced-node logic die,6
FPGA (rad-tolerant) #005,Material,FR-4 copper-clad laminate,6
Memory IC #018,Material,Advanced-node logic die,6
Microcontroller #037,Material,Mature-node die (>=28 nm),6
FPGA (rad-tolerant) #010,Material,FR-4 copper-clad laminate,6
FPGA (rad-tolerant) #010,Material,Advanced-node logic die,6
MIL-spec circular connector #040,Material,PTFE fluoropolymer,6
MIL-spec circular connector #040,Material,Aluminium alloy 7075 plate,6
MIL-spec circular connector #040,Material,Beryllium-copper alloy,6
Multilayer PCB (bare board) #033,Material,Copper foil,6
Multilayer PCB (bare board) #033,Material,FR-4 copper-clad laminate,6
MLCC capacitor #005,Material,Nickel (class 1),6
MLCC capacitor #005,Material,Barium titanate dielectric,6
FPGA (rad-tolerant) #006,Material,Advanced-node logic die,6
FPGA (rad-tolerant) #006,Material,FR-4 copper-clad laminate,6
DC-DC converter module #014,Material,Copper magnet wire,6
DC-DC converter module #014,Material,Mature-node die (>=28 nm),6
MIL-spec circular connector #042,Material,Beryllium-copper alloy,6
MIL-spec circular connector #042,Material,Aluminium alloy 7075 plate,6
MIL-spec circular connector #042,Material,PTFE fluoropolymer,6
Memory IC #008,Material,Advanced-node logic die,6
Tantalum capacitor #004,Material,Tantalum powder (capacitor grade),6
MLCC capacitor #045,Material,Nickel (class 1),6
MLCC capacitor #045,Material,Barium titanate dielectric,6
Germanium IR lens #010,Material,Germanium optical blank,6
InSb IR focal-plane array #007,Material,Advanced-node logic die,6
InSb IR focal-plane array #007,Material,Indium antimonide wafer,6
Sapphire dome / window #019,Material,Sapphire window blank,6
Aluminium structural frame #019,Material,Aluminium alloy 7075 plate,6
Sapphire dome / window #015,Material,Sapphire window blank,6
Aluminium structural frame #025,Material,Aluminium alloy 7075 plate,6
InSb IR focal-plane array #001,Material,Advanced-node logic die,6
InSb IR focal-plane array #001,Material,Indium antimonide wafer,6
Germanium IR lens #024,Material,Germanium optical blank,6
Uncooled microbolometer #018,Material,Vanadium oxide thin film,6
Uncooled microbolometer #018,Material,Silicon wafer (300 mm),6
Uncooled microbolometer #015,Material,Silicon wafer (300 mm),6
Uncooled microbolometer #015,Material,Vanadium oxide thin film,6
Germanium IR lens #012,Material,Germanium optical blank,6
Sapphire dome / window #011,Material,Sapphire window blank,6
InSb IR focal-plane array #010,Material,Indium antimonide wafer,6
InSb IR focal-plane array #010,Material,Advanced-node logic die,6
Aluminium structural frame #015,Material,Aluminium alloy 7075 plate,6
Germanium IR lens #011,Material,Germanium optical blank,6
InSb IR focal-plane array #013,Material,Indium antimonide wafer,6
InSb IR focal-plane array #013,Material,Advanced-node logic die,6
Germanium IR lens #023,Material,Germanium optical blank,6
Aluminium structural frame #033,Material,Aluminium alloy 7075 plate,6
Sapphire dome / window #013,Material,Sapphire window blank,6
Uncooled microbolometer #006,Material,Silicon wafer (300 mm),6
Uncooled microbolometer #006,Material,Vanadium oxide thin film,6
Germanium IR lens #015,Material,Germanium optical blank,6
InSb IR focal-plane array #009,Material,Advanced-node logic die,6
InSb IR focal-plane array #009,Material,Indium antimonide wafer,6
Laser diode (GaAs) #017,Material,GaAs substrate wafer,6
DC-DC converter module #010,Material,Copper magnet wire,6
DC-DC converter module #010,Material,Mature-node die (>=28 nm),6
Germanium IR lens #017,Material,Germanium optical blank,6
Laser diode (GaAs) #005,Material,GaAs substrate wafer,6
Microcontroller #001,Material,Mature-node die (>=28 nm),6
Microcontroller #025,Material,Mature-node die (>=28 nm),6
Laser diode (GaAs) #021,Material,GaAs substrate wafer,6
Germanium IR lens #006,Material,Germanium optical blank,6
DC-DC converter module #015,Material,Copper magnet wire,6
DC-DC converter module #015,Material,Mature-node die (>=28 nm),6
Microcontroller #009,Material,Mature-node die (>=28 nm),6
DC-DC converter module #011,Material,Copper magnet wire,6
DC-DC converter module #011,Material,Mature-node die (>=28 nm),6
Germanium IR lens #027,Material,Germanium optical blank,6
Uncooled microbolometer #019,Material,Vanadium oxide thin film,6
Uncooled microbolometer #019,Material,Silicon wafer (300 mm),6
Sapphire dome / window #001,Material,Sapphire window blank,6
Uncooled microbolometer #017,Material,Silicon wafer (300 mm),6
Uncooled microbolometer #017,Material,Vanadium oxide thin film,6
Germanium IR lens #028,Material,Germanium optical blank,6
InSb IR focal-plane array #006,Material,Indium antimonide wafer,6
InSb IR focal-plane array #006,Material,Advanced-node logic die,6
Sapphire dome / window #018,Material,Sapphire window blank,6
Uncooled microbolometer #003,Material,Vanadium oxide thin film,6
Uncooled microbolometer #003,Material,Silicon wafer (300 mm),6
InSb IR focal-plane array #003,Material,Advanced-node logic die,6
InSb IR focal-plane array #003,Material,Indium antimonide wafer,6
Uncooled microbolometer #009,Material,Silicon wafer (300 mm),6
Uncooled microbolometer #009,Material,Vanadium oxide thin film,6
InSb IR focal-plane array #008,Material,Advanced-node logic die,6
InSb IR focal-plane array #008,Material,Indium antimonide wafer,6
Germanium IR lens #009,Material,Germanium optical blank,6
Aluminium structural frame #028,Material,Aluminium alloy 7075 plate,6
InSb IR focal-plane array #014,Material,Advanced-node logic die,6
InSb IR focal-plane array #014,Material,Indium antimonide wafer,6
Sapphire dome / window #003,Material,Sapphire window blank,6
Aluminium structural frame #005,Material,Aluminium alloy 7075 plate,6
Sapphire dome / window #017,Material,Sapphire window blank,6
Germanium IR lens #004,Material,Germanium optical blank,6
Germanium IR lens #030,Material,Germanium optical blank,6
Image intensifier tube #008,Material,GaAs substrate wafer,6
Image intensifier tube #008,Material,Alumina,6
Battery management IC #013,Material,Mature-node die (>=28 nm),6
Germanium IR lens #001,Material,Germanium optical blank,6
Battery management IC #009,Material,Mature-node die (>=28 nm),6
Battery management IC #010,Material,Mature-node die (>=28 nm),6
Image intensifier tube #001,Material,GaAs substrate wafer,6
Image intensifier tube #001,Material,Alumina,6
MIL-spec circular connector #037,Material,Beryllium-copper alloy,6
MIL-spec circular connector #037,Material,Aluminium alloy 7075 plate,6
MIL-spec circular connector #037,Material,PTFE fluoropolymer,6
Battery management IC #008,Material,Mature-node die (>=28 nm),6
Multilayer PCB (bare board) #009,Material,FR-4 copper-clad laminate,6
Multilayer PCB (bare board) #009,Material,Copper foil,6
Li-ion cell (21700) #008,Material,NMC cathode material,6
Li-ion cell (21700) #008,Material,Battery-grade graphite anode,6
Li-ion cell (21700) #008,Material,Lithium chemicals,6
Li-ion cell (21700) #008,Material,Copper foil,6
MIL-spec circular connector #008,Material,Beryllium-copper alloy,6
MIL-spec circular connector #008,Material,Aluminium alloy 7075 plate,6
MIL-spec circular connector #008,Material,PTFE fluoropolymer,6
Multilayer PCB (bare board) #018,Material,FR-4 copper-clad laminate,6
Multilayer PCB (bare board) #018,Material,Copper foil,6
Battery management IC #004,Material,Mature-node die (>=28 nm),6
Multilayer PCB (bare board) #031,Material,Copper foil,6
Multilayer PCB (bare board) #031,Material,FR-4 copper-clad laminate,6
MIL-spec circular connector #018,Material,Beryllium-copper alloy,6
MIL-spec circular connector #018,Material,Aluminium alloy 7075 plate,6
MIL-spec circular connector #018,Material,PTFE fluoropolymer,6
Li-ion cell (21700) #017,Material,NMC cathode material,6
Li-ion cell (21700) #017,Material,Battery-grade graphite anode,6
Li-ion cell (21700) #017,Material,Lithium chemicals,6
Li-ion cell (21700) #017,Material,Copper foil,6
Multilayer PCB (bare board) #042,Material,FR-4 copper-clad laminate,6
Multilayer PCB (bare board) #042,Material,Copper foil,6
MIL-spec circular connector #002,Material,Beryllium-copper alloy,6
MIL-spec circular connector #002,Material,Aluminium alloy 7075 plate,6
MIL-spec circular connector #002,Material,PTFE fluoropolymer,6
Battery management IC #014,Material,Mature-node die (>=28 nm),6
Li-ion cell (21700) #015,Material,NMC cathode material,6
Li-ion cell (21700) #015,Material,Battery-grade graphite anode,6
Li-ion cell (21700) #015,Material,Lithium chemicals,6
Li-ion cell (21700) #015,Material,Copper foil,6
DC-DC converter module #012,Material,Mature-node die (>=28 nm),6
DC-DC converter module #012,Material,Copper magnet wire,6
Multilayer PCB (bare board) #050,Material,Copper foil,6
Multilayer PCB (bare board) #050,Material,FR-4 copper-clad laminate,6
SiC power MOSFET #001,Material,Silicon carbide substrate,6
Coaxial RF cable assembly #005,Material,Silver (refined),6
Coaxial RF cable assembly #005,Material,PTFE fluoropolymer,6
Coaxial RF cable assembly #005,Material,Copper magnet wire,6
Tantalum capacitor #009,Material,Tantalum powder (capacitor grade),6
DC-DC converter module #023,Material,Copper magnet wire,6
DC-DC converter module #023,Material,Mature-node die (>=28 nm),6
Multilayer PCB (bare board) #014,Material,Copper foil,6
Multilayer PCB (bare board) #014,Material,FR-4 copper-clad laminate,6
MLCC capacitor #034,Material,Nickel (class 1),6
MLCC capacitor #034,Material,Barium titanate dielectric,6
Coaxial RF cable assembly #025,Material,Copper magnet wire,6
Coaxial RF cable assembly #025,Material,PTFE fluoropolymer,6
Coaxial RF cable assembly #025,Material,Silver (refined),6
Tantalum capacitor #018,Material,Tantalum powder (capacitor grade),6
Tantalum capacitor #027,Material,Tantalum powder (capacitor grade),6
Multilayer PCB (bare board) #060,Material,Copper foil,6
Multilayer PCB (bare board) #060,Material,FR-4 copper-clad laminate,6
MLCC capacitor #058,Material,Barium titanate dielectric,6
MLCC capacitor #058,Material,Nickel (class 1),6
SiC power MOSFET #018,Material,Silicon carbide substrate,6
Coaxial RF cable assembly #023,Material,Silver (refined),6
Coaxial RF cable assembly #023,Material,PTFE fluoropolymer,6
Coaxial RF cable assembly #023,Material,Copper magnet wire,6
Coaxial RF cable assembly #024,Material,Copper magnet wire,6
Coaxial RF cable assembly #024,Material,PTFE fluoropolymer,6
Coaxial RF cable assembly #024,Material,Silver (refined),6
Tantalum capacitor #026,Material,Tantalum powder (capacitor grade),6
Multilayer PCB (bare board) #010,Material,Copper foil,6
Multilayer PCB (bare board) #010,Material,FR-4 copper-clad laminate,6
DC-DC converter module #025,Material,Copper magnet wire,6
DC-DC converter module #025,Material,Mature-node die (>=28 nm),6
Coaxial RF cable assembly #012,Material,PTFE fluoropolymer,6
Coaxial RF cable assembly #012,Material,Copper magnet wire,6
Coaxial RF cable assembly #012,Material,Silver (refined),6
Multilayer PCB (bare board) #028,Material,FR-4 copper-clad laminate,6
Multilayer PCB (bare board) #028,Material,Copper foil,6
Tantalum capacitor #008,Material,Tantalum powder (capacitor grade),6
MLCC capacitor #036,Material,Barium titanate dielectric,6
MLCC capacitor #036,Material,Nickel (class 1),6
SiC power MOSFET #004,Material,Silicon carbide substrate,6
Multilayer PCB (bare board) #016,Material,FR-4 copper-clad laminate,6
Multilayer PCB (bare board) #016,Material,Copper foil,6
Tantalum capacitor #001,Material,Tantalum powder (capacitor grade),6
MLCC capacitor #048,Material,Barium titanate dielectric,6
MLCC capacitor #048,Material,Nickel (class 1),6
Coaxial RF cable assembly #030,Material,PTFE fluoropolymer,6
Coaxial RF cable assembly #030,Material,Copper magnet wire,6
Coaxial RF cable assembly #030,Material,Silver (refined),6
Tantalum capacitor #013,Material,Tantalum powder (capacitor grade),6
SiC power MOSFET #012,Material,Silicon carbide substrate,6
SiC power MOSFET #007,Material,Silicon carbide substrate,6
MLCC capacitor #029,Material,Nickel (class 1),6
MLCC capacitor #029,Material,Barium titanate dielectric,6
Tantalum capacitor #015,Material,Tantalum powder (capacitor grade),6
Multilayer PCB (bare board) #059,Material,Copper foil,6
Multilayer PCB (bare board) #059,Material,FR-4 copper-clad laminate,6
MIL-spec circular connector #038,Material,Aluminium alloy 7075 plate,6
MIL-spec circular connector #038,Material,Beryllium-copper alloy,6
MIL-spec circular connector #038,Material,PTFE fluoropolymer,6
Li-ion cell (21700) #009,Material,NMC cathode material,6
Li-ion cell (21700) #009,Material,Copper foil,6
Li-ion cell (21700) #009,Material,Lithium chemicals,6
Li-ion cell (21700) #009,Material,Battery-grade graphite anode,6
MIL-spec circular connector #048,Material,PTFE fluoropolymer,6
MIL-spec circular connector #048,Material,Aluminium alloy 7075 plate,6
MIL-spec circular connector #048,Material,Beryllium-copper alloy,6
Li-ion cell (21700) #020,Material,NMC cathode material,6
Li-ion cell (21700) #020,Material,Battery-grade graphite anode,6
Li-ion cell (21700) #020,Material,Lithium chemicals,6
Li-ion cell (21700) #020,Material,Copper foil,6
Multilayer PCB (bare board) #020,Material,FR-4 copper-clad laminate,6
Multilayer PCB (bare board) #020,Material,Copper foil,6
Battery management IC #006,Material,Mature-node die (>=28 nm),6
Li-ion cell (21700) #004,Material,NMC cathode material,6
Li-ion cell (21700) #004,Material,Battery-grade graphite anode,6
Li-ion cell (21700) #004,Material,Lithium chemicals,6
Li-ion cell (21700) #004,Material,Copper foil,6
Multilayer PCB (bare board) #053,Material,Copper foil,6
Multilayer PCB (bare board) #053,Material,FR-4 copper-clad laminate,6
MIL-spec circular connector #005,Material,PTFE fluoropolymer,6
MIL-spec circular connector #005,Material,Aluminium alloy 7075 plate,6
MIL-spec circular connector #005,Material,Beryllium-copper alloy,6
Battery management IC #005,Material,Mature-node die (>=28 nm),6
Multilayer PCB (bare board) #034,Material,FR-4 copper-clad laminate,6
Multilayer PCB (bare board) #034,Material,Copper foil,6
Li-ion cell (21700) #018,Material,NMC cathode material,6
Li-ion cell (21700) #018,Material,Battery-grade graphite anode,6
Li-ion cell (21700) #018,Material,Lithium chemicals,6
Li-ion cell (21700) #018,Material,Copper foil,6
MLCC capacitor #016,Material,Barium titanate dielectric,6
MLCC capacitor #016,Material,Nickel (class 1),6
Coaxial RF cable assembly #004,Material,Copper magnet wire,6
Coaxial RF cable assembly #004,Material,PTFE fluoropolymer,6
Coaxial RF cable assembly #004,Material,Silver (refined),6
SiC power MOSFET #019,Material,Silicon carbide substrate,6
Multilayer PCB (bare board) #013,Material,Copper foil,6
Multilayer PCB (bare board) #013,Material,FR-4 copper-clad laminate,6
Multilayer PCB (bare board) #039,Material,Copper foil,6
Multilayer PCB (bare board) #039,Material,FR-4 copper-clad laminate,6
MIL-spec circular connector #016,Material,PTFE fluoropolymer,6
MIL-spec circular connector #016,Material,Beryllium-copper alloy,6
MIL-spec circular connector #016,Material,Aluminium alloy 7075 plate,6
Li-ion cell (21700) #019,Material,NMC cathode material,6
Li-ion cell (21700) #019,Material,Battery-grade graphite anode,6
Li-ion cell (21700) #019,Material,Lithium chemicals,6
Li-ion cell (21700) #019,Material,Copper foil,6
Li-ion cell (21700) #011,Material,NMC cathode material,6
Li-ion cell (21700) #011,Material,Battery-grade graphite anode,6
Li-ion cell (21700) #011,Material,Lithium chemicals,6
Li-ion cell (21700) #011,Material,Copper foil,6
Multilayer PCB (bare board) #055,Material,Copper foil,6
Multilayer PCB (bare board) #055,Material,FR-4 copper-clad laminate,6
MIL-spec circular connector #020,Material,PTFE fluoropolymer,6
MIL-spec circular connector #020,Material,Beryllium-copper alloy,6
MIL-spec circular connector #020,Material,Aluminium alloy 7075 plate,6
Li-ion cell (21700) #014,Material,Copper foil,6
Li-ion cell (21700) #014,Material,Lithium chemicals,6
Li-ion cell (21700) #014,Material,Battery-grade graphite anode,6
Li-ion cell (21700) #014,Material,NMC cathode material,6
Multilayer PCB (bare board) #043,Material,FR-4 copper-clad laminate,6
Multilayer PCB (bare board) #043,Material,Copper foil,6
Battery management IC #001,Material,Mature-node die (>=28 nm),6
MIL-spec circular connector #004,Material,Beryllium-copper alloy,6
MIL-spec circular connector #004,Material,Aluminium alloy 7075 plate,6
MIL-spec circular connector #004,Material,PTFE fluoropolymer,6
Li-ion cell (21700) #003,Material,Lithium chemicals,6
Li-ion cell (21700) #003,Material,Copper foil,6
Li-ion cell (21700) #003,Material,Battery-grade graphite anode,6
Li-ion cell (21700) #003,Material,NMC cathode material,6
Thermal battery #013,Material,Thermal battery salts,6
MIL-spec circular connector #045,Material,PTFE fluoropolymer,6
MIL-spec circular connector #045,Material,Aluminium alloy 7075 plate,6
MIL-spec circular connector #045,Material,Beryllium-copper alloy,6
Thermal battery #015,Material,Thermal battery salts,6
MIL-spec circular connector #035,Material,Aluminium alloy 7075 plate,6
MIL-spec circular connector #035,Material,Beryllium-copper alloy,6
MIL-spec circular connector #035,Material,PTFE fluoropolymer,6
Thermal battery #004,Material,Thermal battery salts,6
MIL-spec circular connector #014,Material,PTFE fluoropolymer,6
MIL-spec circular connector #014,Material,Aluminium alloy 7075 plate,6
MIL-spec circular connector #014,Material,Beryllium-copper alloy,6
MLCC capacitor #017,Material,Barium titanate dielectric,6
MLCC capacitor #017,Material,Nickel (class 1),6
SiC power MOSFET #003,Material,Silicon carbide substrate,6
DC-DC converter module #027,Material,Mature-node die (>=28 nm),6
DC-DC converter module #027,Material,Copper magnet wire,6
Tantalum capacitor #005,Material,Tantalum powder (capacitor grade),6
MLCC capacitor #054,Material,Nickel (class 1),6
MLCC capacitor #054,Material,Barium titanate dielectric,6
Coaxial RF cable assembly #018,Material,Silver (refined),6
Coaxial RF cable assembly #018,Material,PTFE fluoropolymer,6
Coaxial RF cable assembly #018,Material,Copper magnet wire,6
Li-ion cell (21700) #002,Material,NMC cathode material,6
Li-ion cell (21700) #002,Material,Battery-grade graphite anode,6
Li-ion cell (21700) #002,Material,Lithium chemicals,6
Li-ion cell (21700) #002,Material,Copper foil,6
Multilayer PCB (bare board) #040,Material,Copper foil,6
Multilayer PCB (bare board) #040,Material,FR-4 copper-clad laminate,6
MIL-spec circular connector #001,Material,Beryllium-copper alloy,6
MIL-spec circular connector #001,Material,Aluminium alloy 7075 plate,6
MIL-spec circular connector #001,Material,PTFE fluoropolymer,6
MIL-spec circular connector #021,Material,PTFE fluoropolymer,6
MIL-spec circular connector #021,Material,Aluminium alloy 7075 plate,6
MIL-spec circular connector #021,Material,Beryllium-copper alloy,6
Li-ion cell (21700) #013,Material,NMC cathode material,6
Li-ion cell (21700) #013,Material,Battery-grade graphite anode,6
Li-ion cell (21700) #013,Material,Lithium chemicals,6
Li-ion cell (21700) #013,Material,Copper foil,6
Servo actuator #016,Material,Samarium-cobalt magnet,6
Servo actuator #016,Material,Copper magnet wire,6
Servo actuator #016,Material,Ti-6Al-4V mill product,6
Machined titanium bracket #037,Material,Ti-6Al-4V mill product,6
Microcontroller #035,Material,Mature-node die (>=28 nm),6
Precision bearing #026,Material,Forging-grade steel,6
Servo actuator #009,Material,Samarium-cobalt magnet,6
Servo actuator #009,Material,Copper magnet wire,6
Servo actuator #009,Material,Ti-6Al-4V mill product,6
Microcontroller #008,Material,Mature-node die (>=28 nm),6
Machined titanium bracket #016,Material,Ti-6Al-4V mill product,6
Servo actuator #022,Material,Samarium-cobalt magnet,6
Servo actuator #022,Material,Copper magnet wire,6
Servo actuator #022,Material,Ti-6Al-4V mill product,6
Machined titanium bracket #008,Material,Ti-6Al-4V mill product,6
Microcontroller #021,Material,Mature-node die (>=28 nm),6
MIL-spec circular connector #031,Material,Aluminium alloy 7075 plate,6
MIL-spec circular connector #031,Material,Beryllium-copper alloy,6
MIL-spec circular connector #031,Material,PTFE fluoropolymer,6
Memory IC #015,Material,Advanced-node logic die,6
Memory IC #005,Material,Advanced-node logic die,6
Microcontroller #013,Material,Mature-node die (>=28 nm),6
Thick-film resistor #021,Material,Alumina,6
Thick-film resistor #021,Material,Silver (refined),6
Thick-film resistor #010,Material,Silver (refined),6
Thick-film resistor #010,Material,Alumina,6
Solder paste #002,Material,SAC305 solder alloy,6
Multilayer PCB (bare board) #049,Material,Copper foil,6
Multilayer PCB (bare board) #049,Material,FR-4 copper-clad laminate,6
Thick-film resistor #034,Material,Silver (refined),6
Thick-film resistor #034,Material,Alumina,6
Memory IC #004,Material,Advanced-node logic die,6
Machined titanium bracket #032,Material,Ti-6Al-4V mill product,6
Precision bearing #018,Material,Forging-grade steel,6
Main charge (RDX/TNT fill) #007,Material,RDX / HMX,6
Main charge (RDX/TNT fill) #007,Material,TNT,6
Fuze electronics module #001,Material,Mature-node die (>=28 nm),6
Fuze electronics module #001,Material,Tantalum powder (capacitor grade),6
Percussion primer / tracer #003,Material,Antimony trisulfide,6
Percussion primer / tracer #003,Material,Lead azide / lead styphnate,6
Forged shell body #015,Material,Forging-grade steel,6
Single-base propellant charge #007,Material,Nitrocellulose,6
Memory IC #002,Material,Advanced-node logic die,6
FPGA (rad-tolerant) #013,Material,Advanced-node logic die,6
FPGA (rad-tolerant) #013,Material,FR-4 copper-clad laminate,6
Forged shell body #010,Material,Forging-grade steel,6
Fuze electronics module #018,Material,Mature-node die (>=28 nm),6
Fuze electronics module #018,Material,Tantalum powder (capacitor grade),6
Single-base propellant charge #005,Material,Nitrocellulose,6
Percussion primer / tracer #011,Material,Antimony trisulfide,6
Percussion primer / tracer #011,Material,Lead azide / lead styphnate,6
Main charge (RDX/TNT fill) #019,Material,TNT,6
Main charge (RDX/TNT fill) #019,Material,RDX / HMX,6
Precision bearing #016,Material,Forging-grade steel,6
Machined titanium bracket #015,Material,Ti-6Al-4V mill product,6
Servo actuator #025,Material,Samarium-cobalt magnet,6
Servo actuator #025,Material,Copper magnet wire,6
Servo actuator #025,Material,Ti-6Al-4V mill product,6
Machined titanium bracket #023,Material,Ti-6Al-4V mill product,6
Precision bearing #028,Material,Forging-grade steel,6
Servo actuator #017,Material,Samarium-cobalt magnet,6
Servo actuator #017,Material,Ti-6Al-4V mill product,6
Servo actuator #017,Material,Copper magnet wire,6
Microcontroller #011,Material,Mature-node die (>=28 nm),6
Machined titanium bracket #039,Material,Ti-6Al-4V mill product,6
Aluminium structural frame #038,Material,Aluminium alloy 7075 plate,6
Sapphire dome / window #020,Material,Sapphire window blank,6
Sapphire dome / window #012,Material,Sapphire window blank,6
Germanium IR lens #002,Material,Germanium optical blank,6
Forged shell body #004,Material,Forging-grade steel,6
Percussion primer / tracer #018,Material,Lead azide / lead styphnate,6
Percussion primer / tracer #018,Material,Antimony trisulfide,6
Main charge (RDX/TNT fill) #003,Material,TNT,6
Main charge (RDX/TNT fill) #003,Material,RDX / HMX,6
Fuze electronics module #009,Material,Mature-node die (>=28 nm),6
Fuze electronics module #009,Material,Tantalum powder (capacitor grade),6
Single-base propellant charge #011,Material,Nitrocellulose,6
Fuze electronics module #006,Material,Tantalum powder (capacitor grade),6
Fuze electronics module #006,Material,Mature-node die (>=28 nm),6
Forged shell body #012,Material,Forging-grade steel,6
Main charge (RDX/TNT fill) #011,Material,TNT,6
Main charge (RDX/TNT fill) #011,Material,RDX / HMX,6
Fuze electronics module #003,Material,Mature-node die (>=28 nm),6
Fuze electronics module #003,Material,Tantalum powder (capacitor grade),6
Forged shell body #002,Material,Forging-grade steel,6
Microcontroller #005,Material,Mature-node die (>=28 nm),6
Machined titanium bracket #005,Material,Ti-6Al-4V mill product,6
Servo actuator #013,Material,Copper magnet wire,6
Servo actuator #013,Material,Samarium-cobalt magnet,6
Servo actuator #013,Material,Ti-6Al-4V mill product,6
Machined titanium bracket #002,Material,Ti-6Al-4V mill product,6
Microcontroller #023,Material,Mature-node die (>=28 nm),6
Machined titanium bracket #036,Material,Ti-6Al-4V mill product,6
Precision bearing #003,Material,Forging-grade steel,6
Microcontroller #036,Material,Mature-node die (>=28 nm),6
Machined titanium bracket #013,Material,Ti-6Al-4V mill product,6
Servo actuator #011,Material,Copper magnet wire,6
Servo actuator #011,Material,Samarium-cobalt magnet,6
Servo actuator #011,Material,Ti-6Al-4V mill product,6
Machined titanium bracket #034,Material,Ti-6Al-4V mill product,6
Precision bearing #023,Material,Forging-grade steel,6
Microcontroller #030,Material,Mature-node die (>=28 nm),6
Servo actuator #023,Material,Samarium-cobalt magnet,6
Servo actuator #023,Material,Copper magnet wire,6
Servo actuator #023,Material,Ti-6Al-4V mill product,6
Precision bearing #015,Material,Forging-grade steel,6
Machined titanium bracket #003,Material,Ti-6Al-4V mill product,6
Machined titanium bracket #024,Material,Ti-6Al-4V mill product,6
Main charge (RDX/TNT fill) #001,Material,TNT,6
Main charge (RDX/TNT fill) #001,Material,RDX / HMX,6
Forged shell body #005,Material,Forging-grade steel,6
Fuze electronics module #014,Material,Tantalum powder (capacitor grade),6
Fuze electronics module #014,Material,Mature-node die (>=28 nm),6
Percussion primer / tracer #009,Material,Lead azide / lead styphnate,6
Percussion primer / tracer #009,Material,Antimony trisulfide,6
Single-base propellant charge #016,Material,Nitrocellulose,6
Quartz crystal oscillator #002,Mineral,Quartz (silica),6
Patch antenna element #018,Material,PTFE fluoropolymer,6
Patch antenna element #018,Material,Copper foil,6
GNSS receiver chip #002,Material,Mature-node die (>=28 nm),6
RF filter (SAW/BAW) #020,Material,Tantalum powder (capacitor grade),6
RF filter (SAW/BAW) #020,Material,Lithium chemicals,6
GNSS receiver chip #005,Material,Mature-node die (>=28 nm),6
GNSS receiver chip #012,Material,Mature-node die (>=28 nm),6
Patch antenna element #022,Material,PTFE fluoropolymer,6
Patch antenna element #022,Material,Copper foil,6
RF filter (SAW/BAW) #004,Material,Tantalum powder (capacitor grade),6
RF filter (SAW/BAW) #004,Material,Lithium chemicals,6
GaN power amplifier MMIC #021,Material,GaN-on-SiC epitaxial wafer,6
GaAs low-noise amplifier MMIC #013,Material,GaAs substrate wafer,6
RF filter (SAW/BAW) #028,Material,Lithium chemicals,6
RF filter (SAW/BAW) #028,Material,Tantalum powder (capacitor grade),6
MLCC capacitor #025,Material,Barium titanate dielectric,6
MLCC capacitor #025,Material,Nickel (class 1),6
Coaxial RF cable assembly #011,Material,Copper magnet wire,6
Coaxial RF cable assembly #011,Material,PTFE fluoropolymer,6
Coaxial RF cable assembly #011,Material,Silver (refined),6
Multilayer PCB (bare board) #037,Material,Copper foil,6
Multilayer PCB (bare board) #037,Material,FR-4 copper-clad laminate,6
Patch antenna element #001,Material,PTFE fluoropolymer,6
Patch antenna element #001,Material,Copper foil,6
MLCC capacitor #038,Material,Barium titanate dielectric,6
MLCC capacitor #038,Material,Nickel (class 1),6
Coaxial RF cable assembly #002,Material,Copper magnet wire,6
Coaxial RF cable assembly #002,Material,PTFE fluoropolymer,6
Coaxial RF cable assembly #002,Material,Silver (refined),6
MIL-spec circular connector #024,Material,Beryllium-copper alloy,6
MIL-spec circular connector #024,Material,Aluminium alloy 7075 plate,6
MIL-spec circular connector #024,Material,PTFE fluoropolymer,6
Tantalum capacitor #023,Material,Tantalum powder (capacitor grade),6
Solder paste #006,Material,SAC305 solder alloy,6
DC-DC converter module #028,Material,Copper magnet wire,6
DC-DC converter module #028,Material,Mature-node die (>=28 nm),6
Memory IC #011,Material,Advanced-node logic die,6
DC-DC converter module #001,Material,Mature-node die (>=28 nm),6
DC-DC converter module #001,Material,Copper magnet wire,6
MLCC capacitor #015,Material,Barium titanate dielectric,6
MLCC capacitor #015,Material,Nickel (class 1),6
Memory IC #013,Material,Advanced-node logic die,6
Memory IC #010,Material,Advanced-node logic die,6
MLCC capacitor #042,Material,Barium titanate dielectric,6
MLCC capacitor #042,Material,Nickel (class 1),6
FPGA (rad-tolerant) #007,Material,Advanced-node logic die,6
FPGA (rad-tolerant) #007,Material,FR-4 copper-clad laminate,6
Tantalum capacitor #003,Material,Tantalum powder (capacitor grade),6
Patch antenna element #006,Material,PTFE fluoropolymer,6
Patch antenna element #006,Material,Copper foil,6
GaN power amplifier MMIC #013,Material,GaN-on-SiC epitaxial wafer,6
MLCC capacitor #039,Material,Nickel (class 1),6
MLCC capacitor #039,Material,Barium titanate dielectric,6
GaAs low-noise amplifier MMIC #006,Material,GaAs substrate wafer,6
Patch antenna element #026,Material,Copper foil,6
Patch antenna element #026,Material,PTFE fluoropolymer,6
Quartz crystal oscillator #009,Mineral,Quartz (silica),6
RF filter (SAW/BAW) #008,Material,Lithium chemicals,6
RF filter (SAW/BAW) #008,Material,Tantalum powder (capacitor grade),6
Multilayer PCB (bare board) #007,Material,FR-4 copper-clad laminate,6
Multilayer PCB (bare board) #007,Material,Copper foil,6
GNSS receiver chip #011,Material,Mature-node die (>=28 nm),6
GNSS receiver chip #019,Material,Mature-node die (>=28 nm),6
Patch antenna element #012,Material,Copper foil,6
Patch antenna element #012,Material,PTFE fluoropolymer,6
Quartz crystal oscillator #007,Mineral,Quartz (silica),6
Multilayer PCB (bare board) #002,Material,Copper foil,6
Multilayer PCB (bare board) #002,Material,FR-4 copper-clad laminate,6
RF filter (SAW/BAW) #015,Material,Tantalum powder (capacitor grade),6
RF filter (SAW/BAW) #015,Material,Lithium chemicals,6
Patch antenna element #014,Material,Copper foil,6
Patch antenna element #014,Material,PTFE fluoropolymer,6
RF filter (SAW/BAW) #012,Material,Lithium chemicals,6
RF filter (SAW/BAW) #012,Material,Tantalum powder (capacitor grade),6
Quartz crystal oscillator #003,Mineral,Quartz (silica),6
GNSS receiver chip #001,Material,Mature-node die (>=28 nm),6
RF filter (SAW/BAW) #022,Material,Tantalum powder (capacitor grade),6
RF filter (SAW/BAW) #022,Material,Lithium chemicals,6
MLCC capacitor #028,Material,Barium titanate dielectric,6
MLCC capacitor #028,Material,Nickel (class 1),6
Coaxial RF cable assembly #021,Material,Copper magnet wire,6
Coaxial RF cable assembly #021,Material,PTFE fluoropolymer,6
Coaxial RF cable assembly #021,Material,Silver (refined),6
RF filter (SAW/BAW) #007,Material,Tantalum powder (capacitor grade),6
RF filter (SAW/BAW) #007,Material,Lithium chemicals,6
Patch antenna element #005,Material,Copper foil,6
Patch antenna element #005,Material,PTFE fluoropolymer,6
MLCC capacitor #002,Material,Nickel (class 1),6
MLCC capacitor #002,Material,Barium titanate dielectric,6
GaAs low-noise amplifier MMIC #018,Material,GaAs substrate wafer,6
MLCC capacitor #024,Material,Barium titanate dielectric,6
MLCC capacitor #024,Material,Nickel (class 1),6
GNSS receiver chip #020,Material,Mature-node die (>=28 nm),6
Quartz crystal oscillator #012,Mineral,Quartz (silica),6
Multilayer PCB (bare board) #004,Material,FR-4 copper-clad laminate,6
Multilayer PCB (bare board) #004,Material,Copper foil,6
Multilayer PCB (bare board) #032,Material,Copper foil,6
Multilayer PCB (bare board) #032,Material,FR-4 copper-clad laminate,6
Patch antenna element #025,Material,PTFE fluoropolymer,6
Patch antenna element #025,Material,Copper foil,6
Quartz crystal oscillator #005,Mineral,Quartz (silica),6
RF filter (SAW/BAW) #013,Material,Lithium chemicals,6
RF filter (SAW/BAW) #013,Material,Tantalum powder (capacitor grade),6
GaN power amplifier MMIC #019,Material,GaN-on-SiC epitaxial wafer,6
Patch antenna element #017,Material,Copper foil,6
Patch antenna element #017,Material,PTFE fluoropolymer,6
RF filter (SAW/BAW) #014,Material,Tantalum powder (capacitor grade),6
RF filter (SAW/BAW) #014,Material,Lithium chemicals,6
GaAs low-noise amplifier MMIC #005,Material,GaAs substrate wafer,6
GaN power amplifier MMIC #028,Material,GaN-on-SiC epitaxial wafer,6
Coaxial RF cable assembly #017,Material,Silver (refined),6
Coaxial RF cable assembly #017,Material,Copper magnet wire,6
Coaxial RF cable assembly #017,Material,PTFE fluoropolymer,6
RF filter (SAW/BAW) #003,Material,Lithium chemicals,6
RF filter (SAW/BAW) #003,Material,Tantalum powder (capacitor grade),6
GaAs low-noise amplifier MMIC #024,Material,GaAs substrate wafer,6
Patch antenna element #024,Material,PTFE fluoropolymer,6
Patch antenna element #024,Material,Copper foil,6
Multilayer PCB (bare board) #024,Material,Copper foil,6
Multilayer PCB (bare board) #024,Material,FR-4 copper-clad laminate,6
Li-ion cell (21700) #007,Material,Battery-grade graphite anode,6
Li-ion cell (21700) #007,Material,Lithium chemicals,6
Li-ion cell (21700) #007,Material,Copper foil,6
Li-ion cell (21700) #007,Material,NMC cathode material,6
DC-DC converter module #021,Material,Mature-node die (>=28 nm),6
DC-DC converter module #021,Material,Copper magnet wire,6
Coaxial RF cable assembly #015,Material,PTFE fluoropolymer,6
Coaxial RF cable assembly #015,Material,Copper magnet wire,6
Coaxial RF cable assembly #015,Material,Silver (refined),6
Tantalum capacitor #006,Material,Tantalum powder (capacitor grade),6
Tantalum capacitor #012,Material,Tantalum powder (capacitor grade),6
DC-DC converter module #019,Material,Copper magnet wire,6
DC-DC converter module #019,Material,Mature-node die (>=28 nm),6
Coaxial RF cable assembly #001,Material,Copper magnet wire,6
Coaxial RF cable assembly #001,Material,PTFE fluoropolymer,6
Coaxial RF cable assembly #001,Material,Silver (refined),6
SiC power MOSFET #009,Material,Silicon carbide substrate,6
Coaxial RF cable assembly #016,Material,Copper magnet wire,6
Coaxial RF cable assembly #016,Material,PTFE fluoropolymer,6
Coaxial RF cable assembly #016,Material,Silver (refined),6
Multilayer PCB (bare board) #005,Material,Copper foil,6
Multilayer PCB (bare board) #005,Material,FR-4 copper-clad laminate,6
MLCC capacitor #027,Material,Barium titanate dielectric,6
MLCC capacitor #027,Material,Nickel (class 1),6
Tantalum capacitor #019,Material,Tantalum powder (capacitor grade),6
SiC power MOSFET #013,Material,Silicon carbide substrate,6
MLCC capacitor #001,Material,Nickel (class 1),6
MLCC capacitor #001,Material,Barium titanate dielectric,6
Fluoroelastomer seal kit #010,Material,PTFE fluoropolymer,6
Machined titanium bracket #031,Material,Ti-6Al-4V mill product,6
Titanium fastener kit #003,Material,Ti-6Al-4V mill product,6
Carbon-fiber airframe panel #015,Material,Epoxy resin,6
Carbon-fiber airframe panel #015,Material,Carbon fiber (PAN-based),6
Machined titanium bracket #020,Material,Ti-6Al-4V mill product,6
Carbon-fiber airframe panel #029,Material,Carbon fiber (PAN-based),6
Carbon-fiber airframe panel #029,Material,Epoxy resin,6
Titanium fastener kit #004,Material,Ti-6Al-4V mill product,6
Carbon-fiber airframe panel #027,Material,Carbon fiber (PAN-based),6
Carbon-fiber airframe panel #027,Material,Epoxy resin,6
Aluminium structural frame #023,Material,Aluminium alloy 7075 plate,6
Machined titanium bracket #022,Material,Ti-6Al-4V mill product,6
Fluoroelastomer seal kit #027,Material,PTFE fluoropolymer,6
Carbon-fiber airframe panel #017,Material,Epoxy resin,6
Carbon-fiber airframe panel #017,Material,Carbon fiber (PAN-based),6
Titanium fastener kit #005,Material,Ti-6Al-4V mill product,6
Glass-composite radome #004,Material,Epoxy resin,6
Glass-composite radome #004,Material,E-glass fiber,6
Glass-composite radome #003,Material,E-glass fiber,6
Glass-composite radome #003,Material,Epoxy resin,6
Glass-composite radome #008,Material,E-glass fiber,6
Glass-composite radome #008,Material,Epoxy resin,6
Glass-composite radome #019,Material,E-glass fiber,6
Glass-composite radome #019,Material,Epoxy resin,6
Servo actuator #007,Material,Samarium-cobalt magnet,6
Servo actuator #007,Material,Ti-6Al-4V mill product,6
Servo actuator #007,Material,Copper magnet wire,6
Microcontroller #028,Material,Mature-node die (>=28 nm),6
Machined titanium bracket #029,Material,Ti-6Al-4V mill product,6
Machined titanium bracket #007,Material,Ti-6Al-4V mill product,6
Titanium fastener kit #027,Material,Ti-6Al-4V mill product,6
Glass-composite radome #009,Material,E-glass fiber,6
Glass-composite radome #009,Material,Epoxy resin,6
Glass-composite radome #011,Material,Epoxy resin,6
Glass-composite radome #011,Material,E-glass fiber,6
Titanium fastener kit #029,Material,Ti-6Al-4V mill product,6
Glass-composite radome #020,Material,E-glass fiber,6
Glass-composite radome #020,Material,Epoxy resin,6
Titanium fastener kit #012,Material,Ti-6Al-4V mill product,6
Titanium fastener kit #015,Material,Ti-6Al-4V mill product,6
Glass-composite radome #007,Material,E-glass fiber,6
Glass-composite radome #007,Material,Epoxy resin,6
Titanium fastener kit #026,Material,Ti-6Al-4V mill product,6
Glass-composite radome #016,Material,Epoxy resin,6
Glass-composite radome #016,Material,E-glass fiber,6
Glass-composite radome #012,Material,Epoxy resin,6
Glass-composite radome #012,Material,E-glass fiber,6
Glass-composite radome #006,Material,E-glass fiber,6
Glass-composite radome #006,Material,Epoxy resin,6
Servo actuator #026,Material,Ti-6Al-4V mill product,6
Servo actuator #026,Material,Copper magnet wire,6
Servo actuator #026,Material,Samarium-cobalt magnet,6
Machined titanium bracket #030,Material,Ti-6Al-4V mill product,6
Machined titanium bracket #027,Material,Ti-6Al-4V mill product,6
Servo actuator #027,Material,Ti-6Al-4V mill product,6
Servo actuator #027,Material,Samarium-cobalt magnet,6
Servo actuator #027,Material,Copper magnet wire,6
Glass-composite radome #017,Material,E-glass fiber,6
Glass-composite radome #017,Material,Epoxy resin,6
Quartz crystal oscillator #015,Mineral,Quartz (silica),6
GaN power amplifier MMIC #003,Material,GaN-on-SiC epitaxial wafer,6
Coaxial RF cable assembly #008,Material,Silver (refined),6
Coaxial RF cable assembly #008,Material,PTFE fluoropolymer,6
Coaxial RF cable assembly #008,Material,Copper magnet wire,6
GaAs low-noise amplifier MMIC #028,Material,GaAs substrate wafer,6
Patch antenna element #016,Material,Copper foil,6
Patch antenna element #016,Material,PTFE fluoropolymer,6
MLCC capacitor #019,Material,Nickel (class 1),6
MLCC capacitor #019,Material,Barium titanate dielectric,6
Multilayer PCB (bare board) #044,Material,Copper foil,6
Multilayer PCB (bare board) #044,Material,FR-4 copper-clad laminate,6
Quartz crystal oscillator #022,Mineral,Quartz (silica),6
RF filter (SAW/BAW) #019,Material,Lithium chemicals,6
RF filter (SAW/BAW) #019,Material,Tantalum powder (capacitor grade),6
GaAs low-noise amplifier MMIC #019,Material,GaAs substrate wafer,6
Coaxial RF cable assembly #006,Material,Copper magnet wire,6
Coaxial RF cable assembly #006,Material,PTFE fluoropolymer,6
Coaxial RF cable assembly #006,Material,Silver (refined),6
MLCC capacitor #049,Material,Barium titanate dielectric,6
MLCC capacitor #049,Material,Nickel (class 1),6
Patch antenna element #013,Material,Copper foil,6
Patch antenna element #013,Material,PTFE fluoropolymer,6
RF filter (SAW/BAW) #017,Material,Lithium chemicals,6
RF filter (SAW/BAW) #017,Material,Tantalum powder (capacitor grade),6
MLCC capacitor #046,Material,Barium titanate dielectric,6
MLCC capacitor #046,Material,Nickel (class 1),6
Coaxial RF cable assembly #010,Material,Copper magnet wire,6
Coaxial RF cable assembly #010,Material,PTFE fluoropolymer,6
Coaxial RF cable assembly #010,Material,Silver (refined),6
RF filter (SAW/BAW) #011,Material,Tantalum powder (capacitor grade),6
RF filter (SAW/BAW) #011,Material,Lithium chemicals,6
Multilayer PCB (bare board) #054,Material,FR-4 copper-clad laminate,6
Multilayer PCB (bare board) #054,Material,Copper foil,6
Quartz crystal oscillator #019,Mineral,Quartz (silica),6
MLCC capacitor #032,Material,Barium titanate dielectric,6
MLCC capacitor #032,Material,Nickel (class 1),6
MIL-spec circular connector #026,Material,Beryllium-copper alloy,6
MIL-spec circular connector #026,Material,Aluminium alloy 7075 plate,6
MIL-spec circular connector #026,Material,PTFE fluoropolymer,6
FPGA (rad-tolerant) #011,Material,FR-4 copper-clad laminate,6
FPGA (rad-tolerant) #011,Material,Advanced-node logic die,6
Thick-film resistor #022,Material,Silver (refined),6
Thick-film resistor #022,Material,Alumina,6
Coaxial RF cable assembly #013,Material,Silver (refined),6
Coaxial RF cable assembly #013,Material,PTFE fluoropolymer,6
Coaxial RF cable assembly #013,Material,Copper magnet wire,6
GaN power amplifier MMIC #004,Material,GaN-on-SiC epitaxial wafer,6
RF filter (SAW/BAW) #016,Material,Tantalum powder (capacitor grade),6
RF filter (SAW/BAW) #016,Material,Lithium chemicals,6
RF filter (SAW/BAW) #023,Material,Tantalum powder (capacitor grade),6
RF filter (SAW/BAW) #023,Material,Lithium chemicals,6
GNSS receiver chip #004,Material,Mature-node die (>=28 nm),6
MIL-spec circular connector #034,Material,Beryllium-copper alloy,6
MIL-spec circular connector #034,Material,Aluminium alloy 7075 plate,6
MIL-spec circular connector #034,Material,PTFE fluoropolymer,6
Multilayer PCB (bare board) #046,Material,Copper foil,6
Multilayer PCB (bare board) #046,Material,FR-4 copper-clad laminate,6
DC-DC converter module #009,Material,Mature-node die (>=28 nm),6
DC-DC converter module #009,Material,Copper magnet wire,6
MIL-spec circular connector #017,Material,PTFE fluoropolymer,6
MIL-spec circular connector #017,Material,Aluminium alloy 7075 plate,6
MIL-spec circular connector #017,Material,Beryllium-copper alloy,6
Small turbojet core #003,Material,Ti-6Al-4V mill product,6
Small turbojet core #003,Material,Inconel 718 (Ni superalloy),6
Superalloy turbine blade #008,Material,Inconel 718 (Ni superalloy),6
Small turbojet core #001,Material,Ti-6Al-4V mill product,6
Small turbojet core #001,Material,Inconel 718 (Ni superalloy),6
Superalloy turbine blade #009,Material,Inconel 718 (Ni superalloy),6
Microcontroller #026,Material,Mature-node die (>=28 nm),6
MLCC capacitor #020,Material,Nickel (class 1),6
MLCC capacitor #020,Material,Barium titanate dielectric,6
Memory IC #009,Material,Advanced-node logic die,6
DC-DC converter module #022,Material,Mature-node die (>=28 nm),6
DC-DC converter module #022,Material,Copper magnet wire,6
Thick-film resistor #003,Material,Silver (refined),6
Thick-film resistor #003,Material,Alumina,6
MIL-spec circular connector #022,Material,PTFE fluoropolymer,6
MIL-spec circular connector #022,Material,Aluminium alloy 7075 plate,6
MIL-spec circular connector #022,Material,Beryllium-copper alloy,6
FPGA (rad-tolerant) #020,Material,FR-4 copper-clad laminate,6
FPGA (rad-tolerant) #020,Material,Advanced-node logic die,6
Fluoroelastomer seal kit #003,Material,PTFE fluoropolymer,6
Carbon-fiber airframe panel #010,Material,Epoxy resin,6
Carbon-fiber airframe panel #010,Material,Carbon fiber (PAN-based),6
Aluminium structural frame #021,Material,Aluminium alloy 7075 plate,6
Titanium fastener kit #022,Material,Ti-6Al-4V mill product,6
Aluminium structural frame #006,Material,Aluminium alloy 7075 plate,6
Carbon-fiber airframe panel #025,Material,Epoxy resin,6
Carbon-fiber airframe panel #025,Material,Carbon fiber (PAN-based),6
Small turbojet core #008,Material,Inconel 718 (Ni superalloy),6
Small turbojet core #008,Material,Ti-6Al-4V mill product,6
Superalloy turbine blade #003,Material,Inconel 718 (Ni superalloy),6
Superalloy turbine blade #019,Material,Inconel 718 (Ni superalloy),6
Superalloy turbine blade #006,Material,Inconel 718 (Ni superalloy),6
Small turbojet core #006,Material,Inconel 718 (Ni superalloy),6
Small turbojet core #006,Material,Ti-6Al-4V mill product,6
Superalloy turbine blade #016,Material,Inconel 718 (Ni superalloy),6
Titanium fastener kit #006,Material,Ti-6Al-4V mill product,6
Fluoroelastomer seal kit #015,Material,PTFE fluoropolymer,6
Aluminium structural frame #004,Material,Aluminium alloy 7075 plate,6
Carbon-fiber airframe panel #023,Material,Carbon fiber (PAN-based),6
Carbon-fiber airframe panel #023,Material,Epoxy resin,6
Titanium fastener kit #020,Material,Ti-6Al-4V mill product,6
Aluminium structural frame #035,Material,Aluminium alloy 7075 plate,6
RF filter (SAW/BAW) #009,Material,Lithium chemicals,6
RF filter (SAW/BAW) #009,Material,Tantalum powder (capacitor grade),6
Quartz crystal oscillator #011,Mineral,Quartz (silica),6
GNSS receiver chip #013,Material,Mature-node die (>=28 nm),6
Patch antenna element #028,Material,PTFE fluoropolymer,6
Patch antenna element #028,Material,Copper foil,6
RF filter (SAW/BAW) #024,Material,Lithium chemicals,6
RF filter (SAW/BAW) #024,Material,Tantalum powder (capacitor grade),6
MIL-spec circular connector #027,Material,Beryllium-copper alloy,6
MIL-spec circular connector #027,Material,Aluminium alloy 7075 plate,6
MIL-spec circular connector #027,Material,PTFE fluoropolymer,6
Solder paste #005,Material,SAC305 solder alloy,6
Tantalum capacitor #021,Material,Tantalum powder (capacitor grade),6
Multilayer PCB (bare board) #008,Material,FR-4 copper-clad laminate,6
Multilayer PCB (bare board) #008,Material,Copper foil,6
Quartz crystal oscillator #006,Mineral,Quartz (silica),6
MEMS gyroscope #007,Material,Silicon wafer (300 mm),6
MEMS gyroscope #007,Material,Mature-node die (>=28 nm),6
Fiber-optic gyro coil #015,Material,Optical fiber preform,6
Solder paste #001,Material,SAC305 solder alloy,6
Multilayer PCB (bare board) #035,Material,FR-4 copper-clad laminate,6
Multilayer PCB (bare board) #035,Material,Copper foil,6
MIL-spec circular connector #033,Material,PTFE fluoropolymer,6
MIL-spec circular connector #033,Material,Aluminium alloy 7075 plate,6
MIL-spec circular connector #033,Material,Beryllium-copper alloy,6
Multilayer PCB (bare board) #019,Material,FR-4 copper-clad laminate,6
Multilayer PCB (bare board) #019,Material,Copper foil,6
Quartz crystal oscillator #030,Mineral,Quartz (silica),6
MEMS gyroscope #004,Material,Silicon wafer (300 mm),6
MEMS gyroscope #004,Material,Mature-node die (>=28 nm),6
Multilayer PCB (bare board) #029,Material,FR-4 copper-clad laminate,6
Multilayer PCB (bare board) #029,Material,Copper foil,6
Quartz crystal oscillator #018,Mineral,Quartz (silica),6
MEMS gyroscope #014,Material,Silicon wafer (300 mm),6
MEMS gyroscope #014,Material,Mature-node die (>=28 nm),6
Microcontroller #002,Material,Mature-node die (>=28 nm),6
DC-DC converter module #003,Material,Mature-node die (>=28 nm),6
DC-DC converter module #003,Material,Copper magnet wire,6
Quartz crystal oscillator #024,Mineral,Quartz (silica),6
RF filter (SAW/BAW) #021,Material,Lithium chemicals,6
RF filter (SAW/BAW) #021,Material,Tantalum powder (capacitor grade),6
GNSS receiver chip #007,Material,Mature-node die (>=28 nm),6
Quartz crystal oscillator #013,Mineral,Quartz (silica),6
RF filter (SAW/BAW) #026,Material,Lithium chemicals,6
RF filter (SAW/BAW) #026,Material,Tantalum powder (capacitor grade),6
GNSS receiver chip #014,Material,Mature-node die (>=28 nm),6
Thick-film resistor #037,Material,Silver (refined),6
Thick-film resistor #037,Material,Alumina,6
DC-DC converter module #020,Material,Mature-node die (>=28 nm),6
DC-DC converter module #020,Material,Copper magnet wire,6
Thick-film resistor #043,Material,Alumina,6
Thick-film resistor #043,Material,Silver (refined),6
Multilayer PCB (bare board) #056,Material,FR-4 copper-clad laminate,6
Multilayer PCB (bare board) #056,Material,Copper foil,6
MIL-spec circular connector #019,Material,PTFE fluoropolymer,6
MIL-spec circular connector #019,Material,Aluminium alloy 7075 plate,6
MIL-spec circular connector #019,Material,Beryllium-copper alloy,6
Fiber-optic gyro coil #003,Material,Optical fiber preform,6
MEMS gyroscope #002,Material,Mature-node die (>=28 nm),6
MEMS gyroscope #002,Material,Silicon wafer (300 mm),6
Fiber-optic gyro coil #012,Material,Optical fiber preform,6
Microcontroller #029,Material,Mature-node die (>=28 nm),6
Quartz crystal oscillator #004,Mineral,Quartz (silica),6
Fiber-optic gyro coil #001,Material,Optical fiber preform,6
Multilayer PCB (bare board) #011,Material,Copper foil,6
Multilayer PCB (bare board) #011,Material,FR-4 copper-clad laminate,6
Battery management IC #007,Material,Mature-node die (>=28 nm),6
Multilayer PCB (bare board) #038,Material,Copper foil,6
Multilayer PCB (bare board) #038,Material,FR-4 copper-clad laminate,6
DC-DC converter module #005,Material,Mature-node die (>=28 nm),6
DC-DC converter module #005,Material,Copper magnet wire,6
Tantalum capacitor #017,Material,Tantalum powder (capacitor grade),6
Thermal battery #010,Material,Thermal battery salts,6
Thermal battery #006,Material,Thermal battery salts,6
MIL-spec circular connector #036,Material,PTFE fluoropolymer,6
MIL-spec circular connector #036,Material,Aluminium alloy 7075 plate,6
MIL-spec circular connector #036,Material,Beryllium-copper alloy,6
Coaxial RF cable assembly #022,Material,Copper magnet wire,6
Coaxial RF cable assembly #022,Material,PTFE fluoropolymer,6
Coaxial RF cable assembly #022,Material,Silver (refined),6
MLCC capacitor #021,Material,Nickel (class 1),6
MLCC capacitor #021,Material,Barium titanate dielectric,6
SiC power MOSFET #014,Material,Silicon carbide substrate,6
Tantalum capacitor #030,Material,Tantalum powder (capacitor grade),6
SiC power MOSFET #002,Material,Silicon carbide substrate,6
DC-DC converter module #006,Material,Copper magnet wire,6
DC-DC converter module #006,Material,Mature-node die (>=28 nm),6
MLCC capacitor #007,Material,Nickel (class 1),6
MLCC capacitor #007,Material,Barium titanate dielectric,6
Multilayer PCB (bare board) #045,Material,Copper foil,6
Multilayer PCB (bare board) #045,Material,FR-4 copper-clad laminate,6
Li-ion cell (21700) #010,Material,NMC cathode material,6
Li-ion cell (21700) #010,Material,Battery-grade graphite anode,6
Li-ion cell (21700) #010,Material,Copper foil,6
Li-ion cell (21700) #010,Material,Lithium chemicals,6
DC-DC converter module #017,Material,Copper magnet wire,6
DC-DC converter module #017,Material,Mature-node die (>=28 nm),6
Thick-film resistor #040,Material,Alumina,6
Thick-film resistor #040,Material,Silver (refined),6
Tungsten preformed fragments #010,Material,Tungsten heavy alloy,6
Main charge (RDX/TNT fill) #009,Material,RDX / HMX,6
Main charge (RDX/TNT fill) #009,Material,TNT,6
Detonator #017,Material,Copper cathode,6
Detonator #017,Material,Lead azide / lead styphnate,6
Fuze electronics module #015,Material,Tantalum powder (capacitor grade),6
Fuze electronics module #015,Material,Mature-node die (>=28 nm),6
Tungsten preformed fragments #012,Material,Tungsten heavy alloy,6
Detonator #020,Material,Copper cathode,6
Detonator #020,Material,Lead azide / lead styphnate,6
Fuze electronics module #004,Material,Tantalum powder (capacitor grade),6
Fuze electronics module #004,Material,Mature-node die (>=28 nm),6
Detonator #015,Material,Copper cathode,6
Detonator #015,Material,Lead azide / lead styphnate,6
Tungsten preformed fragments #013,Material,Tungsten heavy alloy,6
Main charge (RDX/TNT fill) #004,Material,TNT,6
Main charge (RDX/TNT fill) #004,Material,RDX / HMX,6
Main charge (RDX/TNT fill) #012,Material,TNT,6
Main charge (RDX/TNT fill) #012,Material,RDX / HMX,6
Detonator #012,Material,Lead azide / lead styphnate,6
Detonator #012,Material,Copper cathode,6
Tungsten preformed fragments #003,Material,Tungsten heavy alloy,6
Thermal battery #005,Material,Thermal battery salts,6
MIL-spec circular connector #050,Material,PTFE fluoropolymer,6
MIL-spec circular connector #050,Material,Aluminium alloy 7075 plate,6
MIL-spec circular connector #050,Material,Beryllium-copper alloy,6
Thermal battery #014,Material,Thermal battery salts,6
MIL-spec circular connector #046,Material,Beryllium-copper alloy,6
MIL-spec circular connector #046,Material,Aluminium alloy 7075 plate,6
MIL-spec circular connector #046,Material,PTFE fluoropolymer,6
Thermal battery #009,Material,Thermal battery salts,6
MIL-spec circular connector #003,Material,Beryllium-copper alloy,6
MIL-spec circular connector #003,Material,Aluminium alloy 7075 plate,6
MIL-spec circular connector #003,Material,PTFE fluoropolymer,6
Detonator #006,Material,Lead azide / lead styphnate,6
Detonator #006,Material,Copper cathode,6
Main charge (RDX/TNT fill) #018,Material,TNT,6
Main charge (RDX/TNT fill) #018,Material,RDX / HMX,6
Tungsten preformed fragments #004,Material,Tungsten heavy alloy,6
Thermal battery #002,Material,Thermal battery salts,6
Thermal battery #008,Material,Thermal battery salts,6
Main charge (RDX/TNT fill) #017,Material,TNT,6
Main charge (RDX/TNT fill) #017,Material,RDX / HMX,6
Fuze electronics module #010,Material,Mature-node die (>=28 nm),6
Fuze electronics module #010,Material,Tantalum powder (capacitor grade),6
Tungsten preformed fragments #014,Material,Tungsten heavy alloy,6
Detonator #014,Material,Lead azide / lead styphnate,6
Detonator #014,Material,Copper cathode,6
Fuze electronics module #008,Material,Mature-node die (>=28 nm),6
Fuze electronics module #008,Material,Tantalum powder (capacitor grade),6
Main charge (RDX/TNT fill) #013,Material,TNT,6
Main charge (RDX/TNT fill) #013,Material,RDX / HMX,6
Main charge (RDX/TNT fill) #014,Material,TNT,6
Main charge (RDX/TNT fill) #014,Material,RDX / HMX,6
Detonator #005,Material,Lead azide / lead styphnate,6
Detonator #005,Material,Copper cathode,6
MIL-spec circular connector #013,Material,Beryllium-copper alloy,6
MIL-spec circular connector #013,Material,Aluminium alloy 7075 plate,6
MIL-spec circular connector #013,Material,PTFE fluoropolymer,6
Thermal battery #012,Material,Thermal battery salts,6
Main charge (RDX/TNT fill) #002,Material,TNT,6
Main charge (RDX/TNT fill) #002,Material,RDX / HMX,6
Detonator #011,Material,Copper cathode,6
Detonator #011,Material,Lead azide / lead styphnate,6
Fuze electronics module #005,Material,Mature-node die (>=28 nm),6
Fuze electronics module #005,Material,Tantalum powder (capacitor grade),6
Tungsten preformed fragments #015,Material,Tungsten heavy alloy,6
Tungsten preformed fragments #001,Material,Tungsten heavy alloy,6
Aluminium structural frame #016,Material,Aluminium alloy 7075 plate,6
Uncooled microbolometer #007,Material,Silicon wafer (300 mm),6
Uncooled microbolometer #007,Material,Vanadium oxide thin film,6
Laser diode (GaAs) #007,Material,GaAs substrate wafer,6
DC-DC converter module #026,Material,Mature-node die (>=28 nm),6
DC-DC converter module #026,Material,Copper magnet wire,6
Laser diode (GaAs) #013,Material,GaAs substrate wafer,6
Laser diode (GaAs) #001,Material,GaAs substrate wafer,6
Germanium IR lens #022,Material,Germanium optical blank,6
Uncooled microbolometer #013,Material,Silicon wafer (300 mm),6
Uncooled microbolometer #013,Material,Vanadium oxide thin film,6
Aluminium structural frame #031,Material,Aluminium alloy 7075 plate,6
InSb IR focal-plane array #015,Material,Advanced-node logic die,6
InSb IR focal-plane array #015,Material,Indium antimonide wafer,6
Sapphire dome / window #014,Material,Sapphire window blank,6
Uncooled microbolometer #012,Material,Silicon wafer (300 mm),6
Uncooled microbolometer #012,Material,Vanadium oxide thin film,6
InSb IR focal-plane array #012,Material,Indium antimonide wafer,6
InSb IR focal-plane array #012,Material,Advanced-node logic die,6
Microcontroller #022,Material,Mature-node die (>=28 nm),6
Thick-film resistor #031,Material,Alumina,6
Thick-film resistor #031,Material,Silver (refined),6
Aluminium structural frame #036,Material,Aluminium alloy 7075 plate,6
Fluoroelastomer seal kit #011,Material,PTFE fluoropolymer,6
Servo actuator #004,Material,Samarium-cobalt magnet,6
Servo actuator #004,Material,Copper magnet wire,6
Servo actuator #004,Material,Ti-6Al-4V mill product,6
Microcontroller #034,Material,Mature-node die (>=28 nm),6
Precision bearing #024,Material,Forging-grade steel,6
Aluminium structural frame #037,Material,Aluminium alloy 7075 plate,6
Fluoroelastomer seal kit #007,Material,PTFE fluoropolymer,6
Carbon-fiber airframe panel #001,Material,Epoxy resin,6
Carbon-fiber airframe panel #001,Material,Carbon fiber (PAN-based),6
Nozzle throat insert #003,Material,Tungsten heavy alloy,6
Nozzle throat insert #003,Material,Carbon fiber (PAN-based),6
Filament-wound motor case #008,Material,Carbon fiber (PAN-based),6
Filament-wound motor case #008,Material,Epoxy resin,6
Composite propellant grain #001,Material,Ammonium perchlorate,6
Composite propellant grain #001,Material,Aluminium powder (atomized),6
Composite propellant grain #001,Material,HTPB binder,6
Composite propellant grain #005,Material,Aluminium powder (atomized),6
Composite propellant grain #005,Material,HTPB binder,6
Composite propellant grain #005,Material,Ammonium perchlorate,6
Filament-wound motor case #014,Material,Epoxy resin,6
Filament-wound motor case #014,Material,Carbon fiber (PAN-based),6
Igniter (BKNO3) #008,Material,Boron (refined),6
Igniter (BKNO3) #008,Material,Lead azide / lead styphnate,6
Composite propellant grain #017,Material,Aluminium powder (atomized),6
Composite propellant grain #017,Material,HTPB binder,6
Composite propellant grain #017,Material,Ammonium perchlorate,6
Igniter (BKNO3) #011,Material,Lead azide / lead styphnate,6
Igniter (BKNO3) #011,Material,Boron (refined),6
Nozzle throat insert #009,Material,Tungsten heavy alloy,6
Nozzle throat insert #009,Material,Carbon fiber (PAN-based),6
Filament-wound motor case #011,Material,Carbon fiber (PAN-based),6
Filament-wound motor case #011,Material,Epoxy resin,6
Nozzle throat insert #013,Material,Tungsten heavy alloy,6
Nozzle throat insert #013,Material,Carbon fiber (PAN-based),6
Titanium fastener kit #002,Material,Ti-6Al-4V mill product,6
Filament-wound motor case #001,Material,Carbon fiber (PAN-based),6
Filament-wound motor case #001,Material,Epoxy resin,6
Igniter (BKNO3) #006,Material,Boron (refined),6
Igniter (BKNO3) #006,Material,Lead azide / lead styphnate,6
Nozzle throat insert #012,Material,Tungsten heavy alloy,6
Nozzle throat insert #012,Material,Carbon fiber (PAN-based),6
Igniter (BKNO3) #001,Material,Lead azide / lead styphnate,6
Igniter (BKNO3) #001,Material,Boron (refined),6
Composite propellant grain #004,Material,Ammonium perchlorate,6
Composite propellant grain #004,Material,Aluminium powder (atomized),6
Composite propellant grain #004,Material,HTPB binder,6
Filament-wound motor case #012,Material,Epoxy resin,6
Filament-wound motor case #012,Material,Carbon fiber (PAN-based),6
Igniter (BKNO3) #003,Material,Lead azide / lead styphnate,6
Igniter (BKNO3) #003,Material,Boron (refined),6
Composite propellant grain #016,Material,HTPB binder,6
Composite propellant grain #016,Material,Ammonium perchlorate,6
Composite propellant grain #016,Material,Aluminium powder (atomized),6
Filament-wound motor case #006,Material,Carbon fiber (PAN-based),6
Filament-wound motor case #006,Material,Epoxy resin,6
Composite propellant grain #009,Material,Ammonium perchlorate,6
Composite propellant grain #009,Material,HTPB binder,6
Composite propellant grain #009,Material,Aluminium powder (atomized),6
Nozzle throat insert #008,Material,Carbon fiber (PAN-based),6
Nozzle throat insert #008,Material,Tungsten heavy alloy,6
Igniter (BKNO3) #012,Material,Lead azide / lead styphnate,6
Igniter (BKNO3) #012,Material,Boron (refined),6
Machined titanium bracket #001,Material,Ti-6Al-4V mill product,6
Precision bearing #013,Material,Forging-grade steel,6
Machined titanium bracket #035,Material,Ti-6Al-4V mill product,6
Machined titanium bracket #004,Material,Ti-6Al-4V mill product,6
Carbon-fiber airframe panel #020,Material,Epoxy resin,6
Carbon-fiber airframe panel #020,Material,Carbon fiber (PAN-based),6
Aluminium structural frame #007,Material,Aluminium alloy 7075 plate,6
Fluoroelastomer seal kit #008,Material,PTFE fluoropolymer,6
Nozzle throat insert #015,Material,Carbon fiber (PAN-based),6
Nozzle throat insert #015,Material,Tungsten heavy alloy,6
Composite propellant grain #014,Material,Ammonium perchlorate,6
Composite propellant grain #014,Material,HTPB binder,6
Composite propellant grain #014,Material,Aluminium powder (atomized),6
Igniter (BKNO3) #007,Material,Boron (refined),6
Igniter (BKNO3) #007,Material,Lead azide / lead styphnate,6
Filament-wound motor case #009,Material,Carbon fiber (PAN-based),6
Filament-wound motor case #009,Material,Epoxy resin,6
Igniter (BKNO3) #009,Material,Lead azide / lead styphnate,6
Igniter (BKNO3) #009,Material,Boron (refined),6
Composite propellant grain #003,Material,Aluminium powder (atomized),6
Composite propellant grain #003,Material,HTPB binder,6
Composite propellant grain #003,Material,Ammonium perchlorate,6
Aluminium structural frame #022,Material,Aluminium alloy 7075 plate,6
Microcontroller #024,Material,Mature-node die (>=28 nm),6
Fluoroelastomer seal kit #022,Material,PTFE fluoropolymer,6
Carbon-fiber airframe panel #033,Material,Epoxy resin,6
Carbon-fiber airframe panel #033,Material,Carbon fiber (PAN-based),6
Titanium fastener kit #017,Material,Ti-6Al-4V mill product,6
Microcontroller #039,Material,Mature-node die (>=28 nm),6
Servo actuator #019,Material,Samarium-cobalt magnet,6
Servo actuator #019,Material,Copper magnet wire,6
Servo actuator #019,Material,Ti-6Al-4V mill product,6
Filament-wound motor case #013,Material,Carbon fiber (PAN-based),6
Filament-wound motor case #013,Material,Epoxy resin,6
Nozzle throat insert #002,Material,Tungsten heavy alloy,6
Nozzle throat insert #002,Material,Carbon fiber (PAN-based),6
Carbon-fiber airframe panel #038,Material,Carbon fiber (PAN-based),6
Carbon-fiber airframe panel #038,Material,Epoxy resin,6
Aluminium structural frame #029,Material,Aluminium alloy 7075 plate,6
Carbon-fiber airframe panel #026,Material,Epoxy resin,6
Carbon-fiber airframe panel #026,Material,Carbon fiber (PAN-based),6
Carbon-fiber airframe panel #018,Material,Epoxy resin,6
Carbon-fiber airframe panel #018,Material,Carbon fiber (PAN-based),6
Machined titanium bracket #019,Material,Ti-6Al-4V mill product,6
Aluminium structural frame #002,Material,Aluminium alloy 7075 plate,6
Fluoroelastomer seal kit #006,Material,PTFE fluoropolymer,6
Titanium fastener kit #019,Material,Ti-6Al-4V mill product,6
Carbon-fiber airframe panel #013,Material,Epoxy resin,6
Carbon-fiber airframe panel #013,Material,Carbon fiber (PAN-based),6
Glass-composite radome #005,Material,E-glass fiber,6
Glass-composite radome #005,Material,Epoxy resin,6
MLCC capacitor #056,Material,Nickel (class 1),6
MLCC capacitor #056,Material,Barium titanate dielectric,6
Thermal battery #007,Material,Thermal battery salts,6
Thermal battery #001,Material,Thermal battery salts,6
Fuze electronics module #011,Material,Tantalum powder (capacitor grade),6
Fuze electronics module #011,Material,Mature-node die (>=28 nm),6
Main charge (RDX/TNT fill) #006,Material,TNT,6
Main charge (RDX/TNT fill) #006,Material,RDX / HMX,6
Detonator #001,Material,Copper cathode,6
Detonator #001,Material,Lead azide / lead styphnate,6
Fuze electronics module #002,Material,Tantalum powder (capacitor grade),6
Fuze electronics module #002,Material,Mature-node die (>=28 nm),6
Thick-film resistor #042,Material,Alumina,6
Thick-film resistor #042,Material,Silver (refined),6
MIL-spec circular connector #011,Material,PTFE fluoropolymer,6
MIL-spec circular connector #011,Material,Aluminium alloy 7075 plate,6
MIL-spec circular connector #011,Material,Beryllium-copper alloy,6
MLCC capacitor #010,Material,Barium titanate dielectric,6
MLCC capacitor #010,Material,Nickel (class 1),6
RF filter (SAW/BAW) #010,Material,Tantalum powder (capacitor grade),6
RF filter (SAW/BAW) #010,Material,Lithium chemicals,6
Multilayer PCB (bare board) #058,Material,FR-4 copper-clad laminate,6
Multilayer PCB (bare board) #058,Material,Copper foil,6
RF filter (SAW/BAW) #006,Material,Tantalum powder (capacitor grade),6
RF filter (SAW/BAW) #006,Material,Lithium chemicals,6
GaAs low-noise amplifier MMIC #015,Material,GaAs substrate wafer,6
GNSS receiver chip #018,Material,Mature-node die (>=28 nm),6
Patch antenna element #030,Material,Copper foil,6
Patch antenna element #030,Material,PTFE fluoropolymer,6
Multilayer PCB (bare board) #030,Material,FR-4 copper-clad laminate,6
Multilayer PCB (bare board) #030,Material,Copper foil,6
Servo actuator #030,Material,Samarium-cobalt magnet,6
Servo actuator #030,Material,Copper magnet wire,6
Servo actuator #030,Material,Ti-6Al-4V mill product,6
Servo actuator #015,Material,Ti-6Al-4V mill product,6
Servo actuator #015,Material,Copper magnet wire,6
Servo actuator #015,Material,Samarium-cobalt magnet,6
Multilayer PCB (bare board) #025,Material,FR-4 copper-clad laminate,6
Multilayer PCB (bare board) #025,Material,Copper foil,6
MIL-spec circular connector #010,Material,Beryllium-copper alloy,6
MIL-spec circular connector #010,Material,Aluminium alloy 7075 plate,6
MIL-spec circular connector #010,Material,PTFE fluoropolymer,6
DC-DC converter module #018,Material,Mature-node die (>=28 nm),6
DC-DC converter module #018,Material,Copper magnet wire,6
Tantalum capacitor #002,Material,Tantalum powder (capacitor grade),6
SiC power MOSFET #005,Material,Silicon carbide substrate,6
SiC power MOSFET #011,Material,Silicon carbide substrate,6
SiC power MOSFET #015,Material,Silicon carbide substrate,6
Coaxial RF cable assembly #020,Material,PTFE fluoropolymer,6
Coaxial RF cable assembly #020,Material,Silver (refined),6
Coaxial RF cable assembly #020,Material,Copper magnet wire,6
MLCC capacitor #040,Material,Nickel (class 1),6
MLCC capacitor #040,Material,Barium titanate dielectric,6
Tantalum capacitor #010,Material,Tantalum powder (capacitor grade),6
Multilayer PCB (bare board) #012,Material,Copper foil,6
Multilayer PCB (bare board) #012,Material,FR-4 copper-clad laminate,6
Coaxial RF cable assembly #027,Material,Silver (refined),6
Coaxial RF cable assembly #027,Material,PTFE fluoropolymer,6
Coaxial RF cable assembly #027,Material,Copper magnet wire,6
MLCC capacitor #018,Material,Nickel (class 1),6
MLCC capacitor #018,Material,Barium titanate dielectric,6
SiC power MOSFET #017,Material,Silicon carbide substrate,6
Brushless DC motor #011,Material,Sintered NdFeB magnet,6
Brushless DC motor #011,Material,Copper magnet wire,6
Brushless DC motor #011,Material,Aluminium alloy 7075 plate,6
Microcontroller #019,Material,Mature-node die (>=28 nm),6
Precision bearing #012,Material,Forging-grade steel,6
Brushless DC motor #026,Material,Sintered NdFeB magnet,6
Brushless DC motor #026,Material,Copper magnet wire,6
Brushless DC motor #026,Material,Aluminium alloy 7075 plate,6
Composite propeller #016,Material,Carbon fiber (PAN-based),6
Composite propeller #016,Material,Epoxy resin,6
Microcontroller #017,Material,Mature-node die (>=28 nm),6
Brushless DC motor #022,Material,Sintered NdFeB magnet,6
Brushless DC motor #022,Material,Copper magnet wire,6
Brushless DC motor #022,Material,Aluminium alloy 7075 plate,6
Composite propeller #007,Material,Epoxy resin,6
Composite propeller #007,Material,Carbon fiber (PAN-based),6
Composite propeller #009,Material,Carbon fiber (PAN-based),6
Composite propeller #009,Material,Epoxy resin,6
SiC power MOSFET #010,Material,Silicon carbide substrate,6
Tantalum capacitor #024,Material,Tantalum powder (capacitor grade),6
Multilayer PCB (bare board) #022,Material,Copper foil,6
Multilayer PCB (bare board) #022,Material,FR-4 copper-clad laminate,6
MLCC capacitor #013,Material,Nickel (class 1),6
MLCC capacitor #013,Material,Barium titanate dielectric,6
Composite propeller #020,Material,Epoxy resin,6
Composite propeller #020,Material,Carbon fiber (PAN-based),6
Brushless DC motor #030,Material,Aluminium alloy 7075 plate,6
Brushless DC motor #030,Material,Copper magnet wire,6
Brushless DC motor #030,Material,Sintered NdFeB magnet,6
Brushless DC motor #028,Material,Aluminium alloy 7075 plate,6
Brushless DC motor #028,Material,Copper magnet wire,6
Brushless DC motor #028,Material,Sintered NdFeB magnet,6
Microcontroller #004,Material,Mature-node die (>=28 nm),6
Li-ion cell (21700) #001,Material,Copper foil,6
Li-ion cell (21700) #001,Material,Lithium chemicals,6
Li-ion cell (21700) #001,Material,NMC cathode material,6
Li-ion cell (21700) #001,Material,Battery-grade graphite anode,6
Multilayer PCB (bare board) #006,Material,Copper foil,6
Multilayer PCB (bare board) #006,Material,FR-4 copper-clad laminate,6
MIL-spec circular connector #028,Material,Beryllium-copper alloy,6
MIL-spec circular connector #028,Material,Aluminium alloy 7075 plate,6
MIL-spec circular connector #028,Material,PTFE fluoropolymer,6
Multilayer PCB (bare board) #048,Material,Copper foil,6
Multilayer PCB (bare board) #048,Material,FR-4 copper-clad laminate,6
MIL-spec circular connector #043,Material,Beryllium-copper alloy,6
MIL-spec circular connector #043,Material,Aluminium alloy 7075 plate,6
MIL-spec circular connector #043,Material,PTFE fluoropolymer,6
Fiber-optic gyro coil #010,Material,Optical fiber preform,6
Quartz crystal oscillator #014,Mineral,Quartz (silica),6
Microcontroller #031,Material,Mature-node die (>=28 nm),6
MEMS gyroscope #008,Material,Silicon wafer (300 mm),6
MEMS gyroscope #008,Material,Mature-node die (>=28 nm),6
Quartz crystal oscillator #025,Mineral,Quartz (silica),6
Fiber-optic gyro coil #009,Material,Optical fiber preform,6
MEMS gyroscope #019,Material,Silicon wafer (300 mm),6
MEMS gyroscope #019,Material,Mature-node die (>=28 nm),6
Fiber-optic gyro coil #005,Material,Optical fiber preform,6
MEMS gyroscope #013,Material,Mature-node die (>=28 nm),6
MEMS gyroscope #013,Material,Silicon wafer (300 mm),6
Fiber-optic gyro coil #007,Material,Optical fiber preform,6
Quartz crystal oscillator #016,Mineral,Quartz (silica),6
Microcontroller #007,Material,Mature-node die (>=28 nm),6
Fiber-optic gyro coil #008,Material,Optical fiber preform,6
Quartz crystal oscillator #021,Mineral,Quartz (silica),6
Microcontroller #020,Material,Mature-node die (>=28 nm),6
Thermal battery #003,Material,Thermal battery salts,6
Thermal battery #011,Material,Thermal battery salts,6
Multilayer PCB (bare board) #015,Material,FR-4 copper-clad laminate,6
Multilayer PCB (bare board) #015,Material,Copper foil,6
MIL-spec circular connector #039,Material,PTFE fluoropolymer,6
MIL-spec circular connector #039,Material,Aluminium alloy 7075 plate,6
MIL-spec circular connector #039,Material,Beryllium-copper alloy,6
Li-ion cell (21700) #005,Material,NMC cathode material,6
Li-ion cell (21700) #005,Material,Battery-grade graphite anode,6
Li-ion cell (21700) #005,Material,Lithium chemicals,6
Li-ion cell (21700) #005,Material,Copper foil,6
T/R module (phased array) #007,Material,GaN-on-SiC epitaxial wafer,6
T/R module (phased array) #007,Material,GaAs substrate wafer,6
T/R module (phased array) #007,Material,Aluminium alloy 7075 plate,6
Coaxial RF cable assembly #028,Material,Silver (refined),6
Coaxial RF cable assembly #028,Material,PTFE fluoropolymer,6
Coaxial RF cable assembly #028,Material,Copper magnet wire,6
FPGA (rad-tolerant) #015,Material,Advanced-node logic die,6
FPGA (rad-tolerant) #015,Material,FR-4 copper-clad laminate,6
Aluminium structural frame #040,Material,Aluminium alloy 7075 plate,6
Patch antenna element #021,Material,PTFE fluoropolymer,6
Patch antenna element #021,Material,Copper foil,6
Aluminium structural frame #024,Material,Aluminium alloy 7075 plate,6
Multilayer PCB (bare board) #027,Material,Copper foil,6
Multilayer PCB (bare board) #027,Material,FR-4 copper-clad laminate,6
GaN power amplifier MMIC #026,Material,GaN-on-SiC epitaxial wafer,6
FPGA (rad-tolerant) #014,Material,FR-4 copper-clad laminate,6
FPGA (rad-tolerant) #014,Material,Advanced-node logic die,6
T/R module (phased array) #018,Material,GaN-on-SiC epitaxial wafer,6
T/R module (phased array) #018,Material,GaAs substrate wafer,6
T/R module (phased array) #018,Material,Aluminium alloy 7075 plate,6
T/R module (phased array) #013,Material,Aluminium alloy 7075 plate,6
T/R module (phased array) #013,Material,GaAs substrate wafer,6
T/R module (phased array) #013,Material,GaN-on-SiC epitaxial wafer,6
Patch antenna element #010,Material,Copper foil,6
Patch antenna element #010,Material,PTFE fluoropolymer,6
FPGA (rad-tolerant) #002,Material,Advanced-node logic die,6
FPGA (rad-tolerant) #002,Material,FR-4 copper-clad laminate,6
T/R module (phased array) #015,Material,Aluminium alloy 7075 plate,6
T/R module (phased array) #015,Material,GaAs substrate wafer,6
T/R module (phased array) #015,Material,GaN-on-SiC epitaxial wafer,6
Coaxial RF cable assembly #007,Material,Copper magnet wire,6
Coaxial RF cable assembly #007,Material,PTFE fluoropolymer,6
Coaxial RF cable assembly #007,Material,Silver (refined),6
T/R module (phased array) #005,Material,GaN-on-SiC epitaxial wafer,6
T/R module (phased array) #005,Material,GaAs substrate wafer,6
T/R module (phased array) #005,Material,Aluminium alloy 7075 plate,6
T/R module (phased array) #008,Material,GaN-on-SiC epitaxial wafer,6
T/R module (phased array) #008,Material,GaAs substrate wafer,6
T/R module (phased array) #008,Material,Aluminium alloy 7075 plate,6
FPGA (rad-tolerant) #009,Material,FR-4 copper-clad laminate,6
FPGA (rad-tolerant) #009,Material,Advanced-node logic die,6
Aluminium structural frame #003,Material,Aluminium alloy 7075 plate,6
FPGA (rad-tolerant) #012,Material,Advanced-node logic die,6
FPGA (rad-tolerant) #012,Material,FR-4 copper-clad laminate,6
T/R module (phased array) #020,Material,Aluminium alloy 7075 plate,6
T/R module (phased array) #020,Material,GaN-on-SiC epitaxial wafer,6
T/R module (phased array) #020,Material,GaAs substrate wafer,6
FPGA (rad-tolerant) #008,Material,FR-4 copper-clad laminate,6
FPGA (rad-tolerant) #008,Material,Advanced-node logic die,6
Patch antenna element #008,Material,Copper foil,6
Patch antenna element #008,Material,PTFE fluoropolymer,6
Quartz crystal oscillator #010,Mineral,Quartz (silica),6
MLCC capacitor #044,Material,Barium titanate dielectric,6
MLCC capacitor #044,Material,Nickel (class 1),6
Patch antenna element #019,Material,PTFE fluoropolymer,6
Patch antenna element #019,Material,Copper foil,6
Aramid ballistic fabric #019,Material,Aramid fiber,6
UHMWPE ballistic panel #009,Material,UHMWPE fiber,6
Armor steel plate (cut) #005,Material,Armor steel plate,6
Boron carbide armor tile #010,Material,Boron carbide ceramic,6
Armor steel plate (cut) #016,Material,Armor steel plate,6
Aramid ballistic fabric #013,Material,Aramid fiber,6
Boron carbide armor tile #006,Material,Boron carbide ceramic,6
UHMWPE ballistic panel #012,Material,UHMWPE fiber,6
Boron carbide armor tile #003,Material,Boron carbide ceramic,6
Aramid ballistic fabric #011,Material,Aramid fiber,6
UHMWPE ballistic panel #015,Material,UHMWPE fiber,6
Armor steel plate (cut) #014,Material,Armor steel plate,6
Boron carbide armor tile #001,Material,Boron carbide ceramic,6
Aluminium structural frame #020,Material,Aluminium alloy 7075 plate,6
Boron carbide armor tile #007,Material,Boron carbide ceramic,6
Armor steel plate (cut) #010,Material,Armor steel plate,6
Aramid ballistic fabric #014,Material,Aramid fiber,6
Aramid ballistic fabric #002,Material,Aramid fiber,6
UHMWPE ballistic panel #002,Material,UHMWPE fiber,6
FPGA (rad-tolerant) #023,Material,Advanced-node logic die,6
FPGA (rad-tolerant) #023,Material,FR-4 copper-clad laminate,6
Coaxial RF cable assembly #009,Material,Copper magnet wire,6
Coaxial RF cable assembly #009,Material,PTFE fluoropolymer,6
Coaxial RF cable assembly #009,Material,Silver (refined),6
T/R module (phased array) #016,Material,Aluminium alloy 7075 plate,6
T/R module (phased array) #016,Material,GaAs substrate wafer,6
T/R module (phased array) #016,Material,GaN-on-SiC epitaxial wafer,6
FPGA (rad-tolerant) #018,Material,Advanced-node logic die,6
FPGA (rad-tolerant) #018,Material,FR-4 copper-clad laminate,6
GaN power amplifier MMIC #017,Material,GaN-on-SiC epitaxial wafer,6
Patch antenna element #003,Material,Copper foil,6
Patch antenna element #003,Material,PTFE fluoropolymer,6
GaAs low-noise amplifier MMIC #008,Material,GaAs substrate wafer,6
Patch antenna element #009,Material,PTFE fluoropolymer,6
Patch antenna element #009,Material,Copper foil,6
MLCC capacitor #030,Material,Nickel (class 1),6
MLCC capacitor #030,Material,Barium titanate dielectric,6
FPGA (rad-tolerant) #019,Material,FR-4 copper-clad laminate,6
FPGA (rad-tolerant) #019,Material,Advanced-node logic die,6
GaAs low-noise amplifier MMIC #012,Material,GaAs substrate wafer,6
MLCC capacitor #014,Material,Nickel (class 1),6
MLCC capacitor #014,Material,Barium titanate dielectric,6
Germanium IR lens #026,Material,Germanium optical blank,6
Laser diode (GaAs) #014,Material,GaAs substrate wafer,6
DC-DC converter module #004,Material,Copper magnet wire,6
DC-DC converter module #004,Material,Mature-node die (>=28 nm),6
Laser diode (GaAs) #008,Material,GaAs substrate wafer,6
Germanium IR lens #003,Material,Germanium optical blank,6
Image intensifier tube #006,Material,Alumina,6
Image intensifier tube #006,Material,GaAs substrate wafer,6
InSb IR focal-plane array #011,Material,Advanced-node logic die,6
InSb IR focal-plane array #011,Material,Indium antimonide wafer,6
Image intensifier tube #009,Material,Alumina,6
Image intensifier tube #009,Material,GaAs substrate wafer,6
Battery management IC #012,Material,Mature-node die (>=28 nm),6
Image intensifier tube #005,Material,Alumina,6
Image intensifier tube #005,Material,GaAs substrate wafer,6
Laser diode (GaAs) #010,Material,GaAs substrate wafer,6
Germanium IR lens #018,Material,Germanium optical blank,6
Microcontroller #016,Material,Mature-node die (>=28 nm),6
Germanium IR lens #025,Material,Germanium optical blank,6
Diesel engine block #010,Material,Aluminium alloy 7075 plate,6
Diesel engine block #010,Material,Forging-grade steel,6
Armor steel plate (cut) #012,Material,Armor steel plate,6
Precision bearing #025,Material,Forging-grade steel,6
Steel forging #022,Material,Forging-grade steel,6
Turbocharger #009,Material,Inconel 718 (Ni superalloy),6
Fluoroelastomer seal kit #014,Material,PTFE fluoropolymer,6
Steel forging #021,Material,Forging-grade steel,6
Fluoroelastomer seal kit #030,Material,PTFE fluoropolymer,6
Servo actuator #029,Material,Samarium-cobalt magnet,6
Servo actuator #029,Material,Copper magnet wire,6
Servo actuator #029,Material,Ti-6Al-4V mill product,6
Fluoroelastomer seal kit #018,Material,PTFE fluoropolymer,6
Steel forging #002,Material,Forging-grade steel,6
Single-base propellant charge #003,Material,Nitrocellulose,6
Forged shell body #003,Material,Forging-grade steel,6
Main charge (RDX/TNT fill) #005,Material,RDX / HMX,6
Main charge (RDX/TNT fill) #005,Material,TNT,6
Forged shell body #001,Material,Forging-grade steel,6
Percussion primer / tracer #015,Material,Antimony trisulfide,6
Percussion primer / tracer #015,Material,Lead azide / lead styphnate,6
Single-base propellant charge #018,Material,Nitrocellulose,6
Percussion primer / tracer #019,Material,Antimony trisulfide,6
Percussion primer / tracer #019,Material,Lead azide / lead styphnate,6
Forged shell body #011,Material,Forging-grade steel,6
Main charge (RDX/TNT fill) #020,Material,TNT,6
Main charge (RDX/TNT fill) #020,Material,RDX / HMX,6
Single-base propellant charge #013,Material,Nitrocellulose,6
Percussion primer / tracer #020,Material,Antimony trisulfide,6
Percussion primer / tracer #020,Material,Lead azide / lead styphnate,6
Forged shell body #006,Material,Forging-grade steel,6
Servo actuator #014,Material,Samarium-cobalt magnet,6
Servo actuator #014,Material,Ti-6Al-4V mill product,6
Servo actuator #014,Material,Copper magnet wire,6
Microcontroller #003,Material,Mature-node die (>=28 nm),6
Forged shell body #013,Material,Forging-grade steel,6
Single-base propellant charge #009,Material,Nitrocellulose,6
Fuze electronics module #007,Material,Tantalum powder (capacitor grade),6
Fuze electronics module #007,Material,Mature-node die (>=28 nm),6
Single-base propellant charge #019,Material,Nitrocellulose,6
Main charge (RDX/TNT fill) #008,Material,RDX / HMX,6
Main charge (RDX/TNT fill) #008,Material,TNT,6
Forged shell body #007,Material,Forging-grade steel,6
Single-base propellant charge #001,Material,Nitrocellulose,6
Glass-composite radome #010,Material,E-glass fiber,6
Glass-composite radome #010,Material,Epoxy resin,6
Titanium fastener kit #011,Material,Ti-6Al-4V mill product,6
Carbon-fiber airframe panel #002,Material,Epoxy resin,6
Carbon-fiber airframe panel #002,Material,Carbon fiber (PAN-based),6
Carbon-fiber airframe panel #039,Material,Carbon fiber (PAN-based),6
Carbon-fiber airframe panel #039,Material,Epoxy resin,6
Catalytic / PGM sensor #003,Material,Platinum group metals (refined),6
Diesel engine block #006,Material,Forging-grade steel,6
Diesel engine block #006,Material,Aluminium alloy 7075 plate,6
Steel forging #019,Material,Forging-grade steel,6
Laser diode (GaAs) #011,Material,GaAs substrate wafer,6
Germanium IR lens #029,Material,Germanium optical blank,6
Laser diode (GaAs) #002,Material,GaAs substrate wafer,6
Percussion primer / tracer #007,Material,Antimony trisulfide,6
Percussion primer / tracer #007,Material,Lead azide / lead styphnate,6
Quartz crystal oscillator #029,Mineral,Quartz (silica),6
Quartz crystal oscillator #026,Mineral,Quartz (silica),6
RF filter (SAW/BAW) #018,Material,Lithium chemicals,6
RF filter (SAW/BAW) #018,Material,Tantalum powder (capacitor grade),6
GNSS receiver chip #010,Material,Mature-node die (>=28 nm),6
Glass-composite radome #001,Material,E-glass fiber,6
Glass-composite radome #001,Material,Epoxy resin,6
Fuel injector #013,Material,Molybdenum oxide,6
Fuel injector #013,Material,Forging-grade steel,6
Turbocharger #003,Material,Inconel 718 (Ni superalloy),6
Catalytic / PGM sensor #012,Material,Platinum group metals (refined),6
Fuel injector #007,Material,Molybdenum oxide,6
Fuel injector #007,Material,Forging-grade steel,6
Diesel engine block #009,Material,Aluminium alloy 7075 plate,6
Diesel engine block #009,Material,Forging-grade steel,6
Fuel injector #009,Material,Forging-grade steel,6
Fuel injector #009,Material,Molybdenum oxide,6
Turbocharger #002,Material,Inconel 718 (Ni superalloy),6
Catalytic / PGM sensor #002,Material,Platinum group metals (refined),6
Fuel injector #003,Material,Forging-grade steel,6
Fuel injector #003,Material,Molybdenum oxide,6
Fuel injector #010,Material,Forging-grade steel,6
Fuel injector #010,Material,Molybdenum oxide,6
Catalytic / PGM sensor #008,Material,Platinum group metals (refined),6
Turbocharger #013,Material,Inconel 718 (Ni superalloy),6
Steel forging #007,Material,Forging-grade steel,6
Microcontroller #014,Material,Mature-node die (>=28 nm),6
MEMS gyroscope #015,Material,Mature-node die (>=28 nm),6
MEMS gyroscope #015,Material,Silicon wafer (300 mm),6
Fiber-optic gyro coil #013,Material,Optical fiber preform,6
MEMS gyroscope #006,Material,Mature-node die (>=28 nm),6
MEMS gyroscope #006,Material,Silicon wafer (300 mm),6
MEMS gyroscope #001,Material,Silicon wafer (300 mm),6
MEMS gyroscope #001,Material,Mature-node die (>=28 nm),6
Uncooled microbolometer #020,Material,Vanadium oxide thin film,6
Uncooled microbolometer #020,Material,Silicon wafer (300 mm),6
Aluminium structural frame #009,Material,Aluminium alloy 7075 plate,6
Sapphire dome / window #004,Material,Sapphire window blank,6
Uncooled microbolometer #011,Material,Vanadium oxide thin film,6
Uncooled microbolometer #011,Material,Silicon wafer (300 mm),6
Germanium IR lens #020,Material,Germanium optical blank,6
Laser diode (GaAs) #016,Material,GaAs substrate wafer,6
Germanium IR lens #016,Material,Germanium optical blank,6
Laser diode (GaAs) #023,Material,GaAs substrate wafer,6
Detonator #019,Material,Copper cathode,6
Detonator #019,Material,Lead azide / lead styphnate,6
Tungsten preformed fragments #002,Material,Tungsten heavy alloy,6
Main charge (RDX/TNT fill) #016,Material,RDX / HMX,6
Main charge (RDX/TNT fill) #016,Material,TNT,6
Detonator #013,Material,Lead azide / lead styphnate,6
Detonator #013,Material,Copper cathode,6
Fuze electronics module #012,Material,Tantalum powder (capacitor grade),6
Fuze electronics module #012,Material,Mature-node die (>=28 nm),6
Main charge (RDX/TNT fill) #010,Material,TNT,6
Main charge (RDX/TNT fill) #010,Material,RDX / HMX,6
MIL-spec circular connector #044,Material,PTFE fluoropolymer,6
MIL-spec circular connector #044,Material,Aluminium alloy 7075 plate,6
MIL-spec circular connector #044,Material,Beryllium-copper alloy,6
MIL-spec circular connector #015,Material,PTFE fluoropolymer,6
MIL-spec circular connector #015,Material,Beryllium-copper alloy,6
MIL-spec circular connector #015,Material,Aluminium alloy 7075 plate,6
Multilayer PCB (bare board) #021,Material,Copper foil,6
Multilayer PCB (bare board) #021,Material,FR-4 copper-clad laminate,6
MIL-spec circular connector #007,Material,PTFE fluoropolymer,6
MIL-spec circular connector #007,Material,Aluminium alloy 7075 plate,6
MIL-spec circular connector #007,Material,Beryllium-copper alloy,6
Multilayer PCB (bare board) #036,Material,FR-4 copper-clad laminate,6
Multilayer PCB (bare board) #036,Material,Copper foil,6
Multilayer PCB (bare board) #051,Material,FR-4 copper-clad laminate,6
Multilayer PCB (bare board) #051,Material,Copper foil,6
Tantalum capacitor #020,Material,Tantalum powder (capacitor grade),6
RF filter (SAW/BAW) #030,Material,Lithium chemicals,6
RF filter (SAW/BAW) #030,Material,Tantalum powder (capacitor grade),6
GNSS receiver chip #017,Material,Mature-node die (>=28 nm),6
Patch antenna element #002,Material,PTFE fluoropolymer,6
Patch antenna element #002,Material,Copper foil,6
GaAs low-noise amplifier MMIC #022,Material,GaAs substrate wafer,6
Patch antenna element #007,Material,Copper foil,6
Patch antenna element #007,Material,PTFE fluoropolymer,6
GaAs low-noise amplifier MMIC #001,Material,GaAs substrate wafer,6
T/R module (phased array) #003,Material,Aluminium alloy 7075 plate,6
T/R module (phased array) #003,Material,GaAs substrate wafer,6
T/R module (phased array) #003,Material,GaN-on-SiC epitaxial wafer,6
Patch antenna element #004,Material,Copper foil,6
Patch antenna element #004,Material,PTFE fluoropolymer,6
Aluminium structural frame #026,Material,Aluminium alloy 7075 plate,6
T/R module (phased array) #019,Material,GaAs substrate wafer,6
T/R module (phased array) #019,Material,Aluminium alloy 7075 plate,6
T/R module (phased array) #019,Material,GaN-on-SiC epitaxial wafer,6
GaAs low-noise amplifier MMIC #003,Material,GaAs substrate wafer,6
GaN power amplifier MMIC #022,Material,GaN-on-SiC epitaxial wafer,6
Patch antenna element #023,Material,Copper foil,6
Patch antenna element #023,Material,PTFE fluoropolymer,6
T/R module (phased array) #014,Material,Aluminium alloy 7075 plate,6
T/R module (phased array) #014,Material,GaN-on-SiC epitaxial wafer,6
T/R module (phased array) #014,Material,GaAs substrate wafer,6
Patch antenna element #027,Material,PTFE fluoropolymer,6
Patch antenna element #027,Material,Copper foil,6
Laser diode (GaAs) #020,Material,GaAs substrate wafer,6
Patch antenna element #029,Material,Copper foil,6
Patch antenna element #029,Material,PTFE fluoropolymer,6
MEMS gyroscope #009,Material,Silicon wafer (300 mm),6
MEMS gyroscope #009,Material,Mature-node die (>=28 nm),6
SiC power MOSFET #016,Material,Silicon carbide substrate,6
Brushless DC motor #029,Material,Sintered NdFeB magnet,6
Brushless DC motor #029,Material,Copper magnet wire,6
Brushless DC motor #029,Material,Aluminium alloy 7075 plate,6
MLCC capacitor #050,Material,Nickel (class 1),6
MLCC capacitor #050,Material,Barium titanate dielectric,6
Composite propeller #013,Material,Carbon fiber (PAN-based),6
Composite propeller #013,Material,Epoxy resin,6
Composite propeller #008,Material,Epoxy resin,6
Composite propeller #008,Material,Carbon fiber (PAN-based),6
Brushless DC motor #009,Material,Aluminium alloy 7075 plate,6
Brushless DC motor #009,Material,Copper magnet wire,6
Brushless DC motor #009,Material,Sintered NdFeB magnet,6
Composite propeller #004,Material,Carbon fiber (PAN-based),6
Composite propeller #004,Material,Epoxy resin,6
Brushless DC motor #003,Material,Aluminium alloy 7075 plate,6
Brushless DC motor #003,Material,Copper magnet wire,6
Brushless DC motor #003,Material,Sintered NdFeB magnet,6
Tantalum capacitor #016,Material,Tantalum powder (capacitor grade),6
SiC power MOSFET #020,Material,Silicon carbide substrate,6
MIL-spec circular connector #023,Material,Beryllium-copper alloy,6
MIL-spec circular connector #023,Material,Aluminium alloy 7075 plate,6
MIL-spec circular connector #023,Material,PTFE fluoropolymer,6
Detonator #016,Material,Copper cathode,6
Detonator #016,Material,Lead azide / lead styphnate,6
Tungsten preformed fragments #005,Material,Tungsten heavy alloy,6
Multilayer PCB (bare board) #052,Material,Copper foil,6
Multilayer PCB (bare board) #052,Material,FR-4 copper-clad laminate,6
Servo actuator #006,Material,Ti-6Al-4V mill product,6
Servo actuator #006,Material,Copper magnet wire,6
Servo actuator #006,Material,Samarium-cobalt magnet,6
Glass-composite radome #018,Material,Epoxy resin,6
Glass-composite radome #018,Material,E-glass fiber,6
Filament-wound motor case #007,Material,Carbon fiber (PAN-based),6
Filament-wound motor case #007,Material,Epoxy resin,6
Nozzle throat insert #005,Material,Carbon fiber (PAN-based),6
Nozzle throat insert #005,Material,Tungsten heavy alloy,6
Igniter (BKNO3) #014,Material,Boron (refined),6
Igniter (BKNO3) #014,Material,Lead azide / lead styphnate,6
Nozzle throat insert #010,Material,Carbon fiber (PAN-based),6
Nozzle throat insert #010,Material,Tungsten heavy alloy,6
Igniter (BKNO3) #010,Material,Lead azide / lead styphnate,6
Igniter (BKNO3) #010,Material,Boron (refined),6
Composite propellant grain #019,Material,Ammonium perchlorate,6
Composite propellant grain #019,Material,HTPB binder,6
Composite propellant grain #019,Material,Aluminium powder (atomized),6
Igniter (BKNO3) #005,Material,Lead azide / lead styphnate,6
Igniter (BKNO3) #005,Material,Boron (refined),6
Composite propellant grain #006,Material,Ammonium perchlorate,6
Composite propellant grain #006,Material,HTPB binder,6
Composite propellant grain #006,Material,Aluminium powder (atomized),6
Filament-wound motor case #003,Material,Epoxy resin,6
Filament-wound motor case #003,Material,Carbon fiber (PAN-based),6
Filament-wound motor case #015,Material,Carbon fiber (PAN-based),6
Filament-wound motor case #015,Material,Epoxy resin,6
Igniter (BKNO3) #004,Material,Lead azide / lead styphnate,6
Igniter (BKNO3) #004,Material,Boron (refined),6
Filament-wound motor case #010,Material,Epoxy resin,6
Filament-wound motor case #010,Material,Carbon fiber (PAN-based),6
Composite propellant grain #012,Material,HTPB binder,6
Composite propellant grain #012,Material,Ammonium perchlorate,6
Composite propellant grain #012,Material,Aluminium powder (atomized),6
Igniter (BKNO3) #002,Material,Boron (refined),6
Igniter (BKNO3) #002,Material,Lead azide / lead styphnate,6
Nozzle throat insert #006,Material,Carbon fiber (PAN-based),6
Nozzle throat insert #006,Material,Tungsten heavy alloy,6
Multilayer PCB (bare board) #041,Material,FR-4 copper-clad laminate,6
Multilayer PCB (bare board) #041,Material,Copper foil,6
Thick-film resistor #041,Material,Silver (refined),6
Thick-film resistor #041,Material,Alumina,6
Quartz crystal oscillator #023,Mineral,Quartz (silica),6
Main charge (RDX/TNT fill) #015,Material,RDX / HMX,6
Main charge (RDX/TNT fill) #015,Material,TNT,6
Tungsten preformed fragments #008,Material,Tungsten heavy alloy,6
Armor steel plate,Material,Molybdenum oxide,7
Armor steel plate,Material,Nickel (class 1),7
Armor steel plate,Material,Ferrochrome,7
Armor steel plate,Material,Iron (pig iron),7
Boron carbide ceramic,Mineral,Crude oil,7
Boron carbide ceramic,Material,Boron (refined),7
UHMWPE fiber,Mineral,Crude oil,7
Ti-6Al-4V mill product,Material,Ferrovanadium,7
Ti-6Al-4V mill product,Material,Titanium sponge,7
Ti-6Al-4V mill product,Material,Primary aluminium,7
Aramid fiber,Mineral,Crude oil,7
Aluminium alloy 7075 plate,Material,Primary aluminium,7
Aluminium alloy 7075 plate,Material,Zinc (refined),7
Aluminium alloy 7075 plate,Material,Copper cathode,7
PTFE fluoropolymer,Mineral,Fluorspar,7
PTFE fluoropolymer,Mineral,Crude oil,7
Carbon fiber (PAN-based),Material,Acrylonitrile (PAN precursor),7
Epoxy resin,Mineral,Crude oil,7
Forging-grade steel,Material,Manganese (high-purity),7
Forging-grade steel,Material,Ferrovanadium,7
Forging-grade steel,Material,Iron (pig iron),7
Molybdenum oxide,Mineral,Molybdenite,7
Platinum group metals (refined),Mineral,PGM ore,7
Inconel 718 (Ni superalloy),Material,Nickel (class 1),7
Inconel 718 (Ni superalloy),Material,Ferrochrome,7
Inconel 718 (Ni superalloy),Material,Ferroniobium,7
Inconel 718 (Ni superalloy),Material,Molybdenum oxide,7
Mature-node die (>=28 nm),Material,Silicon wafer (300 mm),7
Samarium-cobalt magnet,Material,Rare earth oxides (separated),7
Samarium-cobalt magnet,Material,Cobalt (refined),7
Copper magnet wire,Material,Copper cathode,7
Barium titanate dielectric,Mineral,Titanium mineral sands,7
Nickel (class 1),Mineral,Nickel ore,7
Advanced-node logic die,Material,Silicon wafer (300 mm),7
Advanced-node logic die,Material,Copper cathode,7
Alumina,Mineral,Bauxite,7
Silver (refined),Mineral,Silver ore,7
Tantalum powder (capacitor grade),Mineral,Coltan (tantalum ore),7
SAC305 solder alloy,Material,Copper cathode,7
SAC305 solder alloy,Material,Silver (refined),7
SAC305 solder alloy,Material,Tin (refined),7
FR-4 copper-clad laminate,Material,Epoxy resin,7
FR-4 copper-clad laminate,Material,E-glass fiber,7
FR-4 copper-clad laminate,Material,Copper foil,7
Copper foil,Material,Copper cathode,7
GaAs substrate wafer,Material,High-purity gallium (6N),7
Germanium optical blank,Material,Germanium (refined),7
Indium antimonide wafer,Material,Antimony metal / trioxide,7
Indium antimonide wafer,Material,Indium (refined),7
Silicon wafer (300 mm),Material,Polysilicon (electronic grade),7
Vanadium oxide thin film,Material,Ferrovanadium,7
Beryllium-copper alloy,Material,Copper cathode,7
Beryllium-copper alloy,Mineral,Beryl / bertrandite,7
Sapphire window blank,Material,Alumina,7
NMC cathode material,Material,Lithium chemicals,7
NMC cathode material,Material,Cobalt (refined),7
NMC cathode material,Material,Nickel (class 1),7
NMC cathode material,Material,Manganese (high-purity),7
Battery-grade graphite anode,Mineral,Natural graphite,7
Lithium chemicals,Mineral,Lithium ore,7
Silicon carbide substrate,Material,Silicon metal,7
Thermal battery salts,Material,Lithium chemicals,7
Thermal battery salts,Mineral,Rock salt / brine,7
RDX / HMX,Material,Hexamine,7
RDX / HMX,Material,Nitric acid,7
TNT,Material,Toluene,7
TNT,Material,Nitric acid,7
Antimony trisulfide,Material,Antimony metal / trioxide,7
Lead azide / lead styphnate,Material,Nitric acid,7
Lead azide / lead styphnate,Material,Lead (refined),7
Nitrocellulose,Material,Cotton linters (purified),7
Nitrocellulose,Material,Nitric acid,7
GaN-on-SiC epitaxial wafer,Material,High-purity gallium (6N),7
GaN-on-SiC epitaxial wafer,Material,Silicon carbide substrate,7
E-glass fiber,Mineral,Quartz (silica),7
E-glass fiber,Mineral,Borate ore,7
Optical fiber preform,Mineral,Quartz (silica),7
Optical fiber preform,Material,Germanium (refined),7
Tungsten heavy alloy,Material,Iron (pig iron),7
Tungsten heavy alloy,Material,Nickel (class 1),7
Tungsten heavy alloy,Material,Tungsten carbide powder,7
Copper cathode,Mineral,Copper ore,7
Ammonium perchlorate,Material,Sodium chlorate,7
Ammonium perchlorate,Material,Ammonia,7
Aluminium powder (atomized),Material,Primary aluminium,7
HTPB binder,Mineral,Crude oil,7
Boron (refined),Mineral,Borate ore,7
Sintered NdFeB magnet,Material,NdFeB magnet alloy,7
Ferrochrome,Mineral,Chromite,8
Iron (pig iron),Mineral,Iron ore,8
Ferrovanadium,Mineral,Vanadiferous magnetite,8
Titanium sponge,Mineral,Titanium mineral sands,8
Primary aluminium,Material,Alumina,8
Zinc (refined),Mineral,Zinc ore,8
Acrylonitrile (PAN precursor),Mineral,Natural gas,8
Acrylonitrile (PAN precursor),Mineral,Crude oil,8
Manganese (high-purity),Mineral,Manganese ore,8
Ferroniobium,Mineral,Pyrochlore (niobium ore),8
Rare earth oxides (separated),Mineral,Rare earth ore,8
Cobalt (refined),Mineral,Cobalt ore,8
Tin (refined),Mineral,Tin ore,8
High-purity gallium (6N),Material,Primary gallium,8
Germanium (refined),Mineral,Zinc ore,8
Antimony metal / trioxide,Mineral,Antimony ore,8
Indium (refined),Mineral,Zinc ore,8
Polysilicon (electronic grade),Material,Silicon metal,8
Silicon metal,Mineral,Quartz (silica),8
Hexamine,Mineral,Natural gas,8
Hexamine,Material,Ammonia,8
Nitric acid,Material,Ammonia,8
Toluene,Mineral,Crude oil,8
Lead (refined),Mineral,Lead ore,8
Cotton linters (purified),Mineral,Cotton,8
Tungsten carbide powder,Mineral,Tungsten ore,8
Sodium chlorate,Mineral,Rock salt / brine,8
Ammonia,Mineral,Natural gas,8
NdFeB magnet alloy,Material,Rare earth oxides (separated),8
NdFeB magnet alloy,Material,Boron (refined),8
NdFeB magnet alloy,Material,Iron (pig iron),8
